Title,Price,Rating,Address,Img_URL,Description,Rank_of_province,Link_OutDoor
Phoenix Golf Resort,-1,4.5,-1,-1,"Dans un cadre magnifique câ€™est un parcours Ã  faire, un bÃ©mol pas dâ€™horaires de dÃ©part (on part quand on arrive...câ€™est un peu lâ€™usine) et les fameux Â« tips Â» pour les caddy.
Quelques problÃ¨mes pour se faire comprendre en anglais...
Mais un magnifique parcours que nous avons fait dans les meilleures conditions climatiques possible.",Sá»‘ 1 trÃªn 1 Hoáº¡t Ä‘á»™ng ngoÃ i trá»i á»Ÿ LÆ°Æ¡ng SÆ¡n,https://www.tripadvisor.com.vn/Attraction_Review-g1448450-d13534114-Reviews-Phoenix_Golf_Resort-Luong_Son_Hoa_Binh_Province.html
Phong Nha Heritage Trekkings,-1,5.0,-1,-1,"QuÃ¡ báº¥t ngá» vá»›i váº½ Ä‘áº¹p cá»§a thiÃªn nhiÃªn Ä‘Ã£ ban táº·ng. Hang Ã” RÃ´ vÃ  Hang HoÃ n Má»¹ quÃ¡ Ä‘áº¹p, tháº¡ch nhÅ© Ä‘áº¹p tá»± nhiÃªn vÃ  sÃ¡ng Ã³ng Ã¡nh, ngoÃ i ra cÃ³ khu Camping cá»±c chill bÃªn bá» suá»‘i Ä‘Æ°á»£c hoÃ  mÃ¬nh vÃ o vá»›i thiÃªn nhiÃªn cáº£m giÃ¡c ráº¥t tuyá»‡t vá»i. Má»™t tráº£i nghiá»‡m Ä‘Ã¡ng nhá»›",Sá»‘ 17 trÃªn 33 Hoáº¡t Ä‘á»™ng ngoÃ i trá»i á»Ÿ ÄÃ´Ì€ng HÆ¡Ìi,https://www.tripadvisor.com.vn/Attraction_Review-g659924-d25550332-Reviews-Phong_Nha_Heritage_Trekkings-Dong_Hoi_Quang_Binh_Province.html
Vietnam Adventure Trekking,-1,5.0,-1,-1,"Time is short but full of meaning. We spent time together with local people, experiencing local transportation, enjoying local foods...esp the time with real nature.",Sá»‘ 192 trÃªn 424 Hoáº¡t Ä‘á»™ng ngoÃ i trá»i á»Ÿ ThÃ nh phá»‘ Há»“ ChÃ­ Minh,https://www.tripadvisor.com.vn/Attraction_Review-g293925-d21265500-Reviews-Vietnam_Adventure_Trekking-Ho_Chi_Minh_City.html
CÃ´ng ty du lá»‹ch CloudTour,-1,5.0,-1,https://dynamic-media-cdn.tripadvisor.com/media/photo-o/28/ee/49/19/tour-d-ng-thap-da-n-ng.jpg?w=1200&h=900&s=1,"I'm just come back to Viet Nam, and i gone to in Da Nang. I have happy time with my girl friend in there. Thank Cloudtour very much, I will come back in the future and of course i will call you again",Sá»‘ 30 trÃªn 88 Chuyáº¿n tham quan báº±ng thuyá»n & thá»ƒ thao dÆ°á»›i nÆ°á»›c á»Ÿ ÄaÌ€ NÄƒÌƒng,https://www.tripadvisor.com.vn/Attraction_Review-g298085-d8472022-Reviews-ClourTour-Da_Nang.html
MerPerle Sparkling Waves,-1,3.0,-1,-1,"TÃ´i lÃ  HDV du lá»‹ch Nha Trang dáº«n khÃ¡ch Ä‘áº¿n HÃ²n Táº±m cáº£m tháº¥y phá»¥c vá»¥ ráº¥t OK , bÃ£i biá»ƒn phong cáº£nh Ä‘áº¹p , Äƒn uá»‘ng dá»‹ch vá»¥ thoáº£i mÃ¡i . ÄÆ°á»£c gáº·p nhiá»u nhÃ¢n viÃªn thÃ¢n thiá»‡n tá»« lá»… TÃ¢n dáº¿n nv phá»¥c vá»¥ NH , nháº¥t lÃ  nv CSKH nhÆ° chá»‹ Nhung.",Sá»‘ 66 trÃªn 142 Chuyáº¿n tham quan báº±ng thuyá»n & thá»ƒ thao dÆ°á»›i nÆ°á»›c á»Ÿ Nha Trang,https://www.tripadvisor.com.vn/Attraction_Review-g293928-d8141293-Reviews-MerPerle_Sparkling_Waves-Nha_Trang_Khanh_Hoa_Province.html
Vietnam Group Travel and Tours,-1,4.5,-1,-1,-1,Sá»‘ 44 trÃªn 135 Vui chÆ¡i & Giáº£i trÃ­ á»Ÿ HÃ  Ná»™i,https://www.tripadvisor.com.vn/Attraction_Review-g293924-d17847898-Reviews-Vietnam_Group_Travel_and_Tours-Hanoi.html
Trust Travel Vietnam,-1,5.0,-1,https://media-cdn.tripadvisor.com/media/attractions-splice-spp-720x480/10/04/29/55.jpg,"I did a tour to the cave with Trust Travel Vietnam.
They have great service. We did tour to Phong Nha cave botanic garden for first day and Paradise cave + Dark cave for 2nd day. Everything was awesome.
Our guide is really informative, helpful and knowledgeable...",Sá»‘ 5 trÃªn 10 PhÆ°Æ¡ng tiÃªÌ£n giao thÃ´ng á»Ÿ ÄÃ´Ì€ng HÆ¡Ìi,https://www.tripadvisor.com.vn/Attraction_Review-g659924-d25216966-Reviews-Trust_Travel_Vietnam-Dong_Hoi_Quang_Binh_Province.html
Du Lá»‹ch Biá»ƒn Äáº£o Nha Trang - Day Tours,-1,5.0,-1,https://dynamic-media-cdn.tripadvisor.com/media/photo-o/1b/a1/01/43/du-l-ch-bi-n-d-o-nha.jpg?w=1200&h=900&s=1,"TÃ´i cÃ³ chuyáº¿n Ä‘i thÃº vá»‹ nháº¥t tá»« trÆ°á»›c tá»›i nay, cÃ´ng ty Ä‘Ã£ giÃºp tÃ´i cÃ³ Ä‘Æ°á»£c cáº£m giÃ¡c du lá»‹ch thá»a mÃ¡i, an toÃ n, Ä‘áº·c biá»‡t nhÃ¢n viÃªn ráº¥t chu Ä‘Ã¡o, vui váº», hÃ²a Ä‘á»“ng, láº§n sau mÃ¬nh sáº½ cÃ¹ng gia Ä‘Ã¬nh trá»Ÿ láº¡i Ä‘Ã¢y vÃ  tiáº¿p tá»¥c sá»­ dá»¥ng dá»‹ch vá»¥ cá»§a cÃ¡c ban",Sá»‘ 12 trÃªn 58 PhÆ°Æ¡ng tiÃªÌ£n giao thÃ´ng á»Ÿ Nha Trang,https://www.tripadvisor.com.vn/Attraction_Review-g293928-d20978992-Reviews-Du_L_ch_Bi_n_D_o_Nha_Trang_Day_Tours-Nha_Trang_Khanh_Hoa_Province.html
Sapa Tour,-1,4.0,-1,-1,"Weâ€™re lucky enough to get a sunny day after stormy night. Tour guide is so funny and friendly, and he can speak fluent in English! This trekking tour was fun, but just to make sure youâ€™re wearing a pair of suitable trekking shoes to join the tour, since you have to cross a lot of muddy & slippery jungle and also few of the small waterfalls. After few times of slippered down, my trekking skills improved a lot now. Hahaha!",Sá»‘ 83 trÃªn 152 Hoáº¡t Ä‘á»™ng ngoÃ i trá»i á»Ÿ Sapa,https://www.tripadvisor.com.vn/Attraction_Review-g311304-d8300059-Reviews-Sapa_Tour-Sapa_Lao_Cai_Province.html
Gloryhoiantours,-1,5.0,-1,-1,"We absolutely loved our trip to Vietnam which was an incredible memorable experience because of our wonderful Guide. He organized Our trip to many wonderful restaurants, Art shops, clothing distributors and one of the best tailors. We are very grateful to Mr. Vinh for providing us with the experience of a lifetime. Thank you so much and we highly recommend this Tour Guide and Company.",Sá»‘ 80 trÃªn 187 PhÆ°Æ¡ng tiÃªÌ£n giao thÃ´ng á»Ÿ Há»™i An,https://www.tripadvisor.com.vn/Attraction_Review-g298082-d20859875-Reviews-Gloryhoiantours-Hoi_An_Quang_Nam_Province.html
Cao Bang Loop Tour,-1,5.0,-1,-1,we booked Cao Bang Loop tour 4 days 3 nights a wonderful trip by motorbike. the tour guide and Easyrider are great and fun people. We made the right choice when booking a tour. everything is perfect.,Sá»‘ 2 trÃªn 2 Chuyáº¿n tham quan báº±ng thuyá»n & thá»ƒ thao dÆ°á»›i nÆ°á»›c á»Ÿ Cao BÄƒÌ€ng,https://www.tripadvisor.com.vn/Attraction_Review-g1519989-d25772070-Reviews-Cao_Bang_Loop_Tour-Cao_Bang_Cao_Bang_Province.html
Sapa Daily Tours,-1,5.0,-1,https://dynamic-media-cdn.tripadvisor.com/media/photo-o/11/d3/bb/3a/sapa-daily-tours.jpg?w=700&h=500&s=1,"Walking with them, having lunch and talking with the local people in Sapa. We like this place, the people are nice. We will come back to this stunning place with Sapa Daily Tours.",Sá»‘ 84 trÃªn 152 Hoáº¡t Ä‘á»™ng ngoÃ i trá»i á»Ÿ Sapa,https://www.tripadvisor.com.vn/Attraction_Review-g311304-d12404432-Reviews-Sapa_Daily_Tours-Sapa_Lao_Cai_Province.html
Hoi An Boat Adventures,-1,4.5,-1,https://dynamic-media-cdn.tripadvisor.com/media/photo-o/08/15/d0/a5/hoi-an-boat-adventures.jpg?w=1100&h=800&s=1,-1,Sá»‘ 74 trÃªn 127 Chuyáº¿n tham quan báº±ng thuyá»n & thá»ƒ thao dÆ°á»›i nÆ°á»›c á»Ÿ Há»™i An,https://www.tripadvisor.com.vn/Attraction_Review-g298082-d8294586-Reviews-Hoi_An_Boat_Adventures-Hoi_An_Quang_Nam_Province.html
INDOCHINA JOURNEY,-1,5.0,-1,-1,-1,Sá»‘ 83 trÃªn 207 GiaÌ‰i triÌ vÃªÌ€ Ä‘Ãªm á»Ÿ HÃ  Ná»™i,https://www.tripadvisor.com.vn/Attraction_Review-g293924-d20481573-Reviews-INDOCHINA_JOURNEY-Hanoi.html
CÃ´ng ty TNHH MTV HaÌ€o HÆ°Ìng PhuÌ QuÃ´Ìc,-1,4.5,-1,https://dynamic-media-cdn.tripadvisor.com/media/photo-o/0e/35/79/34/photo9jpg.jpg?w=1200&h=-1&s=1,"Nos encantÃ³ esta excursiÃ³n. Fuimos mi pareja y yo con 2 amigos y fue muy divertido.

El barco es muy bueno y nuevo y llega rapidÃ­simos a las playas. Las playas que visitamos son preciosas! Comimos en un chiringuito en la playa y la comida fue espectacular! Vale la pena escoger la opciÃ³n con comida!

Las mejores playas en Phu Quoc seguro! Y muy limpias!",Sá»‘ 13 trÃªn 27 Chuyáº¿n tham quan báº±ng thuyá»n & thá»ƒ thao dÆ°á»›i nÆ°á»›c á»Ÿ DÆ°Æ¡ng ÄÃ´ng,https://www.tripadvisor.com.vn/Attraction_Review-g1184679-d11666769-Reviews-Phu_Quoc_Speed_Boat-Duong_Dong_Phu_Quoc_Island_Kien_Giang_Province.html
Hoi An Student Tours,-1,5.0,-1,-1,-1,Sá»‘ 18 trÃªn 41 Vui chÆ¡i & Giáº£i trÃ­ á»Ÿ Há»™i An,https://www.tripadvisor.com.vn/Attraction_Review-g298082-d20377076-Reviews-Hoi_An_Student_Tours-Hoi_An_Quang_Nam_Province.html
Tam Cá»‘c Homestay,-1,5.0,-1,-1,What an amazing beautiful area of northern Vietnam! I will definitely go back. I'd reccomend tam Coc melody homestay! Hire a motorbike and explore this amazing part of the world!,Sá»‘ 1 trÃªn 3 Vui chÆ¡i & Giáº£i trÃ­ á»Ÿ Ninh BiÌ€nh,https://www.tripadvisor.com.vn/Attraction_Review-g303945-d25178592-Reviews-Tam_C_c_Homestay-Ninh_Binh_Ninh_Binh_Province.html
Travel Hub Vietnam,-1,5.0,-1,https://media-cdn.tripadvisor.com/media/attractions-splice-spp-720x480/0a/04/a9/fd.jpg,"From our first contact by email, the representatives of this company made our visit to Vietnam super easy.
They met us at the airport and we were through the Visa process in minutes, leaving behind all those in our plane who were waiting for their stamp.
We planned a boat trip through Halong Bay for my husbands birthday and it was perfect- they even arranged for a cake! We did a cave tour and overnight stay in CatBa island. We met back up in Hanoi and They became our friends throughout our stay in north and south Vietnam, popping in and out for airplane transfers, car rides, hotel reservations and food tours. I honestly donâ€™t think our trip would have been as enjoyable without them.
They customized each part of our trip according to our needs and budget and we never felt like we were really in a â€œtourâ€
Highly recommend them!",Sá»‘ 263 trÃªn 456 Äá»“ Äƒn & Äá»“ uá»‘ng á»Ÿ HÃ  Ná»™i,https://www.tripadvisor.com.vn/Attraction_Review-g293924-d19779955-Reviews-Travel_Hub_Vietnam-Hanoi.html
Pumpkin Homestay,-1,5.0,-1,-1,"We would never forget the experience of motorbike tour (Xe Om tours) in Quang Tri. We did the countryside tour and suggested our driver to run as fast as possible. So they ran too fast that my tear flew abundance. It was dangerous but so fun, we really enjoyed that!!! Our drivers were nice and informative, they are spoke good English. Our booking was responsed quickly and our tour was great. We had a very enjoyable and memorable ""Xe Om Tours"" in Quang Tri.",Sá»‘ 75 trÃªn 127 Chuyáº¿n tham quan báº±ng thuyá»n & thá»ƒ thao dÆ°á»›i nÆ°á»›c á»Ÿ Há»™i An,https://www.tripadvisor.com.vn/Attraction_Review-g298082-d12273471-Reviews-Pumpkin_Homestay-Hoi_An_Quang_Nam_Province.html
Top of Vietnam,-1,4.5,-1,-1,"The apartment was excellent with views which were fantastic from all rooms and the manager Elise and her partner Peter were truly very very helpful, cooperative and made us very comfortable. Their hospitality was very impressive. The location is situated in a friendly area where all basic commodities are accessible. The only down side which we were not happy was the bedding which did not looked very clean and it was not ironed. The fabric of the bedding was not giving a feeling of comfort. But we would definitely go back there. Also if the kitchen is equipped with some basic necessities, then it would be awesome. Apart from this it was a great holiday.",Sá»‘ 193 trÃªn 424 Hoáº¡t Ä‘á»™ng ngoÃ i trá»i á»Ÿ ThÃ nh phá»‘ Há»“ ChÃ­ Minh,https://www.tripadvisor.com.vn/Attraction_Review-g293925-d17736259-Reviews-Top_of_Vietnam-Ho_Chi_Minh_City.html
Private Hanoi Tour Guide,-1,5.0,-1,-1,"Our tour guide Mr.Thanh was great. His English is perfectly and knowledgeable. He has explained everything for us from population to the culture, history and people, ... Our driver was great and helpful. The food was delicious and the attractions were nice, ...",Sá»‘ 186 trÃªn 494 PhÆ°Æ¡ng tiÃªÌ£n giao thÃ´ng á»Ÿ HÃ  Ná»™i,https://www.tripadvisor.com.vn/Attraction_Review-g293924-d20265152-Reviews-Private_Hanoi_Tour_Guide-Hanoi.html
Hoi An Symphony,-1,5.0,-1,-1,-1,Sá»‘ 203 trÃªn 315 Hoáº¡t Ä‘á»™ng ngoÃ i trá»i á»Ÿ Há»™i An,https://www.tripadvisor.com.vn/Attraction_Review-g298082-d20257202-Reviews-Hoi_An_Symphony-Hoi_An_Quang_Nam_Province.html
Exceptional Mekong Eco Tour,-1,5.0,-1,-1,-1,Sá»‘ 30 trÃªn 48 Hoáº¡t Ä‘á»™ng ngoÃ i trá»i á»Ÿ CÃ¢Ì€n ThÆ¡,https://www.tripadvisor.com.vn/Attraction_Review-g303942-d19865539-Reviews-Exceptional_Mekong_Eco_Tour-Can_Tho_Mekong_Delta.html
Easy Travel,-1,5.0,-1,-1,"ChÆ°Æ¡ng trÃ¬nh tham quan Ä‘áº§y Ä‘á»§ cÃ¡c Ä‘iá»ƒm Ä‘Ã£ cam káº¿t, dá»‹ch vá»¥ ráº¥t tá»‘t, nhÃ¢n viÃªn tÆ° váº¥n nhiá»‡t tÃ¬nh, sáº½ quay láº¡i láº§n ná»¯a",Sá»‘ 3 trÃªn 7 Lá»›p há»c & há»™i tháº£o á»Ÿ CÃ¢Ì€n ThÆ¡,https://www.tripadvisor.com.vn/Attraction_Review-g303942-d20051897-Reviews-Easy_Travel-Can_Tho_Mekong_Delta.html
My Son Sanctuary Private Tours : Sunrise Tour - Morning Tour - Afternoon Tour,-1,4.5,-1,-1,"Our private sunrise tour to My Son in February was terrific! Our guide was knowledgeable and made the experience very memorable. Perfect pace of the tour, interesting discussion of history of My Son and Vietnam overall, and lots of nice photo opportunities. Great driver and easy booking process as well.",Sá»‘ 31 trÃªn 88 Chuyáº¿n tham quan báº±ng thuyá»n & thá»ƒ thao dÆ°á»›i nÆ°á»›c á»Ÿ ÄaÌ€ NÄƒÌƒng,https://www.tripadvisor.com.vn/Attraction_Review-g298085-d20160916-Reviews-My_Son_Sanctuary_Private_Tours_Sunrise_Tour_Morning_Tour_Afternoon_Tour-Da_Nang.html
Bitour,-1,5.0,-1,-1,-1,Sá»‘ 161 trÃªn 326 Äá»“ Äƒn & Äá»“ uá»‘ng á»Ÿ ThÃ nh phá»‘ Há»“ ChÃ­ Minh,https://www.tripadvisor.com.vn/Attraction_Review-g293925-d19481226-Reviews-Bitour-Ho_Chi_Minh_City.html
Huáº¿ Daily Tours,-1,5.0,-1,-1,"Good memory in Hue city with this company. We booked tour with good price and good service. We had a great day and will be back soon. The local food ""Bun Bo Hue"" was delicious, you should try once coming to Hue city.",Sá»‘ 68 trÃªn 133 Hoáº¡t Ä‘á»™ng ngoÃ i trá»i á»Ÿ HuÃªÌ,https://www.tripadvisor.com.vn/Attraction_Review-g293926-d12128447-Reviews-Hue_Daily_Tours-Hue_Thua_Thien_Hue_Province.html
The Sinh Tourist Day Tours,-1,3.0,-1,-1,"ÄÃ¢y laÌ€ chuyÃªÌn Ä‘i khaÌ thuÌ viÌ£, cÃ´ng ty chuyÃªn nghiÃªÌ£p, thÆ°Ìc Äƒn khaÌ ngon vaÌ€ coÌ nhiÃªÌ€u hoaÌ£t Ä‘Ã´Ì£ng vÄƒn hoÌa Ä‘ÄƒÌ£c sÄƒÌc. CoÌ mÃ´Ì£t chuÌt thÃ¢Ìt voÌ£ng vÃªÌ€ anh hÆ°Æ¡Ìng dÃ¢Ìƒn, anh noÌi 2 lÃ¢Ì€n bÄƒÌ€ng tiÃªÌng Anh CHINA SEA khi noÌi vÃªÌ€ biÃªÌ‰n ÄÃ´ng cuÌ‰a ViÃªÌ£t Nam",Sá»‘ 61 trÃªn 147 Lá»›p há»c & há»™i tháº£o á»Ÿ ThÃ nh phá»‘ Há»“ ChÃ­ Minh,https://www.tripadvisor.com.vn/Attraction_Review-g293925-d2493165-Reviews-The_Sinh_Tourist_Day_Tours-Ho_Chi_Minh_City.html
Nomads Vietnam,-1,5.0,-1,-1,"Phenomenal. It was such an amazing and memorable experience for me and my girlfriend. Our tour guide was very friendly, responsible and professional.",Sá»‘ 187 trÃªn 494 PhÆ°Æ¡ng tiÃªÌ£n giao thÃ´ng á»Ÿ HÃ  Ná»™i,https://www.tripadvisor.com.vn/Attraction_Review-g293924-d20052074-Reviews-Nomads_Vietnam-Hanoi.html
Saigoncholon,-1,5.0,-1,https://media-cdn.tripadvisor.com/media/attractions-splice-spp-720x480/09/b2/dd/78.jpg,"Tony is a wonderful guide who went above and beyond to provide a great experience of Ho Chi Minh City. He's knowledgeable, respectful, kind and went out of his way to ensure that I was getting the most of my walking tour. I totally recommend him for his deep insight of this city and its history. Thank you!",Sá»‘ 77 trÃªn 273 PhÆ°Æ¡ng tiÃªÌ£n giao thÃ´ng á»Ÿ ThÃ nh phá»‘ Há»“ ChÃ­ Minh,https://www.tripadvisor.com.vn/Attraction_Review-g293925-d19449206-Reviews-Saigoncholon-Ho_Chi_Minh_City.html
Essential Vietnam Tours,-1,5.0,-1,-1,"The Hien Luong War Museum, the statue of reunification and Vinh Moc tunnel were the places to visit in DMZ tour. They all were very interesting to learn with many information and stories that our guide told us. With our one day tour we had enough time to relax in Cua Viet beach, enjoyed some local beer and seafood. That was a great day we have for our DMZ tour.",Sá»‘ 2 trÃªn 5 Chuyáº¿n tham quan & hoáº¡t Ä‘á»™ng á»Ÿ Pleiku,https://www.tripadvisor.com.vn/Attraction_Review-g1224292-d12171352-Reviews-Essential_Vietnam_Tours-Pleiku_Gia_Lai_Province.html
Local Tours PU LUONG,-1,5.0,-1,-1,This is really a great experience in my life. I did the trip with friends and we had so many exciting activity. We was picked up on time with a comfortable car. We are so lucky that the weather was so nice with little sunny and windy. Scenery is so amazing and the atmosphere is very fresh that made us relax. The food was good and local people were so hospitable. We definitely will come back again. Highly recommend!!!!!!,Sá»‘ 2 trÃªn 3 Chuyáº¿n tham quan & hoáº¡t Ä‘á»™ng á»Ÿ Ba Thuoc,https://www.tripadvisor.com.vn/Attraction_Review-g14794534-d19988151-Reviews-Local_Tours_PU_LUONG-Ba_Thuoc_Thanh_Hoa_Province.html
Zenny spa - Foot massage & Nails Club,-1,5.0,-1,-1,"TÃ´i Ä‘Ã£ tá»«ng lÃ m á»Ÿ Ä‘Ã¢y. KhÃ´ng gian nháº¹ nhÃ ng Ä‘Æ¡n giáº£n, ká»¹ thuáº­t viÃªn tay nghá» giá»i lÃ m ráº¥t Ä‘Ã£ tÃ´i ráº¥t thÃ­ch. TÃ´i sáº½ quay láº¡i",Sá»‘ 197 trÃªn 424 Hoáº¡t Ä‘á»™ng ngoÃ i trá»i á»Ÿ ThÃ nh phá»‘ Há»“ ChÃ­ Minh,https://www.tripadvisor.com.vn/Attraction_Review-g293925-d19685787-Reviews-Zenny_spa_Foot_massage_Nails_Club-Ho_Chi_Minh_City.html
Halong Luxury Yacht,-1,5.0,-1,-1,-1,Sá»‘ 139 trÃªn 229 Chuyáº¿n tham quan báº±ng thuyá»n & thá»ƒ thao dÆ°á»›i nÆ°á»›c á»Ÿ Vá»‹nh Háº¡ Long,https://www.tripadvisor.com.vn/Attraction_Review-g293923-d19701660-Reviews-Halong_Luxury_Yacht-Halong_Bay_Quang_Ninh_Province.html
Lalatravel,-1,5.0,-1,-1,"Very good tour and travel agency. Provided full enough and details of travel info to us.i Will introduce my friend to this tour company.

From: Ha Long Bay Trip",Sá»‘ 188 trÃªn 494 PhÆ°Æ¡ng tiÃªÌ£n giao thÃ´ng á»Ÿ HÃ  Ná»™i,https://www.tripadvisor.com.vn/Attraction_Review-g293924-d19450289-Reviews-Lalatravel-Hanoi.html
vietvacationtours,-1,5.0,-1,-1,"Vietnam and Cambodia from Australia. From the planning stage to the end of the trip, I had the most fabulous time. My guides were always prompt and very helpful, the destinations were wonderful, and the accommodation was perfect. My trip involved a significant amount of travelling throughout both countries, yet I never felt rushed or overly tired. I worked with Lily in planning the trip and her suggestions and recommendations were all outstanding. This was my first time in Cambodia and Vietnam and I would love to return. I highly recommend Vietvacationtours to anyone planning a trip to Southeast Asia.",Sá»‘ 9 trÃªn 28 Äá»“ Äƒn & Äá»“ uá»‘ng á»Ÿ Vá»‹nh Háº¡ Long,https://www.tripadvisor.com.vn/Attraction_Review-g293923-d19382571-Reviews-Vietvacationtours-Halong_Bay_Quang_Ninh_Province.html
Vintour Travel,-1,5.0,-1,-1,"We have the memorable trip with 5 days packages tour with Vintour Travel, it is very great trip in Vietnam, Thanks to Vintour Travel to help us to get the happy time in Vietnam to explore the the beautiful place in the north of vietnam, The service is really good with very friendly and kind staff, the food is really good and very special vietnam cuisin, The hotel is very comfortable and clean, Halong bay boat is really big and nice, halong bay and tam coc landscape is really beautiful, Especially thanks to Mr Tommy Nguyen,We have the great time with you, you are very kind and helpful to help us any time to have the perfect trip, thanks for best gifts from you.strongly recommend Vintour Travel and Tommy Nguyen. We will recommend for our family and friend.",Sá»‘ 376 trÃªn 556 Chuyáº¿n tham quan báº±ng thuyá»n & thá»ƒ thao dÆ°á»›i nÆ°á»›c á»Ÿ HÃ  Ná»™i,https://www.tripadvisor.com.vn/Attraction_Review-g293924-d19746579-Reviews-Vintour_Travel-Hanoi.html
Hadleo Tours,-1,5.0,-1,-1,"My Linh was so welcoming and informative! In such a big city it's hard to find people who are so nice and speak English so well. I have been to many countries, and on many tours, but none will top this. In this crazy city it's nice to find someone who will treat you with respect and kindness as I was on this tour. I WILL BE BACK for this tour!!!! Thanks again My Linh!!!",Sá»‘ 62 trÃªn 147 Lá»›p há»c & há»™i tháº£o á»Ÿ ThÃ nh phá»‘ Há»“ ChÃ­ Minh,https://www.tripadvisor.com.vn/Attraction_Review-g293925-d19459009-Reviews-Hadleo_Tours-Ho_Chi_Minh_City.html
Tonkin Cruise,-1,5.0,-1,https://media-cdn.tripadvisor.com/media/attractions-splice-spp-720x480/06/da/07/36.jpg,"Traveling from south to North escaping the heat and rain that followed us from HCMC through our adventures to HoiAn and Hue, we were finally in Hanoi. The weather was amazing and my friend and I took no chances with making certain the weather would be perfect.
We booked with Tonkin Cruise because the one day on Halong Bay was all around the best on all our shopping points: first the earliest start and arrival to board the ship of the 1 day cruises we considered. Local pick up at your hotel/hostel in old quarter of Hanoi made it easy to start our day at 7:00 am. We picked up a group of just under 20 people (2 being children under 10). This was accomplished in 40 minutes! By 8:00 am we were leaving Hanoi and made a rest stop for 10 minutes before arriving at Tonkin Harbor to board our ship by 10:40 am, ahead of schedule.

The ship is well maintained, clean and even luxurious for a one day cruise. Beautifully set tables for dining, a dozen lounge chairs to sun on and relax and enough seating all around the outdoor deck areas. There are shaded areas and the main deck entry conversation corners to also make and get to know new friends.

The toilets are all fully functioning, immaculately kept and all around the Tonkin is a lovely ship. Staff are friendly, Captain always has his doors open today hello and food is delicious and varied. Special dietary needs and allergies were also a concern if the staff in initial booking and again on day of cruise.
The route through the limestone hills and islands allowed for a good survey of the Bay and itâ€™s most beautiful views.

We had ample down time between the many events planned: Kayaking, swimming or lounging in hammocks began our daysâ€™ events. Land transfer and a cave tour was a break from the ship, landing on Cat Ba Island. A spring roll making class followed as we also enjoyed fresh fruits and tea on our way back to Tonkin Harbor for sunset.

WiFi access is a availableâ€”so says the tour informational Booklet, but we were never told of this by our guide.

Our English speaking guide managed to keep us all on schedule and afforded us the promised FULL DAY on the water we wanted from 11am until sunset.

The cruise was US$70/person and booked the night before. All went according to plan promised us.

Beer and other soft drinks are available for a reasonable price onboard. Water was provided on bus to boat and lemon tea while on the boat.

Bus has AC and is clean and comfortable.

All-in-all, an excellent cruise, well managed and guide â€œHungâ€ is so pleasant and funny.
Great value for a full day!

You arrive back toHa our by 8:30pm
(See attached Agent Sales book pic)",Sá»‘ 140 trÃªn 229 Chuyáº¿n tham quan báº±ng thuyá»n & thá»ƒ thao dÆ°á»›i nÆ°á»›c á»Ÿ Vá»‹nh Háº¡ Long,https://www.tripadvisor.com.vn/Attraction_Review-g293923-d15574838-Reviews-Tonkin_Cruise-Halong_Bay_Quang_Ninh_Province.html
Local tour guide in Hoian,-1,5.0,-1,-1,"Nguyen Huu Quang who freelanced for Discova Tours was our guide in Hoi An, Hue and Dong Hoi is a fabulous guide. He is incredibly well read on the history, culture and all things Vietnamese. Plus, heâ€™s got a great sense of humor. Canâ€™t recommend him highly enough!",Sá»‘ 19 trÃªn 41 Vui chÆ¡i & Giáº£i trÃ­ á»Ÿ Há»™i An,https://www.tripadvisor.com.vn/Attraction_Review-g298082-d15214279-Reviews-Local_tour_guide_in_Hoian-Hoi_An_Quang_Nam_Province.html
Ha Long Bay Lux Cruises,-1,-1,-1,https://media-cdn.tripadvisor.com/media/attractions-splice-spp-720x480/11/70/bc/9d.jpg,-1,-1,https://www.tripadvisor.com.vn/Attraction_Review-g21301834-d26260347-Reviews-Ha_Long_Bay_Lux_Cruises-Tay_Ho_Hanoi.html
Halong Cruises 24h,-1,5.0,-1,-1,"Serenity Cruises has make it of the best tours we have ever had in Northern Vietnam. Chris Tran is a charming tour guide and he knows a lot about the history and culture. We visited Halong, Lan Ha and Cat Ba but we learn so much about Vietnam, from why women wear cone hat but man don't, to the origin of spring rolls, to the mystery behind the super power of Vietnamese folks that help them join smoothly in a chaotic traffic. Highly recommended!!!",Sá»‘ 189 trÃªn 494 PhÆ°Æ¡ng tiÃªÌ£n giao thÃ´ng á»Ÿ HÃ  Ná»™i,https://www.tripadvisor.com.vn/Attraction_Review-g293924-d19435007-Reviews-Halong_Cruises_24h-Hanoi.html
Luan Hoi An Bike Tour,-1,5.0,-1,https://dynamic-media-cdn.tripadvisor.com/media/photo-o/19/db/5d/f6/getlstd-property-photo.jpg?w=1200&h=900&s=1,Thank you Luan for looking after us on our first trip to Vietnam. We loved our bike ride with you. It was lovely cycling around and finding out about the area. Even our teenage son enjoyed it ğŸ‘ğŸ»,Sá»‘ 77 trÃªn 127 Chuyáº¿n tham quan báº±ng thuyá»n & thá»ƒ thao dÆ°á»›i nÆ°á»›c á»Ÿ Há»™i An,https://www.tripadvisor.com.vn/Attraction_Review-g298082-d19321699-Reviews-Luan_Hoi_An_Bike_Tour-Hoi_An_Quang_Nam_Province.html
Duy Khang Limousine,-1,3.5,-1,https://media-cdn.tripadvisor.com/media/attractions-splice-spp-720x480/10/69/4a/8c.jpg,-1,Sá»‘ 190 trÃªn 494 PhÆ°Æ¡ng tiÃªÌ£n giao thÃ´ng á»Ÿ HÃ  Ná»™i,https://www.tripadvisor.com.vn/Attraction_Review-g293924-d25434748-Reviews-Duy_Khang_Limousine-Hanoi.html
Tourleva,-1,5.0,-1,-1,"Dá»‹ch vá»¥ thuÃª xe du lá»‹ch ráº¥t tá»‘t, anh chá»§ nhiá»‡t tÃ¬nh, nhÃ¢n viÃªn vui váº», nÃ³i chung lÃ  hÃ i long vá» dá»‹ch vá»¥ cá»§a Tourleva.",Sá»‘ 49 trÃªn 80 Chuyáº¿n tham quan & hoáº¡t Ä‘á»™ng á»Ÿ Phan ThiÃªÌt,https://www.tripadvisor.com.vn/Attraction_Review-g298086-d18207082-Reviews-Tourleva-Phan_Thiet_Binh_Thuan_Province.html
KAS Travel,-1,5.0,-1,-1,"NhÃ¢n viÃªn cá»§a KAS ráº¥t táº­n tÃ¬nh trong viá»‡c tÆ° váº¥n cho khÃ¡ch hÃ ng, Ä‘Æ°a ráº¥t nhiá»u thÃ´ng tin bá»• Ã­ch Ä‘á»ƒ tÃ´i cÃ³ thá»ƒ lá»±a chá»n má»™t tour du lá»‹ch há»£p lÃ½ cho mÃ¬nh. NgoÃ i ra, tour cá»§a KAS cÃ³ ráº¥t nhiá»u tráº£i nghiá»‡m Ä‘áº·c biá»‡t mÃ  cÃ¡c tour khÃ¡c khÃ´ng cÃ³, ngoÃ i ra chÃ­nh sÃ¡ch háº­u mÃ£i khiáº¿n tÃ´i ráº¥t hÃ i lÃ²ng",Sá»‘ 79 trÃªn 273 PhÆ°Æ¡ng tiÃªÌ£n giao thÃ´ng á»Ÿ ThÃ nh phá»‘ Há»“ ChÃ­ Minh,https://www.tripadvisor.com.vn/Attraction_Review-g293925-d19255369-Reviews-KAS_Travel-Ho_Chi_Minh_City.html
Sunrise Surf & Kite School,-1,5.0,-1,-1,I have visited many schools in Mui Ne but Sunrise Kitesurf School definitely stands out. Friendly staff and very chill environment. Many experienced riders and instructors to guide you and provide excellent service.,Sá»‘ 22 trÃªn 26 Chuyáº¿n tham quan báº±ng thuyá»n & thá»ƒ thao dÆ°á»›i nÆ°á»›c á»Ÿ MuÌƒi NeÌ,https://www.tripadvisor.com.vn/Attraction_Review-g1009804-d15236723-Reviews-Sunrise_Surf_Kite_School-Mui_Ne_Phan_Thiet_Binh_Thuan_Province.html
Exo Travel,-1,5.0,-1,-1,"Bang and Anna, our tour guides, expertly delivered our airport transfers in Hue and Hoi An, our all day tours in Hue, Hoi An and My Son, and our trip over Hai Van pass
Much appreciated",Sá»‘ 98 trÃªn 247 Hoáº¡t Ä‘á»™ng ngoÃ i trá»i á»Ÿ ÄaÌ€ NÄƒÌƒng,https://www.tripadvisor.com.vn/Attraction_Review-g298085-d17604597-Reviews-Exo_Travel-Da_Nang.html
Hoang Anh Holiday,-1,5.0,-1,https://dynamic-media-cdn.tripadvisor.com/media/photo-o/19/0e/ca/44/hoang-anh-holiday.jpg?w=1200&h=900&s=1,The driver is a very kind and responsible person. driving steadily and safety.the bus is clean and comfortable. Great service ğŸ’ª,Sá»‘ 200 trÃªn 424 Hoáº¡t Ä‘á»™ng ngoÃ i trá»i á»Ÿ ThÃ nh phá»‘ Há»“ ChÃ­ Minh,https://www.tripadvisor.com.vn/Attraction_Review-g293925-d17653657-Reviews-Hoang_Anh_Holiday-Ho_Chi_Minh_City.html
Golden Bridge Ba Na Hills Tour,-1,4.0,-1,https://media-cdn.tripadvisor.com/media/attractions-splice-spp-720x480/09/f6/34/87.jpg,-1,Sá»‘ 78 trÃªn 127 Chuyáº¿n tham quan báº±ng thuyá»n & thá»ƒ thao dÆ°á»›i nÆ°á»›c á»Ÿ Há»™i An,https://www.tripadvisor.com.vn/Attraction_Review-g298082-d19710274-Reviews-Golden_Bridge_Ba_Na_Hills_Tour-Hoi_An_Quang_Nam_Province.html
Ta station,-1,5.0,-1,-1,-1,Sá»‘ 2 trÃªn 4 Äá»“ Äƒn & Äá»“ uá»‘ng á»Ÿ ÄÃ´Ì€ng HÆ¡Ìi,https://www.tripadvisor.com.vn/Attraction_Review-g659924-d17710724-Reviews-Ta_station-Dong_Hoi_Quang_Binh_Province.html
Mui Ne Tour,-1,5.0,-1,https://dynamic-media-cdn.tripadvisor.com/media/photo-o/1a/65/25/44/img-20191225-162455-largejpg.jpg?w=700&h=600&s=1,"It's a Great Trip in Mui Ne, Viet Nam. Our guide Ha is a great tour guide, She led us to visit some places such as White sand dune, the Fairy Stream... We love the tour and our tour guide. The weather in Muine is hot but it is great for swimming. It was lucky that we found Mui Ne Tour and book with them. Hope to see you guys in future at Mui Ne or maybe other cities. This time was short to see all things in Muine. We definitely will come back to see it again. Thank Mui Ne Tour Team.",Sá»‘ 33 trÃªn 52 Chuyáº¿n tham quan & hoáº¡t Ä‘á»™ng á»Ÿ MuÌƒi NeÌ,https://www.tripadvisor.com.vn/Attraction_Review-g1009804-d15588839-Reviews-Mui_Ne_Tour-Mui_Ne_Phan_Thiet_Binh_Thuan_Province.html
Vietnam Motorbike Tours,-1,5.0,-1,https://dynamic-media-cdn.tripadvisor.com/media/photo-o/1a/29/28/27/vietnam-motorbike-tours.jpg?w=1200&h=-1&s=1,"Went on a solo guided trip to cu chi tunnels from ho chi minh ciry along with Mr. Tam who made a good trip, great.

Had no expectations apart from riding a 150CC city bike when i booked and when i met Tam and spoke to him for a few mins on my way to the bike pick up point from my hotel i had made up my mind that im upgrading my bike.

Tam quickly upgraded my bike to a 400 CC at a very nominal cost and we we both were geared up to start the trip.

All i was expecting was a Tar mac road trip but our pal brought in various legs of off roading with his well aware detours from the main roads which made it completely enjoyable.

I would recommend this guys as the guide too as he is bit only knowledgeable about vietnam but can enlighten you about various global topics and make your breaks even more interesting.
Also he paid for all entries and meals and refreshments which was a total surprise and an amazing gesture from the most genuine guy i met.

Thanks for the wonderful trip Tam. Hope to see you soon for another amazing journey together.

PS: all shots were taken by Tam who shot this while riding his bike ahead. Truly talented man.",Sá»‘ 201 trÃªn 424 Hoáº¡t Ä‘á»™ng ngoÃ i trá»i á»Ÿ ThÃ nh phá»‘ Há»“ ChÃ­ Minh,https://www.tripadvisor.com.vn/Attraction_Review-g293925-d14094708-Reviews-Vietnam_Motorbike_Tours-Ho_Chi_Minh_City.html
CÃ´ng ty cá»• pháº§n váº­n táº£i hÃ ng khÃ´ng miá»n Nam,-1,4.0,-1,https://dynamic-media-cdn.tripadvisor.com/media/photo-o/0a/d9/83/33/getlstd-property-photo.jpg?w=900&h=600&s=1,"I have traveled a couple of times to Ho Chi Min City and required a vehicle to take me to Vung Tau. I contacted this transport company and was greeted by a wonderful helpful young lady (Nana). WHAT EXCELLENT SERVICE!
I would recommend to anyone requiring transport to use this company. the contact point was at the IBIS Airport Hotel.",Sá»‘ 202 trÃªn 424 Hoáº¡t Ä‘á»™ng ngoÃ i trá»i á»Ÿ ThÃ nh phá»‘ Há»“ ChÃ­ Minh,https://www.tripadvisor.com.vn/Attraction_Review-g293925-d10813505-Reviews-Southern_Airport_Transportation_JS_Company-Ho_Chi_Minh_City.html
Far East Travel,-1,5.0,-1,-1,"Far East Travel organized our 1 week in Vietnam Center. Very well organized, promptly reply on any requests. We really enjoyed the trip with them and strongly recommended. Thank you/",Sá»‘ 79 trÃªn 127 Chuyáº¿n tham quan báº±ng thuyá»n & thá»ƒ thao dÆ°á»›i nÆ°á»›c á»Ÿ Há»™i An,https://www.tripadvisor.com.vn/Attraction_Review-g298082-d17747989-Reviews-Far_East_Travel-Hoi_An_Quang_Nam_Province.html
HVG Travel,-1,5.0,-1,-1,I chose HVG Travel according to good online comments and they didn't disappoint. The driver was on time to pick me up outside the cruise terminal and very polite. The service given was above standard and reliable. Will certainly recommend HVG to my friends.,Sá»‘ 36 trÃªn 98 Äá»“ Äƒn & Äá»“ uá»‘ng á»Ÿ ÄaÌ€ NÄƒÌƒng,https://www.tripadvisor.com.vn/Attraction_Review-g298085-d14004523-Reviews-HVG_Travel-Da_Nang.html
Asia Tour Booking,-1,5.0,-1,-1,I did Sapa Easy trek with my guide who is a really amazing and nice person. Sapa is awesome with beautiful rice terraces. The weather is so cool during the hot summer of North Vietnam. Local people are friendly and rustic. The tour was well-organized. Very worth visiting!!!,Sá»‘ 80 trÃªn 154 Chuyáº¿n tham quan báº±ng thuyá»n & thá»ƒ thao dÆ°á»›i nÆ°á»›c á»Ÿ ThÃ nh phá»‘ Há»“ ChÃ­ Minh,https://www.tripadvisor.com.vn/Attraction_Review-g293925-d17722145-Reviews-Asia_Tour_Booking-Ho_Chi_Minh_City.html
Cha Vang,-1,5.0,-1,https://dynamic-media-cdn.tripadvisor.com/media/photo-o/19/25/fc/71/cha-vang.jpg?w=1100&h=-1&s=1,"He is just the kindest guy and he is been so good to everyone he showed us everything and talked with us about the life in the villages and the history , all went so good.",Sá»‘ 25 trÃªn 56 PhÆ°Æ¡ng tiÃªÌ£n giao thÃ´ng á»Ÿ Sapa,https://www.tripadvisor.com.vn/Attraction_Review-g311304-d17688569-Reviews-Cha_Vang-Sapa_Lao_Cai_Province.html
Surf Shack,-1,4.5,-1,https://dynamic-media-cdn.tripadvisor.com/media/photo-o/18/d2/cd/b6/photo0jpg.jpg?w=1200&h=900&s=1,ì„ ìƒë‹˜ì€ ê±°ì˜ ë‹¤ ì¼ë³¸ì‚¬ëŒë“¤ì´ì‹  ê±° ê°™ì€ë° ë‹¤ë“¤ ì˜ì–´ ì›¬ë§Œí¼ í•˜ì…”ì„œ í° ë¬¸ì œëŠ” ì—†êµ¬ ì—„ì²­ ì¹œì ˆí•˜ì‹­ë‹ˆë‹¹ íŒŒë„ê°€ ì„¼ ë‚ ì´ë©´ ê·¼ë° ì´ˆë³´ìëŠ” í˜ë“¤ ê±° ê°™ì•„ìš”ã… ã… ã…  ë‹¤ë‚­ì— ìˆëŠ” ë™ì•ˆ ëª‡ë²ˆ ìˆ˜ì—… ë“¤ì—ˆëŠ”ë° ë§ˆì§€ë§‰ë‚ ì€ íŒŒë„ê°€ ì„¸ì„œ ê±°ì˜ ëª»íƒ”ê³  ê·€ê°€ ì°¢ì–´ì¡Œì–´ìš”ã… ã… ã… ,Sá»‘ 32 trÃªn 88 Chuyáº¿n tham quan báº±ng thuyá»n & thá»ƒ thao dÆ°á»›i nÆ°á»›c á»Ÿ ÄaÌ€ NÄƒÌƒng,https://www.tripadvisor.com.vn/Attraction_Review-g298085-d14078144-Reviews-Surf_Shack-Da_Nang.html
SUP Tour Vietnam,-1,5.0,-1,https://dynamic-media-cdn.tripadvisor.com/media/photo-o/15/d6/7b/43/sup-tour-ba-be-lake.jpg?w=1200&h=900&s=1,"My family and some friends of ours visited Hanoi for 4 days, and we booked kayak tour to Lan Ha Bay with Sup Tour Vietnam. Quan was our guide for our entire time on Cat Ba Island, and I cannot recommend him enough. He was super friendly, and very knowledgeable. He was always keeping us safe, entertained and interested at all times. The kayaking tour was incredible. Lan Ha Bay is beautiful. It was an amazing experience which I will never forget! Definitely recommend this tour!!",Sá»‘ 379 trÃªn 556 Chuyáº¿n tham quan báº±ng thuyá»n & thá»ƒ thao dÆ°á»›i nÆ°á»›c á»Ÿ HÃ  Ná»™i,https://www.tripadvisor.com.vn/Attraction_Review-g293924-d15637998-Reviews-SUP_Tour_Vietnam-Hanoi.html
Xin Chao Travel,-1,5.0,-1,https://media-cdn.tripadvisor.com/media/attractions-splice-spp-720x480/0f/1f/91/c0.jpg,"On arriving in Hanoi we had no arrangements for our 2 week tour of Vietnam. Thankfully we came across Christian who helped us not only with our days in Hanoi but arranged the majority of our transport around the whole of Vietnam, from trains, busses, boats and even hotels. Our transfers from Hanoi to Ha Long Bay, Nimh BÃ¬nh and train to Da Nang were arranged perfectly, with even contact from Christian throughout our travels to ensure everything ran smoothly. His knowledge of his country is exceptional and I highly recommend any tour through this company!",Sá»‘ 100 trÃªn 224 Lá»›p há»c & há»™i tháº£o á»Ÿ HÃ  Ná»™i,https://www.tripadvisor.com.vn/Attraction_Review-g293924-d16880723-Reviews-Xin_Chao_Travel-Hanoi.html
Du Lá»‹ch Quá»‘c Táº¿ Thá»§ ÄÃ´,-1,5.0,-1,-1,à¸Šà¸·à¹ˆà¸™à¸Šà¸¡à¸˜à¸£à¸£à¸¡à¸Šà¸²à¸•à¸´à¸—à¸µà¹ˆà¸‡à¸”à¸‡à¸²à¸¡à¸—à¸µà¹ˆà¸ªà¸¸à¸” à¸ªà¸¹à¸”à¸­à¸²à¸à¸²à¸¨à¸šà¸£à¸´à¸ªà¸¸à¸—à¸˜à¸´à¹ƒà¸«à¹‰à¸Šà¸¸à¹ˆà¸¡à¸›à¸­à¸” à¸”à¸·à¹ˆà¸¡à¸”à¹ˆà¸³à¸„à¸§à¸²à¸¡à¸‡à¸²à¸¡à¸‚à¸­à¸‡à¸˜à¸£à¸£à¸¡à¸Šà¸²à¸•à¸´à¸—à¸µà¹ˆà¹ƒà¸„à¸£à¸¡à¸²à¸•à¹‰à¸­à¸‡à¸›à¸£à¸°à¸—à¸±à¸šà¹ƒà¸ˆ à¸ˆà¸™à¸¢à¸²à¸à¸ˆà¸°à¸¥à¸·à¸¡à¹€à¸¥à¸·à¸­à¸™ à¸ªà¸±à¸à¸„à¸£à¸±à¹‰à¸‡à¹ƒà¸™à¸Šà¸µà¸§à¸´à¸•à¸—à¸µà¹ˆà¸„à¸¸à¸“à¸•à¹‰à¸­à¸‡à¸¡à¸²à¹€à¸«à¹‡à¸™à¸ªà¸´à¹ˆà¸‡à¸—à¸µà¹ˆà¸™à¹ˆà¸²à¸ˆà¸”à¸ˆà¸³à¸à¸±à¸šà¸˜à¸£à¸£à¸¡à¸Šà¸²à¸•à¸´à¸­à¸±à¸™à¸šà¸£à¸´à¸ªà¸¸à¸—à¸˜à¸´à¹Œ à¹„à¸¡à¹ˆà¸¡à¸µà¸­à¸°à¹„à¸£à¸¡à¸²à¸£à¸šà¸à¸§à¸™à¸«à¸£à¸·à¸­à¸—à¸³à¸¥à¸²à¸¢à¹„à¸”à¹‰,Sá»‘ 381 trÃªn 556 Chuyáº¿n tham quan báº±ng thuyá»n & thá»ƒ thao dÆ°á»›i nÆ°á»›c á»Ÿ HÃ  Ná»™i,https://www.tripadvisor.com.vn/Attraction_Review-g293924-d12212178-Reviews-Capital_Travel-Hanoi.html
Mango Motorbike Rentals,-1,4.0,"163 LÃª Quang Äáº¡o Báº¯c Má»¹ PhÃº, NgÅ© HÃ nh SÆ¡n, ÄaÌ€ NÄƒÌƒng 550000 Viá»‡t Nam",https://dynamic-media-cdn.tripadvisor.com/media/photo-o/15/91/76/c8/mango-motorbike-rentals.jpg?w=900&h=700&s=1,"Na bestudering van reviews op internet, bij Mango terecht gekomen. Twee keer in korte tijd een scooter gehuurd. Grab werkt hier overigens ook perfect, maar het is gewoon fijn dat je zelf kunt gaan en staan waar je maar wilt. De prijs is echt uitmuntend. Voor 100.000 dong, ongeveer 4 euro, heb je een volautomatische scooter voor een hele dag. Scooters zijn niet helemaal nieuw, maar het functioneert allemaal prima. Uiteraard ook met helmen. Ook voor mijn zoontje was een kinderhelm beschikbaar. In Vietnam hebben de kinderen overigens geen helm op, heel apart. Vriendelijke, lieve mensen die je kunt vertrouwen. Je kunt hier trouwens ook je vuile was wegbrengen. Ik beveel Mango zeker aan!",Sá»‘ 101 trÃªn 247 Hoáº¡t Ä‘á»™ng ngoÃ i trá»i á»Ÿ ÄaÌ€ NÄƒÌƒng,https://www.tripadvisor.com.vn/Attraction_Review-g298085-d15363371-Reviews-Mango_Motorbike_Rentals-Da_Nang.html
Victoria Experience,-1,5.0,-1,-1,"The boat from Victoria Chau Doc Hotel made the journey to Phnom Penh by the river very pleasant, luxurious and interesting. Very good seats (with a sleeping position) and a lot of room for your legs. Very clean toilet on board. Drinks, fruit and biscuits were complementary. The explanations of ms. Trang made the trip even more interesting. We were also very glad with ms. Trangs efforts to arrange a smooth visum process at the border.",Sá»‘ 3 trÃªn 3 Chuyáº¿n tham quan báº±ng thuyá»n & thá»ƒ thao dÆ°á»›i nÆ°á»›c á»Ÿ ChÃ¢u ÄÃ´Ìc,https://www.tripadvisor.com.vn/Attraction_Review-g311303-d15269991-Reviews-Victoria_Experience-Chau_Doc_An_Giang_Province.html
Daily Tour,-1,5.0,-1,-1,"29 OCT My family booking ticket airline from Hue to Ho Chi Minh, Staff service very good, professional. i love you",Sá»‘ 20 trÃªn 39 Chuyáº¿n tham quan báº±ng thuyá»n & thá»ƒ thao dÆ°á»›i nÆ°á»›c á»Ÿ HuÃªÌ,https://www.tripadvisor.com.vn/Attraction_Review-g293926-d10832706-Reviews-Daily_Tour-Hue_Thua_Thien_Hue_Province.html
Motogo,-1,3.5,"81 Nguyen Kha Trac, HÃ  Ná»™i 100000 Viá»‡t Nam",https://dynamic-media-cdn.tripadvisor.com/media/photo-o/18/12/d9/cb/khach-thue-xe-may-c-a.jpg?w=900&h=600&s=1,"Motogo lÃ  má»™t trong nhá»¯ng Ä‘á»‹a Ä‘iá»ƒm thuÃª xe mÃ¡y uy tÃ­n nháº¥t táº¡i HÃ  Ná»™i mÃ  mÃ¬nh Ä‘Ã£ tá»«ng thuÃª. So vá»›i cÃ¡c cá»­a hÃ ng khÃ¡c thÃ¬ dá»‹ch vá»¥ cá»§a Motogo tá»‘t hÆ¡n ráº¥t nhiá»u. Äáº·c biá»‡t xe khÃ¡ má»›i vÃ  nhÃ¢n viÃªn thÃ¢n thiá»‡n.

MÃ¬nh sáº½ quay trá»Ÿ láº¡i thuÃª xe láº§n tá»›i khi cáº§n.

High recommend cho má»i ngÆ°á»i!",Sá»‘ 608 trÃªn 960 Hoáº¡t Ä‘á»™ng ngoÃ i trá»i á»Ÿ HÃ  Ná»™i,https://www.tripadvisor.com.vn/Attraction_Review-g293924-d14010915-Reviews-Motogo-Hanoi.html
Vietnam Royal Tourism: Private Day Tours & Cruises,-1,3.5,-1,-1,"VÃ¬ chá»‰ biáº¿t CÃ´ng Ty & Ms. ThuÃ½ qua Web site, nÃªn chÃºng tÃ´i ráº¥t lo cho nhá»¯ng chuyá»‡n khÃ´ng vá»«a lÃ²ng cÃ³ thá»ƒ xáº£y ra, vÃ¬ chÃºng tÃ´i Ä‘Ã£ tráº£ má»™t 1/2 tiá»n Ä‘áº·t cá»c trÆ°á»›c Ä‘á»ƒ cÃ´ng ty & ThuÃ½ lo cho táº¥t cáº£ KS & vÃ© mÃ¡y bay khá»© há»“i : SÃ i GÃ²n-PhÃº Quá»‘c-AngkorWat- Há»™i An-NhaTrang-SÃ i GÃ²n-MekÃ´ng Delta cho suá»‘t cáº£ gáº§n 4 tuáº§n vá»›i nhÃ¢n viÃªn Ä‘Æ°a Ä‘Ã³n riÃªng tá»« má»—i sÃ¢n bay. Tuy nhiÃªn sau khi trao Ä‘á»•i thÆ° tá»« vá»›i Ms. ThuÃ½ & Ä‘i Ä‘Æ°á»£c 1/2 cuá»™c hÃ nh trÃ¬nh du lá»‹ch thÃ¬ chÃºng tÃ´i ráº¥t yÃªn tÃ¢m vÃ¬ Ä‘Æ°á»£c tiáº¿p Ä‘Ã³n an toÃ n theo lá»‹ch trÃ¬nh mÃ  chÃºng tÃ´i Ä‘Ã£ Ä‘á»“ng Ã½ vá»›i CÃ´ng Ty & Ms. ThuÃ½ trÆ°á»›c khi vá» VN. ThuÃ½ ráº¥t kiÃªn nháº«n & chá»‹u khÃ³ lÃ m hÃ i lÃ²ng khÃ¡ch hÃ ng. TÃ´i khÃ´ng dá»… tÃ­nh ...& ráº¥t hÃ i lÃ²ng vá»›i phÆ°Æ¡ng cÃ¡ch lÃ m viá»‡c cá»§a ThuÃ½. TÃ´i sáº½ tiáº¿p tá»¥c Ä‘á»ƒ ThuÃ½ & cÃ´ng ty cá»§a CÃ´ giÃºp tÃ´i , vÃ  giá»›i thiá»‡u báº¡n bÃ¨, táº¥t cáº£ cho má»—i chuyáº¿n Ä‘i vá» thÄƒm nhÃ  , mÃ  khÃ´ng há» lo xa ná»¯a. TÃ´i ráº¥t tin tÆ°á»Ÿng ThuÃ½. ThuÃ½ ráº¥t thÃ nh tháº¡o cáº£ 2 Anh ngá»¯ & Viá»‡t ngá»¯. TÃ´i vui má»«ng biáº¿t nhá»¯ng ngÆ°á»i nhÆ° ThuÃ½ : sinh trÆ°á»Ÿng sau nÃ y vá»›i má»™t trÃ­ tuá»‡ cáº§u tiáº¿n ThÃ´ng minh -Giá»i & khÃ©o lÃ©o . Mong CÃ´ng Ty sáº½ thÃ nh cÃ´ng nhiá»u trong nÄƒm 2015.",Sá»‘ 382 trÃªn 556 Chuyáº¿n tham quan báº±ng thuyá»n & thá»ƒ thao dÆ°á»›i nÆ°á»›c á»Ÿ HÃ  Ná»™i,https://www.tripadvisor.com.vn/Attraction_Review-g293924-d6439085-Reviews-Vietnam_Royal_Tourism_Private_Day_Tours_Cruises-Hanoi.html
ThÃ nh cá»• Quáº£ng NgÃ£i,-1,4.5,-1,-1,"Impressive structure, it is called ""Quang Ngai Citadel"", which used to be a palace back in 1800s, but now it is a complex. The most attractive here is the collection of ancient ceramic from Vietnam, China, Thailand.",Sá»‘ 1 trÃªn 5 Chuyáº¿n tham quan & hoáº¡t Ä‘á»™ng á»Ÿ QuaÌ‰ng NgaÌƒi,https://www.tripadvisor.com.vn/Attraction_Review-g651661-d21404057-Reviews-Thanh_c_Qu_ng_Ngai-Quang_Ngai_Quang_Ngai_Province.html
Happy Monkey Travel,-1,4.0,-1,https://media-cdn.tripadvisor.com/media/attractions-splice-spp-720x480/07/c5/19/9b.jpg,The level of service was on par with our expectations and the gorgeous halong bay scenery made it a perfect trip. Thank you to Happy Monkey and to Era Cruise for a fabulous cruise. Our only regret now is to maybe have stayed on the boat longer!,Sá»‘ 102 trÃªn 224 Lá»›p há»c & há»™i tháº£o á»Ÿ HÃ  Ná»™i,https://www.tripadvisor.com.vn/Attraction_Review-g293924-d17836859-Reviews-Happy_Monkey_Travel-Hanoi.html
Taekwang Jeongsan Country Club,-1,4.5,-1,-1,í•œêµ­ ê¸°ì—…ì´ ìš´ì˜í•˜ëŠ” ê³³ì´ë¼ í•œêµ­ì‚¬ëŒì—ê²Œ ìµœì í™”ëœ ì‹œì„¤ì„ ê°–ì¶”ê³  ìˆìŠµë‹ˆë‹¤. ê·¸ë¦° ê´€ë¦¬ ë“± ì „ë°˜ì ì¸ ì‹œì„¤ì´ ì–‘í˜¸í•©ë‹ˆë‹¤. í˜¸ì¹˜ë¯¼ê³¼ ê±°ë¦¬ëŠ” ìˆì§€ë§Œ ë§¤ë ¥ì ì¸ ê³³ì…ë‹ˆë‹¤,Sá»‘ 204 trÃªn 424 Hoáº¡t Ä‘á»™ng ngoÃ i trá»i á»Ÿ ThÃ nh phá»‘ Há»“ ChÃ­ Minh,https://www.tripadvisor.com.vn/Attraction_Review-g293925-d15353882-Reviews-Taekwang_Jeongsan_Country_Club-Ho_Chi_Minh_City.html
Pony Club Hanoi,-1,4.5,-1,https://dynamic-media-cdn.tripadvisor.com/media/photo-o/17/18/23/ab/pony-club-hanoi.jpg?w=900&h=600&s=1,"I took my daughter for her first experience on a Pony - she was so excited to go but they experience was a real let down.

We were told to walk around and see the animals - many of them were thin looking half starved - I am no expert in the field but it just felt all wrong -

My daughter was unceremoniously plonked on a pony by a morose elderly word who clearly wanted to be elsewhere - he didnâ€™t crack a smile or day a word - just led her up a hill and back - which was pretty much the whole experience - I had to walk with my daughter and hold her hand the whole time as she was so scared of the situation and the guide!

It was a nasty badly managed experience .",Sá»‘ 611 trÃªn 960 Hoáº¡t Ä‘á»™ng ngoÃ i trá»i á»Ÿ HÃ  Ná»™i,https://www.tripadvisor.com.vn/Attraction_Review-g293924-d12868732-Reviews-Pony_Club_Hanoi-Hanoi.html
Apricot Cruise,-1,5.0,-1,https://dynamic-media-cdn.tripadvisor.com/media/photo-o/16/85/8c/6c/make-local-cakes.jpg?w=1200&h=-1&s=1,"You leave the bustling city and head out in the river cruise boat with design open on all sides to allow river breeze to flow freely, it takes down the Mekong. You get a chance to observe local lively activities from the comfort of your boat. We stopped at the local market saw wholesale coconut market, some local families and gained insights into local traditional methods to utilize every bit of the coconut, how to make local cake etc. We also met a veteran who provided his perspectives of American and Cambodian war.",Sá»‘ 81 trÃªn 154 Chuyáº¿n tham quan báº±ng thuyá»n & thá»ƒ thao dÆ°á»›i nÆ°á»›c á»Ÿ ThÃ nh phá»‘ Há»“ ChÃ­ Minh,https://www.tripadvisor.com.vn/Attraction_Review-g293925-d15240048-Reviews-Apricot_Cruise-Ho_Chi_Minh_City.html
Halong Bay Activities,-1,5.0,-1,https://dynamic-media-cdn.tripadvisor.com/media/photo-o/16/50/09/c0/margaret-cruises-s-accomodatio.jpg?w=700&h=500&s=1,"Three weeks to travelling in Vietnam and the highlight is Halong bay trip , so we have a great one day tour to Halong bay my wife and I joined one day tour by the classic boat and we booked from Halong Bay Activities, Kate who is sales for this web support us every thing , a happy day on 01 st Feb-2019. it was so wonderful trip, very good transportation, cruise and well organized with excellence tour guide Ms. Mia also. Highly recommended for those wanted a relaxing and enjoyable beautiful sign seeing of Halong bay in one day.",Sá»‘ 384 trÃªn 556 Chuyáº¿n tham quan báº±ng thuyá»n & thá»ƒ thao dÆ°á»›i nÆ°á»›c á»Ÿ HÃ  Ná»™i,https://www.tripadvisor.com.vn/Attraction_Review-g293924-d15804275-Reviews-Halong_Bay_Activities-Hanoi.html
Pi Tourist,-1,5.0,-1,-1,"I extensively tour many places in Vietnam. No matter where I go people are very friendly and willing to help you in any way they can. For me there is no down side, the food is good, the shopping is good, and the services are excellent.

I try to stay in three star hotels and up wards, they are always clean and all welcome you as if you have stayed with them before.

There are many attractions that would suit young children, teenagers, singles, couples, and the elderly.",Sá»‘ 385 trÃªn 556 Chuyáº¿n tham quan báº±ng thuyá»n & thá»ƒ thao dÆ°á»›i nÆ°á»›c á»Ÿ HÃ  Ná»™i,https://www.tripadvisor.com.vn/Attraction_Review-g293924-d14058190-Reviews-Pi_Tourist-Hanoi.html
Mekong Exotique,-1,5.0,-1,-1,Superbe moment de dÃ©tente que jâ€™ai pu passer avec ma famille de passage. Câ€™Ã©tait mon tout premier voyage dans le sud et surement pas le dernier. Lâ€™endroit tout autour de la villa est trÃ¨s charmant nous avons pu nous balader tout au long du delta.,Sá»‘ 82 trÃªn 154 Chuyáº¿n tham quan báº±ng thuyá»n & thá»ƒ thao dÆ°á»›i nÆ°á»›c á»Ÿ ThÃ nh phá»‘ Há»“ ChÃ­ Minh,https://www.tripadvisor.com.vn/Attraction_Review-g293925-d12666309-Reviews-Mekong_Exotique-Ho_Chi_Minh_City.html
Phong Nha Ke Bang Tour,-1,5.0,-1,-1,"ÄÆ°á»ng Ä‘i ráº¥t Ä‘áº¹p vÃ  hÆ°á»›ng dáº«n thÃ¢n thiá»‡n, hiá»ƒu biáº¿t. Cáº£m Æ¡n vÃ¬ gá»­i áº£nh cho mÃ¬nh, cÃ³ dá»‹p mÃ¬nh sáº» vÃ o láº¡i vá»›i gia Ä‘Ã¬nh vÃ  Ä‘i tour cá»§a cÃ´ng ty cÃ¡c báº¡n!",Sá»‘ 8 trÃªn 12 Chuyáº¿n tham quan báº±ng thuyá»n & thá»ƒ thao dÆ°á»›i nÆ°á»›c á»Ÿ ÄÃ´Ì€ng HÆ¡Ìi,https://www.tripadvisor.com.vn/Attraction_Review-g659924-d15612542-Reviews-Phong_Nha_Ke_Bang_Tour-Dong_Hoi_Quang_Binh_Province.html
Phu My Quang Travel - Day Tours,-1,3.5,-1,-1,"Do visit if staying Da nang.
Beautiful area where Lady Buddha stands.
Marble mountain I visited was Water Mountain. Take the lift up as still fair amount of walking different levels. Lovely statues.
Dragon Bridge, the dragon breathes fire every Saturday and Sunday night at 9pm, all traffic stops, unmissable!
Enjoy beautiful Da nang and area.
Suggest 4/5 days though we stayed for 9.",Sá»‘ 33 trÃªn 88 Chuyáº¿n tham quan báº±ng thuyá»n & thá»ƒ thao dÆ°á»›i nÆ°á»›c á»Ÿ ÄaÌ€ NÄƒÌƒng,https://www.tripadvisor.com.vn/Attraction_Review-g298085-d8263707-Reviews-Phu_My_Quang_Travel_Day_Tours-Da_Nang.html
Advaita Surf Club,-1,5.0,-1,-1,"ÑĞ±Ñ‹Ğ»Ğ°ÑÑŒ Ğ¼ĞµÑ‡Ñ‚Ğ°! Ñ Ğ¿Ğ¾ĞºĞ°Ñ‚Ğ°Ğ»Ğ°ÑÑŒ Ğ½Ğ° ÑĞµÑ€Ñ„Ğµ! Ğ½Ñƒ ĞºĞ°Ğº Ğ¿Ğ¾ĞºĞ°Ñ‚Ğ°Ğ»Ğ°ÑÑŒ....Ğ²ÑÑ‚Ğ°Ğ»Ğ° Ğ½Ğ° Ğ½ĞµĞ³Ğ¾) Ğ½Ğ¾ Ğ´Ğ°Ğ¶Ğµ ÑÑ‚Ğ¾ Ğ´Ğ»Ñ Ğ¼ĞµĞ½Ñ ÑƒĞ¶Ğµ Ğ¾Ğ³Ñ€Ğ¾Ğ¼Ğ½Ğ¾Ğµ Ğ´Ğ¾ÑÑ‚Ğ¸Ğ¶ĞµĞ½Ğ¸Ğµ! ÑÑ‚Ğ¾ Ğ¿Ñ€Ğ¾ÑÑ‚Ğ¾ ÑÑƒĞ¿ĞµÑ€ Ñ‡ÑƒĞ²ÑÑ‚Ğ²Ğ¾, ĞºĞ¾Ğ³Ğ´Ğ° Ñ‚Ñ‹ ÑĞºĞ¾Ğ»ÑŒĞ·Ğ¸ÑˆÑŒ Ğ¿Ğ¾ Ğ²Ğ¾Ğ´Ğµ, ĞºĞ°Ğº Ğ±ÑƒĞ´Ñ‚Ğ¾ Ğ»ĞµÑ‚Ğ¸ÑˆÑŒ! Ğ²ÑĞµ ĞºÑ‚Ğ¾ Ğ² Ğ½ÑÑ‡Ğ°Ğ½Ğ³Ğµ Ğ¸ Ñƒ ĞºĞ¾Ğ³Ğ¾ ĞµÑÑ‚ÑŒ Ğ²Ğ¾Ğ·Ğ¼Ğ¾Ğ¶Ğ½Ğ¾ÑÑ‚ÑŒ Ğ¾Ğ±ÑĞ·Ğ°Ñ‚ĞµĞ»ÑŒĞ½Ğ¾ Ğ¿Ğ¾Ğ¿Ñ€Ğ¾Ğ±ÑƒĞ¹Ñ‚Ğµ! ÑÑ‚Ğ¾ ÑĞ°Ğ¼Ğ¾Ğµ ÑÑ€ĞºĞ¾Ğµ Ğ²Ğ¿ĞµÑ‡Ğ°Ñ‚Ğ»ĞµĞ½Ğ¸Ğµ Ğ¾Ñ‚ Ğ¾Ñ‚Ğ¿ÑƒÑĞºĞ°!",Sá»‘ 68 trÃªn 142 Chuyáº¿n tham quan báº±ng thuyá»n & thá»ƒ thao dÆ°á»›i nÆ°á»›c á»Ÿ Nha Trang,https://www.tripadvisor.com.vn/Attraction_Review-g293928-d15000400-Reviews-Advaita_Surf_Club-Nha_Trang_Khanh_Hoa_Province.html
I Bike Saigon,-1,5.0,-1,https://dynamic-media-cdn.tripadvisor.com/media/photo-o/15/65/0a/c0/almost-there.jpg?w=1200&h=900&s=1,-1,Sá»‘ 207 trÃªn 424 Hoáº¡t Ä‘á»™ng ngoÃ i trá»i á»Ÿ ThÃ nh phá»‘ Há»“ ChÃ­ Minh,https://www.tripadvisor.com.vn/Attraction_Review-g293925-d15327280-Reviews-I_Bike_Saigon-Ho_Chi_Minh_City.html
Du Lá»‹ch LATOUR ÄÃ  Láº¡t,-1,4.0,-1,-1,"Had an amazing day visiting the Dalat countryside. Had a personal driver on a motorbike who spoke excellent English and explained everywhere and everything we went to. Had as much time as I wanted to explore each site. Visited a cricket farm, coffee plantation, rice wine distillery, Elephant Falls, a pagoda, and a village. Also stopped for lunch along the way. Overall I highly recommend. Booked the morning of.",Sá»‘ 11 trÃªn 15 Chuyáº¿n tham quan báº±ng thuyá»n & thá»ƒ thao dÆ°á»›i nÆ°á»›c á»Ÿ ÄaÌ€ LaÌ£t,https://www.tripadvisor.com.vn/Attraction_Review-g293922-d12276591-Reviews-Dalat_LATOUR-Da_Lat_Lam_Dong_Province.html
Vietnam Adventure Travel,-1,5.0,-1,https://dynamic-media-cdn.tripadvisor.com/media/photo-o/15/7d/ab/ea/img-20171204-233817-largejpg.jpg?w=1200&h=-1&s=1,"The guy running this place was great, he guided me to some awesome places where I've never been before. Will contact them back soon to get to know more places around North of Vietnam.",Sá»‘ 614 trÃªn 960 Hoáº¡t Ä‘á»™ng ngoÃ i trá»i á»Ÿ HÃ  Ná»™i,https://www.tripadvisor.com.vn/Attraction_Review-g293924-d15398453-Reviews-Vietnam_Adventure_Travel-Hanoi.html
Hoi An Eco Palm River Tour - Day Tours,-1,4.5,-1,https://dynamic-media-cdn.tripadvisor.com/media/photo-o/09/d5/8b/e5/operation-2.jpg?w=1000&h=800&s=1,"Simply had a great day. We hired bikes from where we were staying in Hoi An (Thao Hieu Homestay) and rode down to Cam Thanh Village, taking our time and exploring the local surroundings.
On arrival we had lunch and a couple of rehydrating 333's. The Banh Xeo (rice pancake with pork and shrimp) sounded delicious but in the end I opted for the open faced wantons which were also excellent.
After lunch it was into the round wicker boats (local version of a Coracle I guess is the best way of describing it) for an hour or so paddling amongst the palms.
The locals were friendly and engaging and could not do enough to ensure we all had a special day.
Just a great way to relax, meet the locals and have a bit of fun and a good laugh.",Sá»‘ 209 trÃªn 315 Hoáº¡t Ä‘á»™ng ngoÃ i trá»i á»Ÿ Há»™i An,https://www.tripadvisor.com.vn/Attraction_Review-g298082-d9454737-Reviews-Hoi_An_Eco_Palm_River_Tour_Day_Tours-Hoi_An_Quang_Nam_Province.html
YEN BAI ECO TOUR,-1,5.0,-1,-1,"We are a group of international students from different countries in Vic Uni of Wellington, New Zealand. This is our trip in Vietnam but so far it is one of the best trip weâ€™ve ever had. Weâ€™ve heard that Vietnam is such a beautiful country but we were still amazed by the beauty of the nature in Yenbai. I love the food of the ethnic people in here, the taste is very different, but in a super good way. I wish I can stuff heaps of those dishes into takeaway boxes and bring back to NZ. I was very impressed. The trek and the bicycle tour was nice. The homestay was nice as well, friendly staff, very helpful and the house was clean. I love it. People in Vietnam are generally very friendly, I think. Oh, swimming in the waterfall is a MUST. Overall, we are very happy with everything in this trip.",Sá»‘ 266 trÃªn 456 Äá»“ Äƒn & Äá»“ uá»‘ng á»Ÿ HÃ  Ná»™i,https://www.tripadvisor.com.vn/Attraction_Review-g293924-d15224171-Reviews-YEN_BAI_ECO_TOUR-Hanoi.html
Bich Hoa Travel,-1,4.5,-1,https://media-cdn.tripadvisor.com/media/attractions-splice-spp-720x480/11/70/a7/a0.jpg,"Un peu loin de Hoi An, mais en scooter et si la mÃ©tÃ©o est bonne, câ€™est une excursion agrÃ©able Ã  la dÃ©couverte des peintures.",Sá»‘ 1 trÃªn 1 Lá»›p há»c & há»™i tháº£o á»Ÿ Tam Ká»³,https://www.tripadvisor.com.vn/Attraction_Review-g3389844-d19275231-Reviews-Bich_Hoa_Travel-Tam_Ky_Quang_Nam_Province.html
Khanh Sinh Travel,-1,3.0,-1,https://dynamic-media-cdn.tripadvisor.com/media/photo-o/07/14/88/14/khanh-sinh-travel-day.jpg?w=700&h=-1&s=1,"tÃ´i Ä‘i 3 tuor Ä‘á»u cá»§a khanh sinh, cÃ¡c hÆ°á»›ng dáº«n viÃªn nhiá»‡t tÃ¬nh chu Ä‘Ã¡o, dá»… thÆ°Æ¡ng, chuyáº¿n Ä‘i cá»§a tÃ´i suÃ´n sáº», cÃ³ Ä‘iá»u tÃ´i khÃ´ng thÃ­ch Ä‘i chÃ¹a hÆ°Æ¡ng, dÃ¢n á»Ÿ Ä‘Ã¢y khÃ´ng tá»‘t, lÃ m tiá»n khÃ¡ch, tÃ´i khÃ´ng bao giá» mua Ä‘áº¿n Ä‘Ã³ láº§n nÃ o ná»¯a",Sá»‘ 616 trÃªn 960 Hoáº¡t Ä‘á»™ng ngoÃ i trá»i á»Ÿ HÃ  Ná»™i,https://www.tripadvisor.com.vn/Attraction_Review-g293924-d7186463-Reviews-Khanh_Sinh_Travel-Hanoi.html
Ideal Travel Asia,-1,5.0,-1,https://dynamic-media-cdn.tripadvisor.com/media/photo-o/10/65/75/40/ideal-travel-asia-team.jpg?w=1200&h=900&s=1,"Quiero agradecer a Tra Nguyen por el magnÃ­fico plan vacacional guiado que me ofreciÃ³, por su constante seguimiento y atenciÃ³n durante TODO el viaje

La atenciÃ³n de todo el equipo, guÃ­as, choferes, etc. es increÃ­ble

Los precios del tour tanto en Vietnam como en Thailandia fueron adecuados
Hicieron que nuestro viaje fuera inolvidable

Recomiendo ampliamente esta agencia Ideal Travels Asia, asi como a todo su magnÃ­fico equipo en Vietnam

Tambien una felicitacion a Mr. Pongpat Panporn por las atenciones en Thailandia

Disfrutamos al maximo",Sá»‘ 617 trÃªn 960 Hoáº¡t Ä‘á»™ng ngoÃ i trá»i á»Ÿ HÃ  Ná»™i,https://www.tripadvisor.com.vn/Attraction_Review-g293924-d11426495-Reviews-Ideal_Travel_Asia-Hanoi.html
Falconbykes,-1,5.0,"1 Nguyá»…n Thá»‹ Minh Khai, ThÃ nh phá»‘ Há»“ ChÃ­ Minh 70000 Viá»‡t Nam",-1,"Ğ¥Ğ¾Ñ€Ğ¾ÑˆĞµĞµ Ğ¼ĞµÑÑ‚Ğ¾, Ğ³Ğ´Ğµ Ğ¼Ğ¾Ğ¶Ğ½Ğ¾ Ğ²Ğ·ÑÑ‚ÑŒ Ğ½Ğ° Ğ¿Ñ€Ğ¾ĞºĞ°Ñ‚ Ğ±Ğ°Ğ¹Ğº. Ğ•ÑÑ‚ÑŒ Ğ¸Ğ· Ñ‡ĞµĞ³Ğ¾ Ğ²Ñ‹Ğ±Ñ€Ğ°Ñ‚ÑŒ. Ğ‘Ğ°Ğ¹ĞºĞ¸ Ğ² Ñ…Ğ¾Ñ€Ğ¾ÑˆĞµĞ¼ ÑĞ¾ÑÑ‚Ğ¾ÑĞ½Ğ¸Ğ¸. ĞŸĞµÑ€ÑĞ¾Ğ½Ğ°Ğ» Ğ¿Ñ€Ğ¸Ğ²ĞµÑ‚Ğ»Ğ¸Ğ² Ğ¸ Ğ¾Ğ±Ñ…Ğ¾Ğ´Ğ¸Ñ‚ĞµĞ»ĞµĞ½.",Sá»‘ 208 trÃªn 424 Hoáº¡t Ä‘á»™ng ngoÃ i trá»i á»Ÿ ThÃ nh phá»‘ Há»“ ChÃ­ Minh,https://www.tripadvisor.com.vn/Attraction_Review-g293925-d7903772-Reviews-Falconbykes-Ho_Chi_Minh_City.html
Cho ThuÃª Xe MÃ¡y Táº¡i Ninh BÃ¬nh,-1,-1,"TÃ¢n thÃ nh ÄÃ´ng ThÃ nh, Ninh BiÌ€nh 430000 Viá»‡t Nam",-1,-1,-1,https://www.tripadvisor.com.vn/Attraction_Review-g303945-d12376122-Reviews-Cho_Thue_Xe_May_tai_Ninh_Binh-Ninh_Binh_Ninh_Binh_Province.html
Peter Pham Tours,-1,-1,-1,-1,-1,-1,https://www.tripadvisor.com.vn/Attraction_Review-g293926-d24877511-Reviews-Peter_Pham_Tours-Hue_Thua_Thien_Hue_Province.html
Best Price Tour Co.ltd,-1,5.0,-1,-1,-1,Sá»‘ 61 trÃªn 100 Hoáº¡t Ä‘á»™ng ngoÃ i trá»i á»Ÿ HaÌ€ Giang,https://www.tripadvisor.com.vn/Attraction_Review-g1544599-d25291631-Reviews-Best_Price_Tour_Co_ltd-Ha_Giang_Ha_Giang_Province.html
Emâ€™s Sapa Hiking,-1,-1,-1,-1,-1,-1,https://www.tripadvisor.com.vn/Attraction_Review-g311304-d25801279-Reviews-Em_s_Sapa_Hiking-Sapa_Lao_Cai_Province.html
Ali Hostel Tour and Motorbike - Ha Giang Loop,-1,-1,-1,-1,-1,-1,https://www.tripadvisor.com.vn/Attraction_Review-g1544599-d26250420-Reviews-Ali_Hostel_Tour_and_Motorbike_Ha_Giang_Loop-Ha_Giang_Ha_Giang_Province.html
Cho ThuÃª Xe MÃ¡y,-1,-1,"74A LÃ½ ThÆ°á»ng Kiá»‡t, ÄÃ´Ì€ng HÆ¡Ìi 47000 Viá»‡t Nam",-1,-1,-1,https://www.tripadvisor.com.vn/Attraction_Review-g659924-d26366926-Reviews-Cho_Thue_Xe_May-Dong_Hoi_Quang_Binh_Province.html
North Viet Travel,-1,-1,-1,-1,-1,-1,https://www.tripadvisor.com.vn/Attraction_Review-g1544599-d25129442-Reviews-North_Viet_Travel-Ha_Giang_Ha_Giang_Province.html
Just Bikes,-1,5.0,-1,https://media-cdn.tripadvisor.com/media/attractions-splice-spp-720x480/11/86/39/ab.jpg,-1,Sá»‘ 103 trÃªn 247 Hoáº¡t Ä‘á»™ng ngoÃ i trá»i á»Ÿ ÄaÌ€ NÄƒÌƒng,https://www.tripadvisor.com.vn/Attraction_Review-g298085-d26327977-Reviews-Just_Bikes-Da_Nang.html
Belocals,-1,-1,-1,-1,-1,-1,https://www.tripadvisor.com.vn/Attraction_Review-g293925-d25453558-Reviews-Belocals-Ho_Chi_Minh_City.html
Trekking Fansipan Adventure,-1,5.0,-1,-1,"This was an adventure of a lifetime! With our guide, we felt very secure and safe, despite the fact that Fansipan is quite a challenge! Phuong is an experienced guide, and a very kind and patient person. We highly recommend!",Sá»‘ 31 trong 48 hoáº¡t Ä‘á»™ng giáº£i trÃ­ táº¡i Sapa,https://www.tripadvisor.com.vn/Attraction_Review-g311304-d26448978-Reviews-Trekking_Fansipan_Adventure-Sapa_Lao_Cai_Province.html
"VN BIKE TOUR CO.,LTD",-1,5.0,-1,-1,-1,Sá»‘ 83 trÃªn 154 Chuyáº¿n tham quan báº±ng thuyá»n & thá»ƒ thao dÆ°á»›i nÆ°á»›c á»Ÿ ThÃ nh phá»‘ Há»“ ChÃ­ Minh,https://www.tripadvisor.com.vn/Attraction_Review-g293925-d26145521-Reviews-VN_BIKE_TOUR_CO_LTD-Ho_Chi_Minh_City.html
BAC HA TRIP,-1,5.0,-1,-1,-1,Sá»‘ 1 trÃªn 1 Äá»“ Äƒn & Äá»“ uá»‘ng á»Ÿ Báº¯c HÃ ,https://www.tripadvisor.com.vn/Attraction_Review-g2415097-d25311960-Reviews-BAC_HA_TRIP-Bac_Ha_Lao_Cai_Province.html
Ha Giang Plateau Tours,-1,5.0,-1,https://media-cdn.tripadvisor.com/media/attractions-splice-spp-720x480/11/c9/0b/47.jpg,-1,Sá»‘ 29 trÃªn 49 PhÆ°Æ¡ng tiÃªÌ£n giao thÃ´ng á»Ÿ HaÌ€ Giang,https://www.tripadvisor.com.vn/Attraction_Review-g1544599-d26524526-Reviews-Ha_Giang_Plateau_Tours-Ha_Giang_Ha_Giang_Province.html
ARA Bird Garden,-1,5.0,"41/23 Doan Trong Truyen, PhÃº Lá»™c 530000 Viá»‡t Nam",https://dynamic-media-cdn.tripadvisor.com/media/photo-o/2a/26/aa/10/caption.jpg?w=900&h=700&s=1,This parrot sanctuary is new in Vedana Lagoon resort. My kid was really excited to see and play with birds here. Many kind of Macaws and Birds that we saw for the first time. Very beautiful and lively. Highly recommend.,Sá»‘ 1 trong 5 hoáº¡t Ä‘á»™ng giáº£i trÃ­ táº¡i PhÃº Lá»™c,https://www.tripadvisor.com.vn/Attraction_Review-g2549590-d26558441-Reviews-ARA_Bird_Garden-Phu_Loc_Phu_Loc_District_Thua_Thien_Hue_Province.html
BÃ£i Biá»ƒn Vá»‹nh HoÃ ,-1,5.0,-1,-1,"TÃ¬nh cá» 1 láº§n Ä‘i vÃ o bÃ£i biá»ƒn vÃ  tháº¥y Ä‘áº¹p quÃ¡ nÃªn cÃ³ Ä‘Ã¡nh dáº¥u láº¡i, Láº§n Ä‘Ã³ chá»‰ nghá»‰ Ä‘c 2 giá» trÃªn Ä‘Æ°á»ng Ä‘i. Láº§n nÃ y chÃºng tÃ´i thuÃª luÃ´n khÃ¡ch sáº¡n trong khu bÃ£i biá»ƒn Ä‘á»ƒ nghá»‰ á»Ÿ Ä‘Ã¢y 2 ngÃ y.
BÃ£i biá»ƒn thoáº£i, nÆ°á»›c biá»ƒn Ä‘áº¹p vÃ  trong xanh.
Chá»§ yáº¿u lÃ  ngÆ°á»i dÃ¢n Ä‘á»‹a phÆ°Æ¡ng qua Ä‘Ã¢y Äƒn uá»‘ng nghá»‰ ngÆ¡i.",Sá»‘ 1 trong 1 hoáº¡t Ä‘á»™ng giáº£i trÃ­ táº¡i Xuan Thinh,https://www.tripadvisor.com.vn/Attraction_Review-g26580352-d26576509-Reviews-Bai_Bi_n_V_nh_Hoa-Xuan_Thinh_Song_Cau_Town_Phu_Yen_Province.html
Hanoi VNG Tour,-1,5.0,-1,-1,-1,Sá»‘ 103 trÃªn 224 Lá»›p há»c & há»™i tháº£o á»Ÿ HÃ  Ná»™i,https://www.tripadvisor.com.vn/Attraction_Review-g293924-d26494665-Reviews-Hanoi_VNG_Tour-Hanoi.html
Hue Top Gear,-1,5.0,-1,https://media-cdn.tripadvisor.com/media/attractions-splice-spp-720x480/11/cb/11/ad.jpg,"Amazing tour! I did the Hai Van Pass from Hue to Hoi An with them and it was perfect. My driver was super nice and carring and made sure I had a good time. I spend longer at the stops than expected since they were great, especially the marble mountains! They also provided speacial rainclothes in case of rain. Would definitely recommend!",Sá»‘ 71 trÃªn 133 Hoáº¡t Ä‘á»™ng ngoÃ i trá»i á»Ÿ HuÃªÌ,https://www.tripadvisor.com.vn/Attraction_Review-g293926-d26528272-Reviews-Hue_Top_Gear-Hue_Thua_Thien_Hue_Province.html
Local Tours SAPA,-1,5.0,-1,https://media-cdn.tripadvisor.com/media/attractions-splice-spp-720x480/0a/37/c4/cd.jpg,-1,Sá»‘ 88 trÃªn 152 Hoáº¡t Ä‘á»™ng ngoÃ i trá»i á»Ÿ Sapa,https://www.tripadvisor.com.vn/Attraction_Review-g311304-d19919499-Reviews-Local_Tours_SAPA-Sapa_Lao_Cai_Province.html
Sapa Buffalo Trekking,-1,5.0,-1,-1,-1,Sá»‘ 26 trÃªn 56 PhÆ°Æ¡ng tiÃªÌ£n giao thÃ´ng á»Ÿ Sapa,https://www.tripadvisor.com.vn/Attraction_Review-g311304-d26502423-Reviews-Sapa_Buffalo_Trekking-Sapa_Lao_Cai_Province.html
Grand Trip Vietnam,-1,5.0,-1,-1,Nancy and her team is very good and kind they are very polite in their service with proper English guide,Sá»‘ 104 trÃªn 224 Lá»›p há»c & há»™i tháº£o á»Ÿ HÃ  Ná»™i,https://www.tripadvisor.com.vn/Attraction_Review-g293924-d26493898-Reviews-Grand_Trip_Vietnam-Hanoi.html
TaiBalo HaGiang,-1,5.0,-1,-1,-1,Sá»‘ 30 trÃªn 49 PhÆ°Æ¡ng tiÃªÌ£n giao thÃ´ng á»Ÿ HaÌ€ Giang,https://www.tripadvisor.com.vn/Attraction_Review-g1544599-d25420707-Reviews-TaiBalo_HaGiang-Ha_Giang_Ha_Giang_Province.html
May Lily Travel,-1,5.0,-1,-1,-1,Sá»‘ 387 trÃªn 556 Chuyáº¿n tham quan báº±ng thuyá»n & thá»ƒ thao dÆ°á»›i nÆ°á»›c á»Ÿ HÃ  Ná»™i,https://www.tripadvisor.com.vn/Attraction_Review-g293924-d26229993-Reviews-May_Lily_Travel-Hanoi.html
DALA TRAVEL,-1,4.0,-1,-1,CaÌm Æ¡n Dala Travel Ä‘aÌƒ cho miÌ€nh chuyÃªÌn traÌ‰i nghiÃªÌ£m tuyÃªÌ£t vÆ¡Ì€i taÌ£i cÃ¢y thÃ´ng cÃ´ Ä‘Æ¡n ÄaÌ€ LaÌ£t. DiÌ£ch vuÌ£ chÃ¢Ìt lÆ°Æ¡Ì£ng tÃ´Ìt.,Sá»‘ 7 trÃªn 24 PhÆ°Æ¡ng tiÃªÌ£n giao thÃ´ng á»Ÿ ÄaÌ€ LaÌ£t,https://www.tripadvisor.com.vn/Attraction_Review-g293922-d21324111-Reviews-DALA_TRAVEL-Da_Lat_Lam_Dong_Province.html
TayCau Fishing,-1,5.0,-1,https://media-cdn.tripadvisor.com/media/attractions-splice-spp-720x480/10/0a/61/0e.jpg,-1,Sá»‘ 389 trÃªn 556 Chuyáº¿n tham quan báº±ng thuyá»n & thá»ƒ thao dÆ°á»›i nÆ°á»›c á»Ÿ HÃ  Ná»™i,https://www.tripadvisor.com.vn/Attraction_Review-g293924-d25236791-Reviews-TayCau_Fishing-Hanoi.html
Pys Travel,-1,5.0,-1,-1,-1,Sá»‘ 388 trÃªn 556 Chuyáº¿n tham quan báº±ng thuyá»n & thá»ƒ thao dÆ°á»›i nÆ°á»›c á»Ÿ HÃ  Ná»™i,https://www.tripadvisor.com.vn/Attraction_Review-g293924-d26528487-Reviews-Pys_Travel-Hanoi.html
Con Thoi Loi - Authentic Ben Tre Tours,-1,5.0,-1,-1,-1,Sá»‘ 1 trÃªn 2 Äá»“ Äƒn & Äá»“ uá»‘ng á»Ÿ BÃªÌn Tre,https://www.tripadvisor.com.vn/Attraction_Review-g737085-d26345479-Reviews-Con_Thoi_Loi_Authentic_Ben_Tre_Tours-Ben_Tre_Ben_Tre_Province_Mekong_Delta.html
MotoTrip,-1,5.0,-1,-1,-1,Sá»‘ 136 trÃªn 206 Äá»“ Äƒn & Äá»“ uá»‘ng á»Ÿ Há»™i An,https://www.tripadvisor.com.vn/Attraction_Review-g298082-d25562413-Reviews-MotoTrip-Hoi_An_Quang_Nam_Province.html
Lucky Travel Car Company,-1,5.0,-1,https://media-cdn.tripadvisor.com/media/attractions-splice-spp-720x480/11/84/c8/34.jpg,-1,Sá»‘ 44 trÃªn 107 PhÆ°Æ¡ng tiÃªÌ£n giao thÃ´ng á»Ÿ HuÃªÌ,https://www.tripadvisor.com.vn/Attraction_Review-g293926-d26319283-Reviews-Lucky_Travel_Car_Company-Hue_Thua_Thien_Hue_Province.html
Hoi An Pilates Boutique,-1,5.0,-1,https://dynamic-media-cdn.tripadvisor.com/media/photo-o/25/39/8c/73/caption.jpg?w=900&h=600&s=1,-1,Sá»‘ 85 trong 134 hoáº¡t Ä‘á»™ng giáº£i trÃ­ táº¡i Há»™i An,https://www.tripadvisor.com.vn/Attraction_Review-g298082-d19941665-Reviews-Hoi_An_Pilates_Boutique-Hoi_An_Quang_Nam_Province.html
Sapa Trekking Mama Zuzu,-1,-1,-1,-1,-1,-1,https://www.tripadvisor.com.vn/Attraction_Review-g311304-d26136968-Reviews-Sapa_Trekking_Mama_Zuzu-Sapa_Lao_Cai_Province.html
"motorbike/scooter rental-cum electronic parts shop in Ho Chi Minh,Vietnam near Tan Son Nhat airport",-1,5.0,-1,-1,-1,Sá»‘ 87 trÃªn 273 PhÆ°Æ¡ng tiÃªÌ£n giao thÃ´ng á»Ÿ ThÃ nh phá»‘ Há»“ ChÃ­ Minh,https://www.tripadvisor.com.vn/Attraction_Review-g293925-d26432345-Reviews-Motorbike_scooter_rental_cum_electronic_parts_shop_in_Ho_Chi_Minh_Vietnam_near_T.html
Ninh Binh tour off the beaten track,-1,5.0,-1,https://media-cdn.tripadvisor.com/media/attractions-splice-spp-720x480/11/91/3f/18.jpg,-1,Sá»‘ 15 trÃªn 30 PhÆ°Æ¡ng tiÃªÌ£n giao thÃ´ng á»Ÿ Ninh BiÌ€nh,https://www.tripadvisor.com.vn/Attraction_Review-g303945-d26366535-Reviews-Ninh_Binh_tour_off_the_beaten_track-Ninh_Binh_Ninh_Binh_Province.html
Fun Island Nha Trang,-1,5.0,-1,-1,-1,Sá»‘ 69 trÃªn 142 Chuyáº¿n tham quan báº±ng thuyá»n & thá»ƒ thao dÆ°á»›i nÆ°á»›c á»Ÿ Nha Trang,https://www.tripadvisor.com.vn/Attraction_Review-g293928-d26398086-Reviews-Fun_Island_Nha_Trang-Nha_Trang_Khanh_Hoa_Province.html
Sapa Tourist Information and Promotion Center,-1,5.0,-1,https://dynamic-media-cdn.tripadvisor.com/media/photo-o/29/be/ba/53/caption.jpg?w=1200&h=-1&s=1,-1,Sá»‘ 91 trÃªn 152 Hoáº¡t Ä‘á»™ng ngoÃ i trá»i á»Ÿ Sapa,https://www.tripadvisor.com.vn/Attraction_Review-g311304-d23522237-Reviews-Sapa_Tourist_Information_and_Promotion_Center-Sapa_Lao_Cai_Province.html
HOMELAND TOURIST,-1,5.0,-1,-1,-1,Sá»‘ 8 trÃªn 24 PhÆ°Æ¡ng tiÃªÌ£n giao thÃ´ng á»Ÿ ÄaÌ€ LaÌ£t,https://www.tripadvisor.com.vn/Attraction_Review-g293922-d25434342-Reviews-HOMELAND_TOURIST-Da_Lat_Lam_Dong_Province.html
Tom Ha Giang Tourism,-1,5.0,-1,https://dynamic-media-cdn.tripadvisor.com/media/photo-o/29/b1/92/9f/tom-ha-giang-tourism.jpg?w=1200&h=900&s=1,-1,Sá»‘ 64 trÃªn 100 Hoáº¡t Ä‘á»™ng ngoÃ i trá»i á»Ÿ HaÌ€ Giang,https://www.tripadvisor.com.vn/Attraction_Review-g1544599-d26313055-Reviews-Tom_Ha_Giang_Tourism-Ha_Giang_Ha_Giang_Province.html
Ha Long Paramotor,-1,5.0,-1,https://media-cdn.tripadvisor.com/media/attractions-splice-spp-720x480/10/51/bb/f9.jpg,-1,Sá»‘ 9 trÃªn 13 Chuyáº¿n tham quan báº±ng thuyá»n & thá»ƒ thao dÆ°á»›i nÆ°á»›c á»Ÿ Ha Long,https://www.tripadvisor.com.vn/Attraction_Review-g14776299-d25372330-Reviews-Ha_Long_Paramotor-Ha_Long_Quang_Ninh_Province.html
CÃ´ng ty TNHH MTV DLTM Nam Bá»™,-1,5.0,-1,https://media-cdn.tripadvisor.com/media/attractions-splice-spp-720x480/11/88/8f/ee.jpg,-1,Sá»‘ 7 trÃªn 13 Chuyáº¿n tham quan báº±ng thuyá»n & thá»ƒ thao dÆ°á»›i nÆ°á»›c á»Ÿ BÃªÌn Tre,https://www.tripadvisor.com.vn/Attraction_Review-g737085-d26319509-Reviews-Cong_ty_TNHH_MTV_DLTM_Nam_B-Ben_Tre_Ben_Tre_Province_Mekong_Delta.html
Village Homestay with May Chau Thi,-1,5.0,-1,-1,-1,Sá»‘ 92 trÃªn 152 Hoáº¡t Ä‘á»™ng ngoÃ i trá»i á»Ÿ Sapa,https://www.tripadvisor.com.vn/Attraction_Review-g311304-d26305174-Reviews-Village_Homestay_with_May_Chau_Thi-Sapa_Lao_Cai_Province.html
SÃ¢n Táº­p Golf Ká»³ HÃ²a,-1,5.0,"824/28Q SÆ° Váº¡n Háº¡nh, PhÆ°á»ng 12, Quáº­n 10, ThÃ nh phá»‘ Há»“ ChÃ­ Minh 70000 Viá»‡t Nam",-1,"è¶Šå—å‘¨æœ«å¤§éƒ¨ä»½å•†ä¸šæ´»åŠ¨éƒ½åœæ­¢ã€‚è¿™ä¸ªå­£èŠ‚å¤©æ°”ä¸ç¨³å®šï¼Œæ—¶æœ‰ä¸‹é›¨ã€‚ä¸æ•¢å»é«˜å°”å¤«çƒåœºã€‚ä»åœ°å›¾ä¸Šæœåˆ°æ­¤å¤„ã€‚ç»ƒä¹ äººæ°”å¾ˆæ—ºï¼Œè¦ç­‰ä¸€ä¼šå„¿æ‰æœ‰ä½ç½®ã€‚100ä¸ªçƒ200,000VNDï¼Œå¯ç§Ÿçƒæ†ï¼ˆåŒä»·ï¼‰ã€‚åœºåœ°ç¯å¢ƒå¾ˆå¥½ï¼Œè¿˜æœ‰ç»ƒä¹ æœå²­ã€‚",Sá»‘ 212 trÃªn 424 Hoáº¡t Ä‘á»™ng ngoÃ i trá»i á»Ÿ ThÃ nh phá»‘ Há»“ ChÃ­ Minh,https://www.tripadvisor.com.vn/Attraction_Review-g293925-d23903417-Reviews-San_T_p_Golf_K_Hoa-Ho_Chi_Minh_City.html
Trace Travel,-1,5.0,-1,-1,-1,Sá»‘ 89 trÃªn 187 PhÆ°Æ¡ng tiÃªÌ£n giao thÃ´ng á»Ÿ Há»™i An,https://www.tripadvisor.com.vn/Attraction_Review-g298082-d25443562-Reviews-Trace_Travel-Hoi_An_Quang_Nam_Province.html
ThÃ­ch Äi PhÆ°á»£t Store,-1,5.0,"187 Nguyen Chi Thanh Hai Chau, ÄaÌ€ NÄƒÌƒng 590000 Viá»‡t Nam",https://dynamic-media-cdn.tripadvisor.com/media/photo-o/0e/5b/20/a2/inside-danang-outdoor.jpg?w=900&h=700&s=1,ë‚˜ëŠ” ì˜ ëª¨ë¥´ê² ëŠ”ë° ì§€ì¸ ë”°ë¼ ë“¤ë¦„. ì¹œì ˆí•œ ì‚¬ì¥ë‹˜ ê°™ì•„ë³´ì˜€ìŒ. ì´ê²ƒì €ê²ƒ í¥ë¯¸ë¡œì›Œë³´ì´ëŠ” ê²Œ ë§ê¸´ í–ˆìŒ ã…ã…ã… ã… ã…‡ã„´ã„¹ë²ˆì°½í•˜ì„¸ìš”~,Sá»‘ 105 trÃªn 247 Hoáº¡t Ä‘á»™ng ngoÃ i trá»i á»Ÿ ÄaÌ€ NÄƒÌƒng,https://www.tripadvisor.com.vn/Attraction_Review-g298085-d8666791-Reviews-Thich_Di_Phuot_Store-Da_Nang.html
Cat Ba Island,-1,-1,"Cat Ba, ThaÌ€nh phÃ´Ì HaÌ‰i PhoÌ€ng, CaÌt BaÌ€ 180000 Viá»‡t Nam",https://dynamic-media-cdn.tripadvisor.com/media/photo-o/29/d4/38/fa/eco-stay-cai-beo.jpg?w=900&h=600&s=1,-1,-1,https://www.tripadvisor.com.vn/Attraction_Review-g737051-d25165211-Reviews-Cat_Ba_Island-Cat_Ba_Hai_Phong.html
Paradise Elegance Cruise - Halong Bay,-1,5.0,-1,-1,"Mesmerizing beautiful must do cruise. Halong bay is super beautiful and looks picture perfect.
The staff of Paradise Elegance Cruise was very sweet especially the manager Ms. Bell. The cruise itself is beautiful with wooden flooring and spacious rooms. The food was amazing and had great variety. The activities planned were very fun and informative including the kayaking and cave tour.
I would suggest that you should tell the staff about any food preference as they take very good care of any such special requests.",Sá»‘ 142 trÃªn 229 Chuyáº¿n tham quan báº±ng thuyá»n & thá»ƒ thao dÆ°á»›i nÆ°á»›c á»Ÿ Vá»‹nh Háº¡ Long,https://www.tripadvisor.com.vn/Attraction_Review-g293923-d25400560-Reviews-Paradise_Elegance_Cruise_Halong_Bay-Halong_Bay_Quang_Ninh_Province.html
Hoi An Journey,-1,5.0,-1,https://media-cdn.tripadvisor.com/media/attractions-splice-spp-720x480/11/35/d9/f6.jpg,-1,Sá»‘ 80 trÃªn 127 Chuyáº¿n tham quan báº±ng thuyá»n & thá»ƒ thao dÆ°á»›i nÆ°á»›c á»Ÿ Há»™i An,https://www.tripadvisor.com.vn/Attraction_Review-g298082-d26021927-Reviews-Hoi_An_Journey-Hoi_An_Quang_Nam_Province.html
Daimoc Travel Quang Binh,-1,5.0,-1,-1,-1,Sá»‘ 14 trÃªn 19 Chuyáº¿n tham quan & hoáº¡t Ä‘á»™ng á»Ÿ Phong Nha,https://www.tripadvisor.com.vn/Attraction_Review-g13163545-d20174498-Reviews-Daimoc_Travel_Quang_Binh-Phong_Nha_Quang_Binh_Province.html
Mr Tuan Tour,-1,5.0,-1,-1,-1,Sá»‘ 89 trÃªn 273 PhÆ°Æ¡ng tiÃªÌ£n giao thÃ´ng á»Ÿ ThÃ nh phá»‘ Há»“ ChÃ­ Minh,https://www.tripadvisor.com.vn/Attraction_Review-g293925-d17747631-Reviews-Mr_Tuan_Tour-Ho_Chi_Minh_City.html
Dragon King Travel,-1,5.0,-1,-1,-1,Sá»‘ 10 trÃªn 28 Äá»“ Äƒn & Äá»“ uá»‘ng á»Ÿ Vá»‹nh Háº¡ Long,https://www.tripadvisor.com.vn/Attraction_Review-g293923-d25445303-Reviews-Dragon_King_Travel-Halong_Bay_Quang_Ninh_Province.html
Dalat Motorbike Rental & Easyrider Tour,-1,5.0,-1,https://media-cdn.tripadvisor.com/media/attractions-splice-spp-720x480/10/71/a6/8b.jpg,-1,Sá»‘ 9 trÃªn 24 PhÆ°Æ¡ng tiÃªÌ£n giao thÃ´ng á»Ÿ ÄaÌ€ LaÌ£t,https://www.tripadvisor.com.vn/Attraction_Review-g293922-d25450851-Reviews-Dalat_Motorbike_Rental_Easyrider_Tour-Da_Lat_Lam_Dong_Province.html
Loka Ha Giang,-1,5.0,-1,https://media-cdn.tripadvisor.com/media/attractions-splice-spp-720x480/10/77/19/8a.jpg,-1,Sá»‘ 65 trÃªn 100 Hoáº¡t Ä‘á»™ng ngoÃ i trá»i á»Ÿ HaÌ€ Giang,https://www.tripadvisor.com.vn/Attraction_Review-g1544599-d25463933-Reviews-Loka_Ha_Giang-Ha_Giang_Ha_Giang_Province.html
Hue Private Drivers,-1,5.0,-1,https://media-cdn.tripadvisor.com/media/attractions-splice-spp-720x480/11/a0/b0/7a.jpg,-1,Sá»‘ 46 trÃªn 107 PhÆ°Æ¡ng tiÃªÌ£n giao thÃ´ng á»Ÿ HuÃªÌ,https://www.tripadvisor.com.vn/Attraction_Review-g293926-d20031917-Reviews-Hue_Private_Drivers-Hue_Thua_Thien_Hue_Province.html
mr.khanh travel agency,-1,5.0,-1,-1,-1,Sá»‘ 7 trÃªn 12 Äá»“ Äƒn & Äá»“ uá»‘ng á»Ÿ Ninh BiÌ€nh,https://www.tripadvisor.com.vn/Attraction_Review-g303945-d25931799-Reviews-Mr_khanh_travel_agency-Ninh_Binh_Ninh_Binh_Province.html
Halong Hermes Cruises,-1,5.0,-1,-1,-1,Sá»‘ 53 trÃªn 75 Chuyáº¿n tham quan báº±ng thuyá»n & thá»ƒ thao dÆ°á»›i nÆ°á»›c á»Ÿ CaÌt BaÌ€,https://www.tripadvisor.com.vn/Attraction_Review-g737051-d19112018-Reviews-Halong_Hermes_Cruises-Cat_Ba_Hai_Phong.html
Vietnam Sailing Yacht,-1,5.0,-1,-1,-1,Sá»‘ 70 trÃªn 142 Chuyáº¿n tham quan báº±ng thuyá»n & thá»ƒ thao dÆ°á»›i nÆ°á»›c á»Ÿ Nha Trang,https://www.tripadvisor.com.vn/Attraction_Review-g293928-d25571154-Reviews-Vietnam_Sailing_Yacht-Nha_Trang_Khanh_Hoa_Province.html
Halong Bay Hideaway tours,-1,5.0,-1,-1,-1,Sá»‘ 36 trÃªn 83 PhÆ°Æ¡ng tiÃªÌ£n giao thÃ´ng á»Ÿ Vá»‹nh Háº¡ Long,https://www.tripadvisor.com.vn/Attraction_Review-g293923-d25356688-Reviews-Halong_Bay_Hideaway_tours-Halong_Bay_Quang_Ninh_Province.html
Man Thai Beach,-1,5.0,-1,https://dynamic-media-cdn.tripadvisor.com/media/photo-o/29/10/c8/48/1-tr-i-nghi-m-tuy-t-v.jpg?w=900&h=600&s=1,"Tuyá»‡t vá»i. 1 tráº£i nghiá»‡m khÃ´ng thá»ƒ bá» lá»¡ khi Ä‘áº¿n ÄÃ  Náºµng. á» Ä‘Ã¢y ngoÃ i viá»‡c ngá»“i trÃªn nhá»¯ng chiáº¿c gháº¿ lÆ°á»i Ä‘áº§y mÃ u sáº¯c Ä‘Æ°á»£c kÃª trÃªn bÃ£i cÃ¡t, báº¡n cÃ²n cÃ³ thá»ƒ tráº£i nghiá»‡m dá»‹ch vá»¥ chÃ¨o Sup thÆ° giÃ£n trÃªn biá»ƒn. Lh 0935080608 Ä‘á»ƒ Ä‘áº·t tour chÃ¨o Sup",Sá»‘ 65 trong 106 hoáº¡t Ä‘á»™ng giáº£i trÃ­ táº¡i ÄaÌ€ NÄƒÌƒng,https://www.tripadvisor.com.vn/Attraction_Review-g298085-d25237482-Reviews-Man_Thai_Beach-Da_Nang.html
VINPEC TRAVEL,-1,5.0,-1,-1,-1,Sá»‘ 31 trÃªn 49 PhÆ°Æ¡ng tiÃªÌ£n giao thÃ´ng á»Ÿ HaÌ€ Giang,https://www.tripadvisor.com.vn/Attraction_Review-g1544599-d25549952-Reviews-VINPEC_TRAVEL-Ha_Giang_Ha_Giang_Province.html
CÃ´ng ty Cá»• pháº§n Du lá»‹ch Quá»‘c táº¿ Danco Viá»‡t Nam,-1,5.0,-1,https://dynamic-media-cdn.tripadvisor.com/media/photo-o/0d/af/89/06/days-tour.jpg?w=1000&h=800&s=1,"I booked Halong bay 2 months ago and had a wonderful time there. Thanks for your team

I will contact Danco Travel when i visit Vietnam next time",Sá»‘ 214 trÃªn 424 Hoáº¡t Ä‘á»™ng ngoÃ i trá»i á»Ÿ ThÃ nh phá»‘ Há»“ ChÃ­ Minh,https://www.tripadvisor.com.vn/Attraction_Review-g293925-d11670703-Reviews-Danco_Travel-Ho_Chi_Minh_City.html
Hue Local Food Tour,-1,5.0,-1,-1,-1,Sá»‘ 47 trÃªn 107 PhÆ°Æ¡ng tiÃªÌ£n giao thÃ´ng á»Ÿ HuÃªÌ,https://www.tripadvisor.com.vn/Attraction_Review-g293926-d25552332-Reviews-Hue_Local_Food_Tour-Hue_Thua_Thien_Hue_Province.html
Minh Vu Thanh,-1,-1,-1,-1,-1,-1,https://www.tripadvisor.com.vn/Attraction_Review-g12844967-d25150410-Reviews-Minh_Vu_Thanh-Dao_Co_To_Quang_Ninh_Province.html
NinhBinh-Eco-Tours,-1,5.0,-1,-1,"Cáº£m Æ¡n NinhBinh-Eco-Tours , chuyáº¿n Ä‘i ráº¥t há»¯u Ã­ch vÃ  thÃº vá»‹ , hÆ°á»›ng dáº«n viÃªn am hiá»ƒu vÃ  nhiá»‡t tÃ¬nh . TÃ´i cháº¯c cháº¯n sáº½ trá»Ÿ láº¡i Ä‘á»ƒ thÄƒm quan cÃ¡c Ä‘á»‹a danh khÃ¡c vÃ  sáº½ Ä‘á»“ng hÃ nh cÃ¹ng NinhBinh-Eco-Tours",Sá»‘ 390 trÃªn 556 Chuyáº¿n tham quan báº±ng thuyá»n & thá»ƒ thao dÆ°á»›i nÆ°á»›c á»Ÿ HÃ  Ná»™i,https://www.tripadvisor.com.vn/Attraction_Review-g293924-d13956438-Reviews-NinhBinh_Eco_Tours-Hanoi.html
Mekong Lifes Travel,-1,5.0,-1,-1,-1,Sá»‘ 14 trÃªn 22 Äá»“ Äƒn & Äá»“ uá»‘ng á»Ÿ CÃ¢Ì€n ThÆ¡,https://www.tripadvisor.com.vn/Attraction_Review-g303942-d25427864-Reviews-Mekong_Lifes_Travel-Can_Tho_Mekong_Delta.html
Há»c Viá»‡n Golf Quá»‘c Táº¿ IGA,-1,5.0,"834 Ä. Nguyá»…n VÄƒn Linh TÃ¢n Phong, Quáº­n 7, ThÃ nh phá»‘ Há»“ ChÃ­ Minh 700000 Viá»‡t Nam",https://dynamic-media-cdn.tripadvisor.com/media/photo-o/28/ef/23/3d/s-ki-n-cho-be-cung-hu.jpg?w=900&h=600&s=1,"- Há»c viá»‡n Iga cÃ³ mÃ n 3D táº­p Ä‘á»ƒ phÃ¢n tÃ­ch ká»¹ thuáº­t
- Tháº§y hÃ n quá»‘c dáº¡y chuyÃªn nghiá»‡p, thÃ¢n thiá»‡n nhÆ°ng ráº¥t ká»¹. Äáº¿n giá» lÃ  vÃ o há»c luÃ´n nÃªn pháº£i nghiÃªm tÃºc há»c
nÃ³i chung báº¡n tÃ´i ráº¥t Æ°ng, Ä‘Äƒng kÃ½ há»c nhÃ³m golf 2 ngÆ°á»i",Sá»‘ 164 trong 295 hoáº¡t Ä‘á»™ng giáº£i trÃ­ táº¡i ThÃ nh phá»‘ Há»“ ChÃ­ Minh,https://www.tripadvisor.com.vn/Attraction_Review-g293925-d25437734-Reviews-H_c_Vi_n_Golf_Qu_c_T_IGA-Ho_Chi_Minh_City.html
Vietnam Tour With Ruby,-1,5.0,-1,https://dynamic-media-cdn.tripadvisor.com/media/photo-o/28/df/cb/80/banh-mi-at-the-floating.jpg?w=1200&h=900&s=1,-1,Sá»‘ 30 trÃªn 42 Chuyáº¿n tham quan báº±ng thuyá»n & thá»ƒ thao dÆ°á»›i nÆ°á»›c á»Ÿ CÃ¢Ì€n ThÆ¡,https://www.tripadvisor.com.vn/Attraction_Review-g303942-d24836546-Reviews-Vietnam_Tour_With_Ruby-Can_Tho_Mekong_Delta.html
Food Tour on Scooters in Ho Chi Minh,-1,5.0,-1,-1,-1,Sá»‘ 216 trÃªn 424 Hoáº¡t Ä‘á»™ng ngoÃ i trá»i á»Ÿ ThÃ nh phá»‘ Há»“ ChÃ­ Minh,https://www.tripadvisor.com.vn/Attraction_Review-g293925-d25456261-Reviews-Food_Tour_on_Scooters_in_Ho_Chi_Minh-Ho_Chi_Minh_City.html
Le Gia Travel,-1,5.0,-1,-1,-1,Sá»‘ 21 trÃªn 39 Chuyáº¿n tham quan báº±ng thuyá»n & thá»ƒ thao dÆ°á»›i nÆ°á»›c á»Ÿ HuÃªÌ,https://www.tripadvisor.com.vn/Attraction_Review-g293926-d18769541-Reviews-Le_Gia_Travel-Hue_Thua_Thien_Hue_Province.html
DÃ¹ lÆ°á»£n Fly Nha Trang,-1,5.0,-1,-1,-1,Sá»‘ 94 trÃªn 196 Hoáº¡t Ä‘á»™ng ngoÃ i trá»i á»Ÿ Nha Trang,https://www.tripadvisor.com.vn/Attraction_Review-g293928-d25447931-Reviews-Du_lu_n_Fly_Nha_Trang-Nha_Trang_Khanh_Hoa_Province.html
Ruá»™ng Báº­c Thang Sa Pa trail,-1,5.0,-1,https://dynamic-media-cdn.tripadvisor.com/media/photo-o/28/d1/d6/49/caption.jpg?w=900&h=600&s=1,"The trail begins when Lao Chai street connects to main road TL152, few kilometres, you climb down on concrete road. You can get to the point with taxi, motorcycle or walking 30 minutes from Sapa with good pace. In peak season, there are many people with tour guides. We had bad luck as heavy fog was sitting in valley but later got brighter and warmer. The trail will lead you to spot to see the rice fields. You can come back and follow direction to Tan Van village through Muong Hoa valley. Extreme nice mountainous scenery, fresh air and rice field. Good shoes, especially when rains and water and special attention for winter ğŸ¥¶ time You can spend there whole day but be aware about weather change quickly and get ready with water ğŸ’§ or snack",Sá»‘ 34 trong 48 hoáº¡t Ä‘á»™ng giáº£i trÃ­ táº¡i Sapa,https://www.tripadvisor.com.vn/Attraction_Review-g311304-d25442853-Reviews-Ru_ng_B_c_Thang_Sa_Pa_trail-Sapa_Lao_Cai_Province.html
Lao Chai Trail,-1,5.0,-1,https://dynamic-media-cdn.tripadvisor.com/media/photo-o/28/cd/59/3d/caption.jpg?w=900&h=600&s=1,"This trail starts in same point as Ruá»™ng Báº­c Thang Sa Pa trail. It is almost ten kilometres long through Muong Hoa valley with hundreds of rice fields, many villages. You can start from Tan Van village or at cross road where Lao Chai street meets TL152. Mostly concrete road, sometimes you pass bikes or smaller truck. Fantastic nature, fields and many local ethnic people selling souvenirs. Good shoes, water needed. Winter time is more challenging for being careful and well dressed than summer person. Sometime, you are lucky to buy something in villages. You meet many local ethnic people selling souvenirs",Sá»‘ 35 trong 48 hoáº¡t Ä‘á»™ng giáº£i trÃ­ táº¡i Sapa,https://www.tripadvisor.com.vn/Attraction_Review-g311304-d25439194-Reviews-Lao_Chai_Trail-Sapa_Lao_Cai_Province.html
NÃºi BÃ  Äen TÃ¢y Ninh,-1,5.0,-1,-1,-1,Sá»‘ 2 trÃªn 3 Hoáº¡t Ä‘á»™ng ngoÃ i trá»i á»Ÿ TÃ¢y Ninh,https://www.tripadvisor.com.vn/Attraction_Review-g298084-d25434521-Reviews-Nui_Ba_Den_Tay_Ninh-Tay_Ninh_Tay_Ninh_Province.html
BINON CACAO PARK,-1,5.0,-1,-1,-1,Sá»‘ 1 trÃªn 2 Chuyáº¿n tham quan & hoáº¡t Ä‘á»™ng á»Ÿ BÃ  Rá»‹a,https://www.tripadvisor.com.vn/Attraction_Review-g2065227-d24053638-Reviews-BINON_CACAO_PARK-Ba_Ria_Ba_Ria_Vung_Tau_Province.html
Vntrek,-1,5.0,-1,https://dynamic-media-cdn.tripadvisor.com/media/photo-o/29/12/bb/40/don-binh-minh.jpg?w=1200&h=900&s=1,-1,Sá»‘ 217 trÃªn 424 Hoáº¡t Ä‘á»™ng ngoÃ i trá»i á»Ÿ ThÃ nh phá»‘ Há»“ ChÃ­ Minh,https://www.tripadvisor.com.vn/Attraction_Review-g293925-d25409292-Reviews-Vntrek-Ho_Chi_Minh_City.html
Cat Co 3 Beach,-1,5.0,-1,https://dynamic-media-cdn.tripadvisor.com/media/photo-o/28/cc/c4/7e/indochine-classic.jpg?w=900&h=600&s=1,"Just 2km from the center of the Cat ba shopping center is the most spectacular perfect white sand beach that no western tourists have any idea that it exists.
Catch a taxi to the "" Pearl of the Orient Front entrance""
Opposite the entrance is a public walkway to this pristine beautiful white sand beach with sun umbrellas and sun lounges all along.'
Almost no westerners even know about this despite the fact that you could walk to it in 30 mins from the town.
The waves crash in, the view is spectacular, and the landscape is outstanding.
Most western tourists pass through Cat Ba without ever visiting this beach, which is the best-kept secret in town.",Sá»‘ 13 trong 13 hoáº¡t Ä‘á»™ng giáº£i trÃ­ táº¡i CaÌt BaÌ€,https://www.tripadvisor.com.vn/Attraction_Review-g737051-d25405156-Reviews-Cat_Co_3_Beach-Cat_Ba_Hai_Phong.html
Cindy,-1,5.0,-1,-1,-1,Sá»‘ 40 trÃªn 98 Äá»“ Äƒn & Äá»“ uá»‘ng á»Ÿ ÄaÌ€ NÄƒÌƒng,https://www.tripadvisor.com.vn/Attraction_Review-g298085-d25392802-Reviews-Cindy-Da_Nang.html
Andy Private Tours and Transfers,-1,5.0,-1,-1,-1,Sá»‘ 81 trÃªn 127 Chuyáº¿n tham quan báº±ng thuyá»n & thá»ƒ thao dÆ°á»›i nÆ°á»›c á»Ÿ Há»™i An,https://www.tripadvisor.com.vn/Attraction_Review-g298082-d21239420-Reviews-Andy_Private_Tours_and_Transfers-Hoi_An_Quang_Nam_Province.html
Faifo Tailor Hoi An,-1,5.0,-1,-1,-1,Sá»‘ 215 trÃªn 315 Hoáº¡t Ä‘á»™ng ngoÃ i trá»i á»Ÿ Há»™i An,https://www.tripadvisor.com.vn/Attraction_Review-g298082-d19410400-Reviews-Faifo_Tailor_Hoi_An-Hoi_An_Quang_Nam_Province.html
Lan Ha Xanh Travel,-1,5.0,-1,https://media-cdn.tripadvisor.com/media/attractions-splice-spp-720x480/10/3f/7d/02.jpg,-1,Sá»‘ 624 trÃªn 960 Hoáº¡t Ä‘á»™ng ngoÃ i trá»i á»Ÿ HÃ  Ná»™i,https://www.tripadvisor.com.vn/Attraction_Review-g293924-d25332630-Reviews-Lan_Ha_Xanh_Travel-Hanoi.html
Ha Long Bay Kayking Tour,-1,5.0,-1,-1,-1,-1,https://www.tripadvisor.com.vn/Attraction_Review-g3737857-d20305878-Reviews-Ha_Long_Bay_Kayking_Tour-Tuan_Chau_Island_Halong_Bay_Quang_Ninh_Province.html
Nguyen Hoang Ninh,-1,5.0,-1,-1,-1,Sá»‘ 11 trÃªn 24 PhÆ°Æ¡ng tiÃªÌ£n giao thÃ´ng á»Ÿ CaÌt BaÌ€,https://www.tripadvisor.com.vn/Attraction_Review-g737051-d19415287-Reviews-Nguyen_Hoang_Ninh-Cat_Ba_Hai_Phong.html
Water World PhÃº Quá»‘c,-1,5.0,-1,https://media-cdn.tripadvisor.com/media/attractions-splice-spp-720x480/10/3f/c6/4d.jpg,-1,Sá»‘ 53 trÃªn 104 Chuyáº¿n tham quan báº±ng thuyá»n & thá»ƒ thao dÆ°á»›i nÆ°á»›c á»Ÿ ÄaÌ‰o PhuÌ QuÃ´Ìc,https://www.tripadvisor.com.vn/Attraction_Review-g469418-d25334247-Reviews-Water_World_Phu_Qu_c-Phu_Quoc_Island_Kien_Giang_Province.html
Maximus Travel Vietnam,-1,5.0,-1,-1,-1,Sá»‘ 145 trÃªn 229 Chuyáº¿n tham quan báº±ng thuyá»n & thá»ƒ thao dÆ°á»›i nÆ°á»›c á»Ÿ Vá»‹nh Háº¡ Long,https://www.tripadvisor.com.vn/Attraction_Review-g293923-d20812381-Reviews-Maximus_Travel_Vietnam-Halong_Bay_Quang_Ninh_Province.html
Impressive Land Travel,-1,3.5,-1,-1,"I booked three daytrips and received, without great negotiations, very fair deals which are absolutely competitive with other agencies.

Everything happened to be reliable and enjoyable.

Besides they offer great exchange rates, unbeatable in town.

I can absolutely recommend this friendly and helpful agency.",Sá»‘ 51 trÃªn 84 Äá»“ Äƒn & Äá»“ uá»‘ng á»Ÿ HuÃªÌ,https://www.tripadvisor.com.vn/Attraction_Review-g293926-d8775168-Reviews-Impressive_Land_Travel-Hue_Thua_Thien_Hue_Province.html
Sin Suoi Ho Resort,-1,4.5,-1,https://media-cdn.tripadvisor.com/media/attractions-splice-spp-720x480/09/dd/54/0a.jpg,-1,Sá»‘ 1 trÃªn 2 Chuyáº¿n tham quan & hoáº¡t Ä‘á»™ng á»Ÿ Lai ChÃ¢u,https://www.tripadvisor.com.vn/Attraction_Review-g811257-d19597524-Reviews-Sin_Suoi_Ho_Resort-Lai_Chau_Lai_Chau_Province.html
Green Tour,-1,5.0,-1,-1,-1,Sá»‘ 82 trÃªn 214 PhÆ°Æ¡ng tiÃªÌ£n giao thÃ´ng á»Ÿ ÄaÌ€ NÄƒÌƒng,https://www.tripadvisor.com.vn/Attraction_Review-g298085-d19701198-Reviews-Green_Tour-Da_Nang.html
NAMASTE,-1,5.0,-1,-1,-1,Sá»‘ 54 trÃªn 104 Chuyáº¿n tham quan báº±ng thuyá»n & thá»ƒ thao dÆ°á»›i nÆ°á»›c á»Ÿ ÄaÌ‰o PhuÌ QuÃ´Ìc,https://www.tripadvisor.com.vn/Attraction_Review-g469418-d24981156-Reviews-NAMASTE-Phu_Quoc_Island_Kien_Giang_Province.html
Luxury Halong Bay Trip 2 day or 3 day tour,-1,5.0,-1,-1,-1,Sá»‘ 146 trÃªn 229 Chuyáº¿n tham quan báº±ng thuyá»n & thá»ƒ thao dÆ°á»›i nÆ°á»›c á»Ÿ Vá»‹nh Háº¡ Long,https://www.tripadvisor.com.vn/Attraction_Review-g293923-d19345793-Reviews-Luxury_Halong_Bay_Trip_2_day_or_3_day_tour-Halong_Bay_Quang_Ninh_Province.html
MR.KONG EASY RIDER,-1,5.0,-1,-1,-1,Sá»‘ 43 trÃªn 66 Hoáº¡t Ä‘á»™ng ngoÃ i trá»i á»Ÿ ÄaÌ€ LaÌ£t,https://www.tripadvisor.com.vn/Attraction_Review-g293922-d25312177-Reviews-MR_KONG_EASY_RIDER-Da_Lat_Lam_Dong_Province.html
Motorbike Rental Ho Chi Minh - Saigon,-1,5.0,-1,-1,-1,Sá»‘ 92 trÃªn 273 PhÆ°Æ¡ng tiÃªÌ£n giao thÃ´ng á»Ÿ ThÃ nh phá»‘ Há»“ ChÃ­ Minh,https://www.tripadvisor.com.vn/Attraction_Review-g293925-d24960337-Reviews-Motorbike_Rental_Ho_Chi_Minh_Saigon-Ho_Chi_Minh_City.html
Matthew,-1,5.0,-1,-1,-1,Sá»‘ 77 trÃªn 133 Hoáº¡t Ä‘á»™ng ngoÃ i trá»i á»Ÿ HuÃªÌ,https://www.tripadvisor.com.vn/Attraction_Review-g293926-d17648288-Reviews-Matthew-Hue_Thua_Thien_Hue_Province.html
Vinpearl Golf Nam Hoi An,-1,3.5,-1,https://dynamic-media-cdn.tripadvisor.com/media/photo-o/29/c8/ac/b6/san-golf-nam-h-i-an-luc.jpg?w=900&h=600&s=1,"ChÃºng tÃ´i Ä‘Ã£ chá»n nÆ¡i nÃ y cho ká»³ nghá»‰ cá»§a gia Ä‘Ã¬nh ,khÃ¡ch sáº¡n sáº¡ch sáº½, Ä‘áº¹p, nhÃ¢n viÃªn nhiá»‡t tÃ¬nh .Nháº¥t lÃ  em Thu Thá»§y hotess vÃ  em Duy Linh nhÃ  hÃ ng lantern, em Ngá»c Dung Supervisor cá»§a Housekeeping khu villa ,chÃºng tÃ´i sáº½ quay láº¡i vÃ o dá»‹p Ä‘áº¿n.",Sá»‘ 220 trÃªn 326 Hoáº¡t Ä‘á»™ng ngoÃ i trá»i á»Ÿ Tá»‰nh Quáº£ng Nam,https://www.tripadvisor.com.vn/Attraction_Review-g2146272-d15272677-Reviews-Vinpearl_Golf_Nam_Hoi_An-Quang_Nam_Province.html
JD's PARTY BOAT Phu Quoc,-1,5.0,-1,-1,-1,Sá»‘ 15 trÃªn 34 GiaÌ‰i triÌ vÃªÌ€ Ä‘Ãªm á»Ÿ ÄaÌ‰o PhuÌ QuÃ´Ìc,https://www.tripadvisor.com.vn/Attraction_Review-g469418-d25179321-Reviews-JD_s_PARTY_BOAT_Phu_Quoc-Phu_Quoc_Island_Kien_Giang_Province.html
Hoi An Tourism Yoga & Vegetarian Food - Cooking Class Tours,-1,5.0,-1,-1,-1,Sá»‘ 82 trÃªn 127 Chuyáº¿n tham quan báº±ng thuyá»n & thá»ƒ thao dÆ°á»›i nÆ°á»›c á»Ÿ Há»™i An,https://www.tripadvisor.com.vn/Attraction_Review-g298082-d20958073-Reviews-Hoi_An_Tourism_Yoga_Vegetarian_Food_Cooking_Class_Tours-Hoi_An_Quang_Nam_Provinc.html
Mekong Tour,-1,5.0,-1,-1,-1,Sá»‘ 10 trÃªn 17 Hoáº¡t Ä‘á»™ng ngoÃ i trá»i á»Ÿ BÃªÌn Tre,https://www.tripadvisor.com.vn/Attraction_Review-g737085-d25299843-Reviews-MEKONG_TOUR-Ben_Tre_Ben_Tre_Province_Mekong_Delta.html
LÃ¢m Háº£i PhÃº Quá»‘c,-1,4.5,-1,-1,"We took a day trip to a pepper farm, pearl farm, went out on a boat, did some snorkeling, took the cable car and more. We are two families, 8 people. Everybody enjoyed the trip very much. The guide was friendly but spoke limited english. We had a bit of an misunderstanding at the cable car because of this. But we recommend this trip very much.",Sá»‘ 56 trÃªn 104 Chuyáº¿n tham quan báº±ng thuyá»n & thá»ƒ thao dÆ°á»›i nÆ°á»›c á»Ÿ ÄaÌ‰o PhuÌ QuÃ´Ìc,https://www.tripadvisor.com.vn/Attraction_Review-g469418-d17450606-Reviews-Lam_Hai_Phu_Quoc-Phu_Quoc_Island_Kien_Giang_Province.html
T&K Travel Group,-1,5.0,-1,-1,-1,Sá»‘ 93 trÃªn 273 PhÆ°Æ¡ng tiÃªÌ£n giao thÃ´ng á»Ÿ ThÃ nh phá»‘ Há»“ ChÃ­ Minh,https://www.tripadvisor.com.vn/Attraction_Review-g293925-d24164927-Reviews-T_K_Travel_Group-Ho_Chi_Minh_City.html
Ozo Motorbike Rental,-1,5.0,"72 Cao BÃ¡ QuÃ¡t, ÄÃ´Ì€ng HÆ¡Ìi 510000 Viá»‡t Nam",-1,"La compagnie est venue nous chercher Ã  l aÃ©roport en scooter et nous a fait visiter dong hoi. Nous avons rencontrÃ© 2 personnes adorables. Nous avons pu voir les diffÃ©rentes portes de la ville, la place , la plage de sable pour faire de la luge , le temple et le musÃ©e de la ville .",Sá»‘ 22 trÃªn 33 Hoáº¡t Ä‘á»™ng ngoÃ i trá»i á»Ÿ ÄÃ´Ì€ng HÆ¡Ìi,https://www.tripadvisor.com.vn/Attraction_Review-g659924-d19073595-Reviews-Ozo_Motorbike_Rental-Dong_Hoi_Quang_Binh_Province.html
CÃ´ng Ty Du Lá»‹ch An BÃ¬nh,-1,4.5,-1,-1,"A great cruise was arranged through HanoitoHalong travel agency with lots of things to do. We have see cruise through the most beautiful place of the bay with the famous islets such as Dinh Huong islets, while enjoying fresh seafood lunch on boat. We will highly recommend it.",Sá»‘ 391 trÃªn 556 Chuyáº¿n tham quan báº±ng thuyá»n & thá»ƒ thao dÆ°á»›i nÆ°á»›c á»Ÿ HÃ  Ná»™i,https://www.tripadvisor.com.vn/Attraction_Review-g293924-d12279223-Reviews-Anbinh_Travel_Limited_Company-Hanoi.html
Robinson Beach Nha Trang,-1,5.0,"Äáº£o HÃ²n Tre PhÆ°á»ng VÄ©nh NguyÃªn, Nha Trang 650000 Viá»‡t Nam",https://dynamic-media-cdn.tripadvisor.com/media/photo-o/27/b8/0a/91/calm-oasis-make-you-feel.jpg?w=900&h=600&s=1,"MÃ¬nh lá»±a chá»n chuyáº¿n Ä‘i 2 ngÃ y 1 Ä‘Ãªm táº¡i Robinson. NÆ¡i Ä‘Ã¢y lÃ  khÃ´ng gian lÃ½ tÆ°á»Ÿng cho nhá»¯ng ngÆ°á»i thÃ­ch sá»± hoang sÆ¡, yÃªn tÄ©nh",Sá»‘ 50 trong 90 hoáº¡t Ä‘á»™ng giáº£i trÃ­ táº¡i Nha Trang,https://www.tripadvisor.com.vn/Attraction_Review-g293928-d25248257-Reviews-Robinson_Beach_Nha_Trang-Nha_Trang_Khanh_Hoa_Province.html
Amadive Dive Center,-1,5.0,-1,-1,-1,Sá»‘ 5 trÃªn 10 Chuyáº¿n tham quan & hoáº¡t Ä‘á»™ng á»Ÿ CÃ´n SÆ¡n,https://www.tripadvisor.com.vn/Attraction_Review-g1024873-d25212699-Reviews-Amadive_Dive_Center-Con_Son_Con_Dao_Islands_Ba_Ria_Vung_Tau_Province.html
Legend Land Travel - Day Tours,-1,5.0,-1,https://dynamic-media-cdn.tripadvisor.com/media/photo-o/09/6d/7e/23/legend-land-travel-day.jpg?w=500&h=-1&s=1,"Always professional and extremely helpful, they're my go to people for booking train tickets, national park permits, guides for trekking and climbing and more.

I've always communicated with them online and haven't had any issues, which is really convenient.

And rest assured, they'll try their best to help you get the best or at the very least really good prices for whatever it is you're looking to do.",Sá»‘ 392 trÃªn 556 Chuyáº¿n tham quan báº±ng thuyá»n & thá»ƒ thao dÆ°á»›i nÆ°á»›c á»Ÿ HÃ  Ná»™i,https://www.tripadvisor.com.vn/Attraction_Review-g293924-d8761832-Reviews-Legend_Land_Travel_Day_Tours-Hanoi.html
Local Hmong Guide in SAPA villages,-1,5.0,-1,-1,-1,Sá»‘ 1 trÃªn 2 Chuyáº¿n tham quan & hoáº¡t Ä‘á»™ng á»Ÿ Ta Van,https://www.tripadvisor.com.vn/Attraction_Review-g12536571-d25146063-Reviews-Local_Hmong_Guide_in_SAPA_villages-Ta_Van_Lao_Cai_Province.html
Mr. Tan,-1,5.0,-1,-1,-1,Sá»‘ 17 trÃªn 32 Äá»“ Äƒn & Äá»“ uá»‘ng á»Ÿ ÄaÌ‰o PhuÌ QuÃ´Ìc,https://www.tripadvisor.com.vn/Attraction_Review-g469418-d20263862-Reviews-Mr_Tan-Phu_Quoc_Island_Kien_Giang_Province.html
Harmony Travel,-1,5.0,-1,-1,-1,Sá»‘ 61 trÃªn 158 Vui chÆ¡i & Giáº£i trÃ­ á»Ÿ ThÃ nh phá»‘ Há»“ ChÃ­ Minh,https://www.tripadvisor.com.vn/Attraction_Review-g293925-d17836722-Reviews-Harmony_Travel-Ho_Chi_Minh_City.html
TripGuru Hanoi,-1,4.5,-1,https://media-cdn.tripadvisor.com/media/attractions-splice-spp-720x480/09/ed/c7/09.jpg,"The whole experience was beautiful. Our tourguide Hung was super friendly, informative and funny! Food was great and there was a lot more than I thought so please donâ€™t eat before you go and waste the good food they prepare (: Only thing I would change would be to have a bit more time on the boat ride back to the wharf! After such a nice day and after making friends with a couple of people, we would have liked to relax on the deck and drink beers while watching the sunset to end the night.",Sá»‘ 393 trÃªn 556 Chuyáº¿n tham quan báº±ng thuyá»n & thá»ƒ thao dÆ°á»›i nÆ°á»›c á»Ÿ HÃ  Ná»™i,https://www.tripadvisor.com.vn/Attraction_Review-g293924-d19516357-Reviews-TripGuru_Hanoi-Hanoi.html
Victory Cruises,-1,4.5,-1,-1,"Had a fabulous 2 night/3day cruise on Halong Bay as part of a Mercury Vietnam Odyssey trip. Loved our cabin which was spacious enough for the trip. Very clean & most areas seemed to be well maintained. We had no issues. Middle deck had dining room and upper deck was for chilling. Sunbathing on the deck & nice drinks up there in the evening. Drinks were a wee bit pricey we thought. Food was amazing & beautifully presented & service professional. Lots of fish/seafood, but non fish people were well catered for too. Scenery was spectacular and the trips out in the tender were enjoyable. There was even night fishing. This cruise was one of the highlights of the whole trip. Thoroughly recommend.",Sá»‘ 1 trÃªn 3 Äá»“ Äƒn & Äá»“ uá»‘ng á»Ÿ Bai Chay,https://www.tripadvisor.com.vn/Attraction_Review-g13163470-d19323918-Reviews-Victory_Cruises-Bai_Chay_Halong_Bay_Quang_Ninh_Province.html
Vietnam Tour - Map Saigon,-1,5.0,-1,https://media-cdn.tripadvisor.com/media/attractions-splice-spp-720x480/0a/5d/5d/d7.jpg,-1,Sá»‘ 85 trÃªn 154 Chuyáº¿n tham quan báº±ng thuyá»n & thá»ƒ thao dÆ°á»›i nÆ°á»›c á»Ÿ ThÃ nh phá»‘ Há»“ ChÃ­ Minh,https://www.tripadvisor.com.vn/Attraction_Review-g293925-d20054353-Reviews-Vietnam_Tour_Map_Saigon-Ho_Chi_Minh_City.html
VIETNAM DREAM TRIP,-1,5.0,-1,https://media-cdn.tripadvisor.com/media/attractions-splice-spp-720x480/0f/c3/66/c1.jpg,-1,Sá»‘ 96 trÃªn 273 PhÆ°Æ¡ng tiÃªÌ£n giao thÃ´ng á»Ÿ ThÃ nh phá»‘ Há»“ ChÃ­ Minh,https://www.tripadvisor.com.vn/Attraction_Review-g293925-d25043559-Reviews-VIETNAM_DREAM_TRIP-Ho_Chi_Minh_City.html
Há»™i An Daily Tours,-1,5.0,-1,-1,-1,Sá»‘ 83 trÃªn 127 Chuyáº¿n tham quan báº±ng thuyá»n & thá»ƒ thao dÆ°á»›i nÆ°á»›c á»Ÿ Há»™i An,https://www.tripadvisor.com.vn/Attraction_Review-g298082-d25129899-Reviews-H_i_An_Daily_Tours-Hoi_An_Quang_Nam_Province.html
Ninh BÃ¬nh Daily Tours,-1,5.0,-1,-1,-1,Sá»‘ 7 trÃªn 10 Mua sÄƒÌm á»Ÿ Ninh BiÌ€nh,https://www.tripadvisor.com.vn/Attraction_Review-g303945-d25007152-Reviews-Ninh_Binh_Daily_Tours-Ninh_Binh_Ninh_Binh_Province.html
Vietnam Booking OfficeÂ®,-1,5.0,-1,-1,-1,Sá»‘ 84 trÃªn 127 Chuyáº¿n tham quan báº±ng thuyá»n & thá»ƒ thao dÆ°á»›i nÆ°á»›c á»Ÿ Há»™i An,https://www.tripadvisor.com.vn/Attraction_Review-g298082-d25130534-Reviews-Vietnam_Booking_OfficeR-Hoi_An_Quang_Nam_Province.html
HÃ¹ng Anh Homestay,-1,5.0,-1,-1,-1,Sá»‘ 1 trÃªn 2 GiaÌ‰i triÌ vÃªÌ€ Ä‘Ãªm á»Ÿ Ninh Hai,https://www.tripadvisor.com.vn/Attraction_Review-g12866457-d25178770-Reviews-Hung_Anh_Homestay-Ninh_Hai_Hoa_Lu_District_Ninh_Binh_Province.html
Nguyá»‡t Quáº¿ Homestay & Tours,-1,5.0,-1,https://dynamic-media-cdn.tripadvisor.com/media/photo-o/27/38/6b/cf/fruits.jpg?w=1200&h=-1&s=1,-1,Sá»‘ 8 trÃªn 13 Chuyáº¿n tham quan báº±ng thuyá»n & thá»ƒ thao dÆ°á»›i nÆ°á»›c á»Ÿ BÃªÌn Tre,https://www.tripadvisor.com.vn/Attraction_Review-g737085-d25179068-Reviews-Nguy_t_Qu_Homestay_Tours-Ben_Tre_Ben_Tre_Province_Mekong_Delta.html
BÃ£i biá»ƒn tÃ¬nh yÃªu (Love Beach),-1,5.0,"Sá»‘ 90 Ä‘Æ°á»ng VÅ© VÄƒn Hiáº¿u BÃ£i biá»ƒn TÃ¬nh YÃªu CÃ´ TÃ´, Thá»‹ Tran Co To, Dao Co To 01400 Viá»‡t Nam",https://dynamic-media-cdn.tripadvisor.com/media/photo-o/27/37/35/53/caption.jpg?w=900&h=600&s=1,"BÃ£i biá»ƒn dÃ i vÃ  Ä‘áº¹p, Ä‘áº·c biá»‡t lÃ  ngáº¯m hoÃ ng hÃ´n táº¡i Ä‘Ã¢y má»—i khi nháº­n tháº¥y trong ngÃ y cÃ³ nhiá»u mÃ¢y tráº¯ng váº©y rá»“ng. BÃ£i biá»ƒn dÃ i hÆ¡n 6km, biá»ƒu chiá»u cÃ³ thá»ƒ Ä‘i bá»™ má»™t vÃ²ng hÃ²a mÃ¬nh cÃ¹ng vá»›i thiÃªn nhiÃªn",Sá»‘ 3 trong 11 hoáº¡t Ä‘á»™ng giáº£i trÃ­ táº¡i Thá»‹ Tran Co To,https://www.tripadvisor.com.vn/Attraction_Review-g15292527-d25188234-Reviews-Bai_bi_n_tinh_yeu_Love_Beach-Th_Tran_Co_To_Dao_Co_To_Quang_Ninh_Province.html
CÃ´ng Ty TNHH Du Lá»‹ch VÃ  Dá»‹ch Vá»¥ Oktrip - Äáº¡i HÃ nh TrÃ¬nh,-1,5.0,-1,-1,-1,Sá»‘ 85 trÃªn 214 PhÆ°Æ¡ng tiÃªÌ£n giao thÃ´ng á»Ÿ ÄaÌ€ NÄƒÌƒng,https://www.tripadvisor.com.vn/Attraction_Review-g298085-d24114827-Reviews-Cong_Ty_TNHH_Du_L_ch_Va_D_ch_V_Oktrip_D_i_Hanh_Trinh-Da_Nang.html
Best Price Tour Co.ltd,-1,5.0,-1,https://media-cdn.tripadvisor.com/media/attractions-splice-spp-720x480/10/07/6d/bf.jpg,-1,Sá»‘ 12 trÃªn 24 PhÆ°Æ¡ng tiÃªÌ£n giao thÃ´ng á»Ÿ CaÌt BaÌ€,https://www.tripadvisor.com.vn/Attraction_Review-g737051-d25214658-Reviews-Best_Price_Tour_Co_ltd-Cat_Ba_Hai_Phong.html
Indochina Tour,-1,5.0,-1,https://dynamic-media-cdn.tripadvisor.com/media/photo-o/28/6b/b5/ac/blue-diamond-cruise.jpg?w=1200&h=900&s=1,-1,Sá»‘ 394 trÃªn 556 Chuyáº¿n tham quan báº±ng thuyá»n & thá»ƒ thao dÆ°á»›i nÆ°á»›c á»Ÿ HÃ  Ná»™i,https://www.tripadvisor.com.vn/Attraction_Review-g293924-d25174904-Reviews-Indochina_Tour-Hanoi.html
Flamingo Hoian Motorbike Tours & Rentals,-1,5.0,-1,-1,-1,Sá»‘ 95 trÃªn 187 PhÆ°Æ¡ng tiÃªÌ£n giao thÃ´ng á»Ÿ Há»™i An,https://www.tripadvisor.com.vn/Attraction_Review-g298082-d23000222-Reviews-Flamingo_Hoian_Motorbike_Tours_Rentals-Hoi_An_Quang_Nam_Province.html
Best Hue City Tour Travel,-1,5.0,-1,-1,-1,Sá»‘ 49 trÃªn 107 PhÆ°Æ¡ng tiÃªÌ£n giao thÃ´ng á»Ÿ HuÃªÌ,https://www.tripadvisor.com.vn/Attraction_Review-g293926-d20995277-Reviews-Best_Hue_City_Tour_Travel-Hue_Thua_Thien_Hue_Province.html
Hanoi Daily Tours,-1,5.0,-1,-1,-1,Sá»‘ 207 trÃªn 494 PhÆ°Æ¡ng tiÃªÌ£n giao thÃ´ng á»Ÿ HÃ  Ná»™i,https://www.tripadvisor.com.vn/Attraction_Review-g293924-d25007013-Reviews-Hanoi_Daily_Tours-Hanoi.html
English-Speaking Driver,-1,5.0,-1,-1,-1,Sá»‘ 85 trÃªn 127 Chuyáº¿n tham quan báº±ng thuyá»n & thá»ƒ thao dÆ°á»›i nÆ°á»›c á»Ÿ Há»™i An,https://www.tripadvisor.com.vn/Attraction_Review-g298082-d25083359-Reviews-English_Speaking_Driver-Hoi_An_Quang_Nam_Province.html
Ra RiÃªng Homestay,-1,5.0,-1,-1,-1,Sá»‘ 3 trÃªn 11 Vui chÆ¡i & Giáº£i trÃ­ á»Ÿ HuÃªÌ,https://www.tripadvisor.com.vn/Attraction_Review-g293926-d25129180-Reviews-Ra_Rieng_Homestay-Hue_Thua_Thien_Hue_Province.html
Saigon SUP Club,-1,5.0,-1,https://media-cdn.tripadvisor.com/media/attractions-splice-spp-720x480/09/c2/e7/df.jpg,-1,Sá»‘ 86 trÃªn 154 Chuyáº¿n tham quan báº±ng thuyá»n & thá»ƒ thao dÆ°á»›i nÆ°á»›c á»Ÿ ThÃ nh phá»‘ Há»“ ChÃ­ Minh,https://www.tripadvisor.com.vn/Attraction_Review-g293925-d19494274-Reviews-Saigon_SUP_Club-Ho_Chi_Minh_City.html
L.A SaigonTours,-1,5.0,-1,-1,"My tourguide was a young student , he was very hillarious and excellent knowledges, she took me to go around the Saigon city, from D1 to D3 to see the local area which was located in the central area and it made myseft really suprised because i have never seen it before, we went around the flower market and cambodian street food to try the cuisine and enjoyed the local beer. after that we went back to D4 to see the Saigon river in the night time which was very gogerous and mysterious . I highly recommend this tour to every one
Dear
Bela",Sá»‘ 139 trÃªn 296 GiaÌ‰i triÌ vÃªÌ€ Ä‘Ãªm á»Ÿ ThÃ nh phá»‘ Há»“ ChÃ­ Minh,https://www.tripadvisor.com.vn/Attraction_Review-g293925-d20307209-Reviews-L_A_SaigonTours-Ho_Chi_Minh_City.html
