Title,Price,Rating,Address,Img_URL,Description,Rank_of_province
Hoa Thu Homestay,416.667 ₫,"5,0","80 Ngô Quyền Minh An, Hội An Việt Nam","https://dynamic-media-cdn.tripadvisor.com/media/photo-o/14/74/9f/76/hoa-thu-homestay.jpg?w=400&h=-1&s=1 1x,https://dynamic-media-cdn.tripadvisor.com/media/photo-o/14/74/9f/76/hoa-thu-homestay.jpg?w=800&h=-1&s=1 2x","Hoa Thu Homestay là một lựa chọn tuyệt vời cho khách du lịch khi đến thăm Hội An, mang đến những tiện nghi hữu ích cho suốt thời gian lưu trú của bạn.
Các phòng khách sạn cung cấp điều hòa nhiệt độ và tủ lạnh, và Hoa Thu Homestay làm cho việc online trở nên dễ dàng với wifi miễn phí có sẵn.
Hơn nữa, khách có thể tận hưởng bữa sáng trong suốt thời gian ở đây.
Nếu bạn muốn khám phá những địa danh yêu thích khi đến Hội An, Hoa Thu Homestay nằm không xa Cầu Nhật Bản (0,3 km) và Lune Performing Center Hoi An (0,3 km).",Số 50 trong 101 khách sạn nhỏ tại Hội An
Halo Hostel Quy Nhon city,-1,"5,0","33 lê Lợi, Quy Nhơn 590000 Việt Nam","https://dynamic-media-cdn.tripadvisor.com/media/photo-o/1b/5e/01/7e/halo-hostel.jpg?w=400&h=-1&s=1 1x,https://dynamic-media-cdn.tripadvisor.com/media/photo-o/1b/5e/01/7e/halo-hostel.jpg?w=800&h=-1&s=1 2x","Tôi vừa có một chuyến đi tại nơi này vào ngày 8/3, nơi này thật tuyệt vời, quả là một trải nghiệm thú vị. Tôi rất mong một ngày nào đó gần nhất sẽ được đặt chân lại tại nơi đây, tôi yêu quy nhơn, tôi yêu dịch vụ tại hotel này, quá thực thật tuyệt vời, xuất sắc",Xếp thứ 4 trong 41 nhà trọ tại Quy Nhơn
Meander Saigon Hostel,-1,"4,5","3b Ly Tu Trong Ben Nghe Ward, District 1, Thành phố Hồ Chí Minh 700000 Việt Nam","https://dynamic-media-cdn.tripadvisor.com/media/photo-o/1c/36/58/36/couples-to-relax-in.jpg?w=400&h=-1&s=1 1x,https://dynamic-media-cdn.tripadvisor.com/media/photo-o/1c/36/58/36/couples-to-relax-in.jpg?w=800&h=-1&s=1 2x","Good rooms for a hostel, not much noise, some useful communal spaces. Front desk helpful at planning excursions and providing local information. Hostel is close to some good restaurant and bars, there was also a coffee shop on the corner which was good for breakfast.",Xếp thứ 52 trong 279 nhà trọ tại Thành phố Hồ Chí Minh
"Spotlight Hotel
Đây có phải là doanh nghiệp của quý vị không?",-1,"4,5","184 Cong Quynh, Thành phố Hồ Chí Minh Việt Nam","https://dynamic-media-cdn.tripadvisor.com/media/photo-o/18/3d/37/a5/caption.jpg?w=400&h=-1&s=1 1x,https://dynamic-media-cdn.tripadvisor.com/media/photo-o/18/3d/37/a5/caption.jpg?w=800&h=-1&s=1 2x","Spotlight Hotel là một lựa chọn tuyệt vời cho khách du lịch khi đến thăm Thành phố Hồ Chí Minh, mang đến những tiện nghi hữu ích cho suốt thời gian lưu trú của bạn.
Spotlight Hotel là khách sạn nhỏ bình dân cung cấp điều hòa nhiệt độ, quầy bar mini và tủ lạnh trong phòng và thật dễ dàng kết nối khi ở đây vì wifi miễn phí được cung cấp cho khách.
Khách sạn nhỏ cung cấp bàn lễ tân 24 giờ, dịch vụ phòng và bảo vệ 24 giờ. Với khách đi lại bằng xe cộ của mình, đỗ xe miễn phí có sẵn.",Số 53 trong 612 khách sạn nhỏ tại Thành phố Hồ Chí Minh
An An Homestay,-1,"5,0","An An Homestay road An An Homestay, Phong Nha 511860 Việt Nam","https://dynamic-media-cdn.tripadvisor.com/media/photo-o/1a/9f/34/77/photo0jpg.jpg?w=400&h=-1&s=1 1x,https://dynamic-media-cdn.tripadvisor.com/media/photo-o/1a/9f/34/77/photo0jpg.jpg?w=800&h=-1&s=1 2x","An thực sự đã vượt lên trên và để đảm bảo rằng chúng tôi đã có một kỳ nghỉ tuyệt vời ở đây! Căn phòng rất sạch sẽ và chiếc giường thoải mái nhất tôi chắc chắn sẽ quay trở lại trong tương lai, anh ấy cung cấp nhiều chuyến du ngoạn hang động với một tỷ lệ tốt! Các món ăn là không thể tin được vì tôi không có gì xấu để nói về nơi này là tốt nhất! Cảm ơn một lần nữa An cho tất cả mọi thứ bạn là một chàng trai đứng lên!",Xếp thứ 5 trong 15 nhà trọ tại Phong Nha
Hoi An Garden Sea Homestay,-1,"5,0","149 Lạc Long Quân Cẩm An, Hội An 560000 Việt Nam","https://dynamic-media-cdn.tripadvisor.com/media/photo-o/18/cd/f7/36/hoi-an-garden-sea-homestay.jpg?w=400&h=-1&s=1 1x,https://dynamic-media-cdn.tripadvisor.com/media/photo-o/18/cd/f7/36/hoi-an-garden-sea-homestay.jpg?w=800&h=-1&s=1 2x",Cám ơn Hoi An Garden Sea Homestay đã cho tôi một kì nghỉ tuyệt vời nhất mà tôi chưa từng được trải nghiệm. Vừa đến nơi đây tôi đã cảm nhận được một nét gì đó mang theo hồn của vùng quê việt nam. tất cả cảnh vật hay con người ở đây làm cho tôi như đang sống trong một gia đình nhỏ của chính mình vậy. Bố tôi đánh giá rất cao Hoi An Garden Sea Homestay vì nét giản gị mang tính truyền thống nó mang lại. nó làm cho bố tôi quên đi hết những mệt mỏi sau khi đi chuyến xe dài để đến với phố cổ Hội An,Số 109 trong 193 nhà khách tại Hội An
Song Toan Hotel,307.500 ₫,"4,5","ĐT20 Son Trach Ward, Bo Trach District, Phong Nha 510000 Việt Nam","https://dynamic-media-cdn.tripadvisor.com/media/photo-o/12/d9/2a/00/getlstd-property-photo.jpg?w=400&h=-1&s=1 1x,https://dynamic-media-cdn.tripadvisor.com/media/photo-o/12/d9/2a/00/getlstd-property-photo.jpg?w=800&h=-1&s=1 2x","Hãy tự hỏi tại sao khách du lịch đã lựa chọn Song Toan Hotel khi đến thăm Phong Nha. Khách sạn là sự tổng hợp của những giá trị lý tưởng, sự thoải mái và thuận tiện như khung cảnh dành cho gia đình cùng với những tiện nghi được thiết kế cho những du khách như bạn.
B&B cung cấp dịch vụ phòng, làm cho chuyến đi của bạn còn dễ chịu hơn nữa. Khách sạn còn cung cấp bữa sáng. Khách đi lại bằng ô tô có thể sử dụng đỗ xe miễn phí.
Khi ở Phong Nha hãy nhớ thử nhà hàng kiểu việt lân cận như You and Me Restaurant hoặc Phong Nha Vegan.",Số 2 trong 4 B&B tại Phong Nha
Mint Homestay,-1,"4,5","55/25 Ngũ Hành Sơn, Quận Ngũ Hành Sơn, Đà Nẵng 550000 Việt Nam","https://dynamic-media-cdn.tripadvisor.com/media/photo-o/0d/2b/63/66/room.jpg?w=400&h=-1&s=1 1x,https://dynamic-media-cdn.tripadvisor.com/media/photo-o/0d/2b/63/66/room.jpg?w=800&h=-1&s=1 2x","Tìm kiếm một nhà khách dành cho gia đình lý tưởng ở Đà Nẵng không phải là quá khó. Chào đón bạn đến với Mint Homestay, một lựa chọn đúng đắn cho những du khách như bạn.
Gần các địa danh như DHC Marina (2,6 km) và Nhà Thờ Chính Tòa Đà Nẵng (3,4 km) đã làm Mint Homestay trở thành lựa chọn lý tưởng cho những ai muốn đến thăm những địa danh yêu thích này ở Đà Nẵng.
Là “ngôi nhà xa xứ,” các phòng nhà khách cung cấp điều hòa nhiệt độ và bếp nhỏ, và kết nối mạng thật dễ dàng, với wifi miễn phí sẵn có.",Số 5 trong 39 nhà khách tại Đà Nẵng
VATC SleepPod,-1,"4,0","Floor 3, Terminal T1 Noi Bai International Airport, Hà Nội 10000 Việt Nam","https://dynamic-media-cdn.tripadvisor.com/media/photo-o/19/dd/f2/04/caption.jpg?w=400&h=-1&s=1 1x,https://dynamic-media-cdn.tripadvisor.com/media/photo-o/19/dd/f2/04/caption.jpg?w=800&h=-1&s=1 2x",Cảm giác thật thoải mái khi ở tại sleeppod.mặc dù không gian hơi nhỏ nhưng cũng đủ để nghỉ ngơi trong thời gian chờ đợi.nhân viên thì rất nhiệt tình thoải mái vui vẻ đã giúp đỡ tôi rất nhiều.Đây là 1 địa điểm nghỉ ngơi rất tốt.,Số 16 trong 58 khách sạn đặc biệt tại Hà Nội
Island Town Villas,-1,"5,0","378 Nguyễn Tri Phương Cẩm Nam, Hội An 560000 Việt Nam","https://dynamic-media-cdn.tripadvisor.com/media/photo-o/15/1f/f3/dc/island-town-villas.jpg?w=400&h=-1&s=1 1x,https://dynamic-media-cdn.tripadvisor.com/media/photo-o/15/1f/f3/dc/island-town-villas.jpg?w=800&h=-1&s=1 2x","Nếu bạn đang tìm kiếm khách sạn nhỏ ở Hội An, hãy thử nghiệm Island Town Villas.
Nằm gần các địa danh như Hoi An Photo Day Tours & Workshop (1,4 km) và Hoi An Handicraft Workshop (1,7 km) đã làm Island Town Villas trở thành lựa chọn lý tưởng khi đến Hội An.
Các phòng tại Island Town Villas cung cấp bếp nhỏ đưa lại sự thoải mái và thuận tiện tuyệt vời và khách có thể online với wifi miễn phí.
Dịch vụ phòng là một trong những điểm thuận tiện có được tại khách sạn nhỏ. Bể bơi và bữa sáng sẽ giúp chuyến đi của bạn trở nên đặc biệt hơn. Nếu bạn lái xe tới Island Town Villas, đỗ xe miễn phí có sẵn.",Số 51 trong 101 khách sạn nhỏ tại Hội An
Binh Minh Hostel,-1,"5,0","Civil group 2, Market center, Dong Van town, Ha Giang, Đồng Văn Việt Nam","https://dynamic-media-cdn.tripadvisor.com/media/photo-o/10/27/48/d5/binh-minh-hostel.jpg?w=400&h=-1&s=1 1x,https://dynamic-media-cdn.tripadvisor.com/media/photo-o/10/27/48/d5/binh-minh-hostel.jpg?w=800&h=-1&s=1 2x","Mình đặt phòng 4 người, tưởng đâu là 2 gường đôi, ngờ đâu 1 phòng 4 giường bự cho team 4 luôn, giá cả rất rẻ luôn nhen, anh chị chủ siêu dễ thương và thân thiện nhe. Phòng ốc tiện nghi, rất yên tâm khi lưu trú nhé ❤️",Xếp thứ 1 trong 12 nhà trọ tại Đồng Văn
Homestay Junglemans,-1,"5,0","207 Lý Tự Trọng Trần Phú, Hà Giang 310000 Việt Nam","https://dynamic-media-cdn.tripadvisor.com/media/photo-o/0d/f5/09/6f/around-ha-giang-province.jpg?w=400&h=-1&s=1 1x,https://dynamic-media-cdn.tripadvisor.com/media/photo-o/0d/f5/09/6f/around-ha-giang-province.jpg?w=800&h=-1&s=1 2x","Hãy tự hỏi tại sao khách du lịch đã lựa chọn Jungleman Hostel khi đến thăm Hà Giang. Khách sạn là sự tổng hợp của những giá trị lý tưởng, sự thoải mái và thuận tiện như khung cảnh dành cho gia đình cùng với những tiện nghi được thiết kế cho những du khách như bạn.
Jungleman Hostel cung cấp cho khách nhiều tiện nghi bao gồm bếp nhỏ, tủ lạnh và sofa, và kết nối mạng là có thể vì wifi miễn phí có sẵn.
Nhà khách cung cấp dịch vụ phòng, làm cho kỳ nghỉ của bạn dễ chịu hơn nữa. Khách sạn còn cung cấp phòng khách. Khách đi đến khách sạn bằng phương tiện của mình có thể dùng đỗ xe miễn phí.",Số 1 trong 10 nhà khách tại Hà Giang
BBQ Hostel,-1,"4,5","D307 MonBay, Ha Long 200000 Việt Nam","https://dynamic-media-cdn.tripadvisor.com/media/photo-o/19/4f/8a/86/phong-vip-co-b-n-t-m.jpg?w=400&h=-1&s=1 1x,https://dynamic-media-cdn.tripadvisor.com/media/photo-o/19/4f/8a/86/phong-vip-co-b-n-t-m.jpg?w=800&h=-1&s=1 2x",Chúng tôi thấy trên booking.com còn phòng và đến nơi lại báo là ko còn và báo hạng cao hơn. Tôi cảm giác là cố tình ko muốn bán. Ko hề tỏ ra nhận lỗi sai dù chúng tôi tìm khá lâu mới đến ks. Ko thể chấp nhận được cách làm việc như vậy,Xếp thứ 1 trong 2 nhà trọ tại Ha Long
Laurel Hotel Hue,482.381 ₫,"4,5","7 Doi Cung, Huế Việt Nam","https://dynamic-media-cdn.tripadvisor.com/media/photo-o/12/70/0a/13/bed-room-5.jpg?w=400&h=-1&s=1 1x,https://dynamic-media-cdn.tripadvisor.com/media/photo-o/12/70/0a/13/bed-room-5.jpg?w=800&h=-1&s=1 2x","- Tọa lạc tại số 7 Đội Cung, gần khách sạn Mường Thanh Huế, trong khu phố Tây sầm uất và cách sông Hương chưa đến 500m. Khách sạn Laurel có 1 địa thế tuyệt vời cho những người thích cuộc sống náo nhiệt, thuận tiện cho các hoạt động tham quan, vui chơi và giải trí. - Khách sạn không có bãi đậu xe do đó họ trưng dụng con hẻm kế bên làm nơi đậu xe máy tạm thời vào ban ngày (và thật may mắn khi chúng tôi có chỗ đậu chiếc xe máy của chúng tôi). - Nhân viên rất thân thiện, nhiệt tình và hiếu khách. Họ hướng dẫn tận tình, chu đáo và đầy nhiệt huyết. Tôi đánh giá cao thái độ của các bạn nhân viên làm ngành dịch vụ như thế. - Phòng hơi nhỏ, cũ và bắt đầu xuống cấp. Tuy nhiên vấn đề vệ sinh khá sạch sẽ, các đồ dùng khá gọn gàng và ngăn nắp. -",Xếp thứ 10 trong 34 nhà nghỉ tại Huế
La Paloma Resort Phu Quoc,350.000 ₫,"4,5","Ganh Gio, Đảo Phú Quốc Việt Nam","https://dynamic-media-cdn.tripadvisor.com/media/photo-o/19/a5/df/d4/la-paloma-resort.jpg?w=400&h=-1&s=1 1x,https://dynamic-media-cdn.tripadvisor.com/media/photo-o/19/a5/df/d4/la-paloma-resort.jpg?w=800&h=-1&s=1 2x","Ai cũng xứng đáng tận hưởng những giây phút nghỉ ngơi. La Paloma Bungalow & Spa sẽ là một lựa chọn tuyệt vời cho những du khách đến Đảo Phú Quốc tìm kiếm sự nghỉ ngơi và thư giãn. Nổi tiếng với không khí dành cho gia đình, và vị trí gần nhà hàng, La Paloma Bungalow & Spa sẽ giúp bạn tận hưởng những gì tuyệt nhất ở Đảo Phú Quốc.
Các phòng khách sạn cung cấp các tiện nghi như quầy bar mini, bàn làm việc và khu ghế ngồi, và khách có thể kết nối internet với wifi miễn phí được cung cấp bởi khách sạn nhỏ.",Số 19 trong 118 khách sạn nhỏ tại Đảo Phú Quốc
Lotus Apartment Hotel,489.881 ₫,"4,5","6/11 Nguyen Du, Phuong 1, Thanh Pho, Vũng Tàu Việt Nam","https://dynamic-media-cdn.tripadvisor.com/media/photo-o/0f/ba/e7/48/lotus-apartment-hotel.jpg?w=400&h=-1&s=1 1x,https://dynamic-media-cdn.tripadvisor.com/media/photo-o/0f/ba/e7/48/lotus-apartment-hotel.jpg?w=800&h=-1&s=1 2x","Hãy tự hỏi tại sao khách du lịch đã lựa chọn Lotus Apartment Hotel khi đến thăm Vũng Tàu. Khách sạn là sự tổng hợp của những giá trị lý tưởng, sự thoải mái và thuận tiện như khung cảnh dành cho gia đình cùng với những tiện nghi được thiết kế cho những du khách như bạn.
Là “ngôi nhà xa xứ,” các phòng khách sạn nhỏ cung cấp điều hòa nhiệt độ, bếp nhỏ và tủ lạnh, và kết nối mạng thật dễ dàng, với wifi miễn phí sẵn có.
Khách có thể dùng bàn lễ tân 24 giờ, dịch vụ phòng và nhân viên hỗ trợ khách khi nghỉ tại Lotus Apartment Hotel. Thuận tiện hơn nữa, còn có đỗ xe miễn phí có sẵn cho khách.",Số 2 trong 112 khách sạn nhỏ tại Vũng Tàu
Amour Resort Ba Vì,3.158.634 ₫,"5,0","Ba Vì Cote 400, Hà Nội 100000 Việt Nam","https://dynamic-media-cdn.tripadvisor.com/media/photo-o/27/5e/87/a5/amour-resort-ba-vi.jpg?w=400&h=-1&s=1 1x,https://dynamic-media-cdn.tripadvisor.com/media/photo-o/27/5e/87/a5/amour-resort-ba-vi.jpg?w=800&h=-1&s=1 2x","Khu nghỉ dưỡng cho gia đình vào cuối tuần Không gian thoáng mát , không khí trong lành , ngắm cảnh núi rừng thưởng thức tách trà nóng . Thưởng thức các món ăn ngon đặc sản của Ba Vì tại nhà hàng , sự gần gửi và nhiệt tình của nhân viên mình cảm thấy thân thiện . Sẽ quay trở lại vào một ngày gần nhất",Số 80 trong 381 khách sạn nhỏ tại Hà Nội
Cửu Long Hotel,585.633 ₫,"4,0","81 - 83 Đường 30/4, Phường 1, Thành Phố, Mỹ Tho 860000 Việt Nam","https://dynamic-media-cdn.tripadvisor.com/media/photo-o/1a/7a/29/01/lobby.jpg?w=400&h=-1&s=1 1x,https://dynamic-media-cdn.tripadvisor.com/media/photo-o/1a/7a/29/01/lobby.jpg?w=800&h=-1&s=1 2x","Nhân viên nhiệt tình và chu đáo Phòng không lớn nhưng ấm cúng Dịp mình đi dịp kỉ niem ngày cưới thấy giường có trang trí đơn giản my dễ thương lắm, phần này th không biết chồng mình có yêu cầu thêm không Có cà phê sân thượng tầng 8 hay 9 gì đó ngắm cảnh đẹp lắm!! Nhất định phải đến đây !! Vị trí gần bến đò tham quan du lịch đi bộ cũng được khoảng 10p, tối còn có chợ đêm ăn uống nhưng hơi buồn Nếu có dịp mình sẽ quay lại",Số 1 trong 3 khách sạn đặc biệt tại Mỹ Tho
King Kong Hostel,-1,"5,0","Tam Coc Ninh Hai, Ninh Bình Việt Nam","https://dynamic-media-cdn.tripadvisor.com/media/photo-o/17/c3/0d/b7/king-kong-hostel.jpg?w=400&h=-1&s=1 1x,https://dynamic-media-cdn.tripadvisor.com/media/photo-o/17/c3/0d/b7/king-kong-hostel.jpg?w=800&h=-1&s=1 2x","Chúng tôi đã có 3 đêm tuyệt vời tại nhà nghỉ king kong. Chủ rất thân thiện. Mỗi buổi sáng, bữa sáng và cà phê được làm tươi và rất ngon. Chúng tôi sử dụng xe đạp miễn phí hàng ngày để khám phá khu vực, một giá trị thực sự tuyệt vời. Tôi sẽ không ngần ngại ở lại đây một lần nữa. Cảm ơn anh Chi!",Xếp thứ 6 trong 27 nhà trọ tại Ninh Bình
Ha Thu Hotel,296.296 ₫,"4,0","64/2 Tran Phu Str Loc Tho Dist, Nha Trang City, Nha Trang Việt Nam","https://dynamic-media-cdn.tripadvisor.com/media/photo-o/06/6c/3a/cf/ha-thu-hotel.jpg?w=400&h=-1&s=1 1x,https://dynamic-media-cdn.tripadvisor.com/media/photo-o/06/6c/3a/cf/ha-thu-hotel.jpg?w=800&h=-1&s=1 2x","Tìm kiếm khách sạn nhỏ bình dân lý tưởng ở Nha Trang không phải là quá khó. Chào đón bạn đến với Ha Thu Hotel, một lựa chọn đúng đắn cho những du khách như bạn.
Wifi miễn phí được cung cấp cho khách, và các phòng của Ha Thu Hotel đều có tủ lạnh, điều hòa nhiệt độ và khu ghế ngồi.
Trong thời gian ở đây, hãy tận hưởng những tiện nghi được cung cấp bao gồm bàn lễ tân 24 giờ, nhân viên hỗ trợ khách và nhận phòng / trả phòng nhanh. Du khách tại Ha Thu Hotel cũng được chào đón thử nghiệm bồn tắm nước nóng, ngay trong khách sạn. Đối với du khách có xe cộ, đỗ xe miễn phí có sẵn.",Số 15 trong 235 khách sạn nhỏ tại Nha Trang
"Thanh Binh 2 Hotel
Đây có phải là doanh nghiệp của quý vị không?",264.550 ₫,"4,0","10B Pham Van Dong, Nha Trang Việt Nam","https://dynamic-media-cdn.tripadvisor.com/media/photo-o/15/3c/76/46/img-20181102-092735-largejpg.jpg?w=400&h=-1&s=1 1x,https://dynamic-media-cdn.tripadvisor.com/media/photo-o/15/3c/76/46/img-20181102-092735-largejpg.jpg?w=800&h=-1&s=1 2x","Gia đình tôi thường đặt ở tại khách sạn này bởi vì tiện là sát biển, phòng thoáng, view đẹp nội thất còn mới và giá cả thì ổn định. Có vài điều nho nhỏ khách sạn nên khác phục : 1) Bãi đỗ xe hơi bất tiện và wifi chậm 2) Nhân viên trực đêm ( Nam ) nên vui vẻ một tý Còn lại mọi thứ đều ok. Cảm ơn đã phục vụ gia đình chúng tôi",Xếp thứ 1 trong 54 nhà nghỉ tại Nha Trang
Green Grapefruit Villa,275.475 ₫,"5,0","03 Trần Quang Khải Cẩm Châu, Hội An 560000 Việt Nam","https://dynamic-media-cdn.tripadvisor.com/media/photo-o/16/8c/b3/f9/green-grapefruit-villa.jpg?w=400&h=-1&s=1 1x,https://dynamic-media-cdn.tripadvisor.com/media/photo-o/16/8c/b3/f9/green-grapefruit-villa.jpg?w=800&h=-1&s=1 2x",Đừng ngại ngần nếu bạn đến Hội An. Nhà khách này là hoàn hảo với phòng sạch sẽ và thoải mái. Nó rất yên tĩnh và chủ nhà rất tốt bụng. Bạn có thể mua các tour du lịch để tham quan xung quanh và bạn có rất nhiều nhà hàng tốt gần đó,Xếp thứ 46 trong 87 nhà nghỉ tại Hội An
King Palace Hotel and Spa,265.833 ₫,"3,5","45 Hàng Bông Hoàn Kiếm, Hà Nội 100000 Việt Nam","https://dynamic-media-cdn.tripadvisor.com/media/photo-o/13/02/e2/1f/deluxe-triple-room.jpg?w=400&h=-1&s=1 1x,https://dynamic-media-cdn.tripadvisor.com/media/photo-o/13/02/e2/1f/deluxe-triple-room.jpg?w=800&h=-1&s=1 2x","rất tốt, khách sạn trung tâm phòng đẹp giá tốt, rất phù hợp cho khách du lịch và cặp tôi nghỉ ngơi, thái độ phục vuh chu đáo, đồ dùng trong phòng khách sạn hiện tại, các chức năng còn rất tốt, sẽ quay lại",Số 17 trong 58 khách sạn đặc biệt tại Hà Nội
Rosabella Boutique Hotel,416.614 ₫,"4,5","39 Loseby Góc ngã tư Loseby và Hoàng Bích Sơn, Sơn Trà, Đà Nẵng 550000 Việt Nam","https://dynamic-media-cdn.tripadvisor.com/media/photo-o/13/86/26/b0/lobby.jpg?w=400&h=-1&s=1 1x,https://dynamic-media-cdn.tripadvisor.com/media/photo-o/13/86/26/b0/lobby.jpg?w=800&h=-1&s=1 2x","Tìm kiếm khách sạn ở Đà Nẵng? Hãy xem Rosabella Boutique Hotel, khách sạn nhỏ nhỏ và sang trọng, lưu trú tại đây sẽ giúp bạn khám phá Đà Nẵng một cách dễ dàng.
Wifi miễn phí được cung cấp cho khách, và các phòng của Rosabella Boutique Hotel đều có điều hòa nhiệt độ, bếp nhỏ và quầy bar mini.
Trong thời gian ở đây, hãy tận hưởng những tiện nghi được cung cấp bao gồm nhân viên hỗ trợ khách và dịch vụ phòng. Du khách tại Rosabella Boutique Hotel cũng được chào đón thử nghiệm bữa sáng, ngay trong khách sạn.",Số 22 trong 293 khách sạn nhỏ tại Đà Nẵng
The Naked Table,-1,"4,5","Tran Hung Dao To 4, Cua lap, Duong To, Phu Quoc Island, Kien giang, Dương Đông, Đảo Phú Quốc Việt Nam","https://dynamic-media-cdn.tripadvisor.com/media/photo-o/12/9d/d3/cd/the-naked-table.jpg?w=400&h=-1&s=1 1x,https://dynamic-media-cdn.tripadvisor.com/media/photo-o/12/9d/d3/cd/the-naked-table.jpg?w=800&h=-1&s=1 2x","The Naked Table là một lựa chọn tuyệt vời cho khách du lịch khi đến Dương Đông, cung cấp không khí quyến rũ cùng với nhiều tiện nghi hữu ích cho kì nghỉ của bạn.
Gần với Su Muon Pagoda (3,6 km), một địa danh được yêu thích ở Dương Đông, The Naked Table là lựa chọn lý tưởng của khách du lịch.
Internet miễn phí được cung cấp cho khách, và các phòng của The Naked Table đều có điều hòa nhiệt độ và quầy bar mini.",Số 2 trong 11 nhà trọ tại Đảo Phú Quốc
Summer Stations Homestay,-1,"5,0","Quốc Lộ 55 Xã Bông Trang, Huyện Xuyên Mộc, Vũng Tàu 78000 Việt Nam","https://dynamic-media-cdn.tripadvisor.com/media/photo-o/1b/13/10/2e/summer-stations-homestay.jpg?w=400&h=-1&s=1 1x,https://dynamic-media-cdn.tripadvisor.com/media/photo-o/1b/13/10/2e/summer-stations-homestay.jpg?w=800&h=-1&s=1 2x","Dù bạn là người thích bình yên, tĩnh lặng hay là người thích mạo hiểm, khám phá thì Summer Station Homstay là điểm dừng chân có thể đáp ứng được tất cả. Một nơi vừa gần biển lại vừa gần rừng. Chiều chiều chạy xe xuyên qua cánh rừng bạt ngàn cây xanh để ra biển ngắm hoàng hôn và tắm biển. Cuối tuần có thể vào rừng khám phá rừng nguyên sinh với đủ chủng loại thực vật. Ăn uống thì chị chủ nấu bao ngon, bao no. Mình được thử rất nhiều các loại ốc sò khác nhau trong thời gian sống ở đây. Quên kể đến các chú chó rất dễ thương và thân thiện.",Số 1 trong 13 nhà khách tại Vũng Tàu
Pine Hill Treehouse Homestay Dalat,-1,"4,5","1 Triệu Việt Vương King Summer Palace, Đà Lạt 670000 Việt Nam","https://dynamic-media-cdn.tripadvisor.com/media/photo-o/16/5e/4f/79/pine-hill-homestay-dalat.jpg?w=400&h=-1&s=1 1x,https://dynamic-media-cdn.tripadvisor.com/media/photo-o/16/5e/4f/79/pine-hill-homestay-dalat.jpg?w=800&h=-1&s=1 2x","- Chủ nhà rất tốt bụng, thân thiện: mình đến home lúc sớm 7h kém, sáng sớm chưa mở cửa nhưng chủ nhà cho mình nhận phòng từ sớm - Mình cũng mướn xe tại home dịch vụ rất tốt - Cảnh quang, view thì tuyệt vời, rất gần gũi với thiên nhiên, mình ở phòng trên cây nhỏ số 5, view rất tuyệt - Tuy nhiên mình có 1 số cảm nhận cá nhân mình như sau: mình đi dịp này Đà Lạt lạnh 11 độ, nhưng phòng có nhiều kẽ hở gió lùa vào rất lạnh không thể chịu nổi, đêm thì chó sủa liên tục nên không ngủ được Cơ sở hạ tầng theo cảm nhận của mình thì không họp lý so với giá 1 đêm là 850k, chất lượng k tốt, vì so với ks 2 sao gần chợ đà lạt khoảng 400k sạch sẽ hơn nhiều. Homestay nên tu bổ cho phòng mới và có cảm giác sạch sẽ hơn Mền gối mỏng: không đủ ấm cho nhiệt độ ở đà lạt Mình ở 3 ngày 2 đêm nhưng k…",Xếp thứ 1 trong 102 nhà nghỉ tại Đà Lạt
Hanoi Evergreen Hotel,243.574 ₫,"3,5","No 21 Hang Dong Street, Hang Bo Ward, Hoan Kiem dist, Hà Nội 10000 Việt Nam","https://dynamic-media-cdn.tripadvisor.com/media/photo-o/04/83/0e/e7/family-city-view.jpg?w=400&h=-1&s=1 1x,https://dynamic-media-cdn.tripadvisor.com/media/photo-o/04/83/0e/e7/family-city-view.jpg?w=800&h=-1&s=1 2x","Hãy tự hỏi tại sao khách du lịch đã lựa chọn Hanoi Evergreen Hotel khi đến thăm Hà Nội. Khách sạn là sự tổng hợp của những giá trị lý tưởng, sự thoải mái và thuận tiện như những tiện nghi được thiết kế cho những du khách như bạn.
Hanoi Evergreen Hotel là khách sạn nhỏ bình dân cung cấp điều hòa nhiệt độ trong phòng và thật dễ dàng kết nối khi ở đây vì wifi miễn phí được cung cấp cho khách.
Khách sạn nhỏ cung cấp bàn lễ tân 24 giờ, nhân viên hỗ trợ khách và báo chí hàng ngày.",Số 81 trong 381 khách sạn nhỏ tại Hà Nội
Nhà Nghỉ Thái Bình Garden,-1,"5,0","Group 6, Tay Do, Duyen Truong Việt Nam","https://dynamic-media-cdn.tripadvisor.com/media/photo-o/10/a1/c9/f5/thai-binh-garden.jpg?w=400&h=-1&s=1 1x,https://dynamic-media-cdn.tripadvisor.com/media/photo-o/10/a1/c9/f5/thai-binh-garden.jpg?w=800&h=-1&s=1 2x",-1,Xếp thứ 1 trong 1 nhà trọ tại Duyen Truong
The Alley,-1,"5,0","239/4 Nguyen Thien Thuat street, Nha Trang 0258 Việt Nam","https://dynamic-media-cdn.tripadvisor.com/media/photo-o/11/92/cb/92/entrance.jpg?w=400&h=-1&s=1 1x,https://dynamic-media-cdn.tripadvisor.com/media/photo-o/11/92/cb/92/entrance.jpg?w=800&h=-1&s=1 2x","Tôi không thể tưởng tượng bất cứ điều gì tốt hơn cho mức giá thấp này. Nhân viên thân thiện đáng kinh ngạc, những người khóa xe máy của bạn bên trong hành lang vào ban đêm vì sự an toàn và những người có sẵn cả đêm. Sạch sẽ, tiện nghi hiện đại, không có tiếng ồn đường phố. ! Tôi không thể tưởng tượng được điều gì tốt hơn.",Xếp thứ 2 trong 54 nhà nghỉ tại Nha Trang
Gold Plus Hotel,264.550 ₫,"4,0","Xuan Tien Village Son Trach, Bo Trach, Vườn quốc gia Phong Nha-Kẻ Bàng 511860 Việt Nam","https://dynamic-media-cdn.tripadvisor.com/media/photo-o/11/bf/3c/92/gold-plus-hotel.jpg?w=400&h=-1&s=1 1x,https://dynamic-media-cdn.tripadvisor.com/media/photo-o/11/bf/3c/92/gold-plus-hotel.jpg?w=800&h=-1&s=1 2x","Rất khuyên bạn nên khách sạn này! Các nhân viên rất đáng yêu và rất hữu ích, các phòng đều rộng rãi sạch sẽ và thoải mái! Khách sạn này nằm ngay tại trung tâm và giá cả hợp lý như vậy với bữa sáng! Con hổ dễ dàng ở bên cạnh nhưng một và bạn có thể trả 60 k đồng cho một ban nhạc cổ tay và sử dụng hồ bơi của họ vv cho miễn là bạn đang ở trong khu vực",Xếp thứ 8 trong 9 nhà nghỉ tại Vườn quốc gia Phong Nha-Kẻ Bàng
Newland Hostel,-1,"4,5","9a Hai Ba Trung, Đà Lạt Việt Nam","https://dynamic-media-cdn.tripadvisor.com/media/photo-o/06/42/c0/e0/newland-hostel.jpg?w=400&h=-1&s=1 1x,https://dynamic-media-cdn.tripadvisor.com/media/photo-o/06/42/c0/e0/newland-hostel.jpg?w=800&h=-1&s=1 2x",-1,Xếp thứ 48 trong 240 nhà trọ tại Đà Lạt
An Bang Beach Hai An Villa,561.381 ₫,"5,0","Group 9, An Bang Beach, Cam An, Hội An 560000 Việt Nam","https://dynamic-media-cdn.tripadvisor.com/media/photo-o/17/43/7b/77/hai-an-villa.jpg?w=400&h=-1&s=1 1x,https://dynamic-media-cdn.tripadvisor.com/media/photo-o/17/43/7b/77/hai-an-villa.jpg?w=800&h=-1&s=1 2x","Gia đình tôi có kỳ nghỉ tuyệt vời khi đến hội an. Chúng tôi rất thích biển, đồ ăn, con người Hội an, đặc biệt villa Hải an với phòng ốc sạch sẽ, tiện nghi, anh chị chủ thật thân thiện. Chắc chắn có dịp quay lại Hoi an, chúng tôi sẽ tiếp tục lựa chọn Hải an villa.",Xếp thứ 9 trong 27 nhà ngoại ô tại Hội An
Khách sạn Đại Long,-1,"3,5","680 Hai Ba Trung, Hội An Việt Nam","https://dynamic-media-cdn.tripadvisor.com/media/photo-s/02/e2/c7/2b/dai-long-hotel.jpg?w=400&h=-1&s=1 1x,https://dynamic-media-cdn.tripadvisor.com/media/photo-s/02/e2/c7/2b/dai-long-hotel.jpg?w=600&h=-1&s=1 2x","Tìm kiếm khách sạn ở Hội An? Hãy xem Khách sạn Đại Long, khách sạn nhỏ bình dân, lưu trú tại đây sẽ giúp bạn khám phá Hội An một cách dễ dàng.
Bạn sẽ tận hưởng căn phòng với điều hòa nhiệt độ, màn và bàn làm việc, và bạn chắc chắn sẽ được kết nối internet trong thời gian này bởi Khách sạn Đại Long cung cấp cho du khách wifi miễn phí.
Khách sạn nhỏ còn cung cấp bàn lễ tân 24 giờ, dịch vụ phòng và đổi tiền. Hơn nữa, Khách sạn Đại Long với bữa sáng, mang lại những giây phút thư giãn trốn khỏi một ngày bận rộn. Với khách có xe cộ bãi đỗ xe có sẵn.",Số 52 trong 101 khách sạn nhỏ tại Hội An
Thu Guest House,222.222 ₫,"4,0","02b Kim Dong str Phúc Thành, Ninh Bình 430000 Việt Nam","https://dynamic-media-cdn.tripadvisor.com/media/photo-o/0e/6c/bc/1b/doubleroom.jpg?w=400&h=-1&s=1 1x,https://dynamic-media-cdn.tripadvisor.com/media/photo-o/0e/6c/bc/1b/doubleroom.jpg?w=800&h=-1&s=1 2x","Discover a friendly and intimate atmosphere at Thu guest house. A family hotel in Ninh Ninh.Thu guest house is located in the centre of city. The Commercial Bank, market, Post office and downtown area are nearby, the bus and train station are only within 5 minutes walk. This cozy and friendly guest house has different room types such as Double room, Twin room, Triple room. All rooms covers an area of 23 square meters. In The Room there are conditioning air, Mini bar, wireless Internet access free and TV with cable with international chanel, bathroom has hot shower,Includes breakfast for rooms.This room has windows overlooking the city .... Our Rooms are clean and quiet.",Xếp thứ 17 trong 43 nhà nghỉ tại Ninh Bình
Nhà nghỉ Tigon,-1,"3,5","11B Nguyễn Công Trứ, Huế 530000 Việt Nam","https://dynamic-media-cdn.tripadvisor.com/media/photo-o/04/83/12/a9/spacious-beds.jpg?w=400&h=-1&s=1 1x,https://dynamic-media-cdn.tripadvisor.com/media/photo-o/04/83/12/a9/spacious-beds.jpg?w=800&h=-1&s=1 2x","Rất thân thiện và vui vẻ nhân viên, thoải mái ba lô thoải mái, vị trí tuyệt vời trong một con hẻm ngay bên ngoài trung tâm thành phố, do đó, không quá touristy và với một số địa điểm lớn xung quanh. Nơi rất xã hội với bữa tối chung, nội thất với rất nhiều gỗ. Ngôi nhà bulldog Gon là một ngôi sao.",Xếp thứ 29 trong 82 nhà trọ tại Huế
LiLa Inn,285.714 ₫,"4,5","50 Hai Bà Trưng P. Nguyễn Trãi, Hà Giang 310000 Việt Nam","https://dynamic-media-cdn.tripadvisor.com/media/photo-o/1a/7b/27/8a/smoothies-fruit-bowl.jpg?w=400&h=-1&s=1 1x,https://dynamic-media-cdn.tripadvisor.com/media/photo-o/1a/7b/27/8a/smoothies-fruit-bowl.jpg?w=800&h=-1&s=1 2x","Lila nằm ngay bên ngoài trung tâm thành phố một chút nhưng không quá xa. Nơi sạch sẽ và các dấu hiệu dễ dàng. Rèm cửa trong phòng hơi mỏng nhưng điều đó là tốt. Liêm là đàn ông. Anh ấy rất cá tính và hiểu biết về vòng lặp. Những chiếc xe máy họ thuê là đỉnh cao. Họ trông mới và rất đẹp để lái xe. Khi tôi trở lại, họ đã thay dầu động cơ ngay lập tức để bạn biết họ quan tâm đến xe đạp. Bạn sẽ không phạm sai lầm khi ở đây nó thuê từ đây. Trên hết, Liêm giúp tôi có một chuyến xe buýt tốt đến Hà Nội. Một lần nữa xin cảm ơn : )",Xếp thứ 27 trong 83 nhà trọ tại Hà Giang
Dalat Green City Hotel,-1,"4,0","174 Phan Đình Phùng Street, Đà Lạt 6001 Việt Nam","https://dynamic-media-cdn.tripadvisor.com/media/photo-s/02/2a/00/2b/lobby.jpg?w=400&h=-1&s=1 1x,https://dynamic-media-cdn.tripadvisor.com/media/photo-s/02/2a/00/2b/lobby.jpg?w=600&h=-1&s=1 2x","Chào đón bạn đến với Dalat Green City Hotel, ""Mái nhà xa"" của bạn ở Đà Lạt. Dalat Green City Hotel sẽ mang đến cho bạn quãng thời gian lưu trú thư giãn và dễ chịu nhất có thể. Đây cũng là lý do tại sao nhiều khách du lịch tiếp tục quay trở lại khách sạn sau nhiều năm.
Nếu muốn ở gần những địa danh yêu thích như Linh Son Pagoda (0,3 km) và Lam Vien Square (1,5 km), du khách tại Dalat Green City Hotel có thể dễ dàng đến thăm những địa điểm nổi tiếng nhất này của Đà Lạt.
Wifi miễn phí được cung cấp cho khách, và các phòng của Dalat Green City Hotel đều có quầy bar mini và điều hòa nhiệt độ.",Số 19 trong 239 khách sạn nhỏ tại Đà Lạt
Khách sạn Bình Yên,-1,"4,0","7 Hải Thượng Ward 5, Đà Lạt Việt Nam","https://dynamic-media-cdn.tripadvisor.com/media/photo-o/06/a0/e8/fe/binh-yen-hotel.jpg?w=400&h=-1&s=1 1x,https://dynamic-media-cdn.tripadvisor.com/media/photo-o/06/a0/e8/fe/binh-yen-hotel.jpg?w=800&h=-1&s=1 2x","Phòng đôi thiết kế khá đẹp, rộng rãi. Tuy nhiên nếu có thêm quạt hoặc điều hòa thì sẽ thoải mái hơn cho dù thời tiết có mát. nhân viên thân thiện và nhiệt tình :D Giá khá ổn cho chất lượng. nên thuê xe máy đi lại tiện lợi. gần ks có cơm gà chiên mắm khá ngon.",Xếp thứ 49 trong 240 nhà trọ tại Đà Lạt
"Seamist Ocean Villa
Đây có phải là doanh nghiệp của quý vị không?",-1,"4,5","Lạc Long Quân, Hội An 560000 Việt Nam","https://dynamic-media-cdn.tripadvisor.com/media/photo-o/13/65/81/f7/getlstd-property-photo.jpg?w=400&h=-1&s=1 1x,https://dynamic-media-cdn.tripadvisor.com/media/photo-o/13/65/81/f7/getlstd-property-photo.jpg?w=800&h=-1&s=1 2x","Biệt thự đại dương Seamist là một căn phòng tuyệt đẹp với sân riêng của chúng ta. Giá rất tốt và sạch sẽ và gọn gàng. Phòng phục vụ hàng ngày. Gần bãi biển và nhà hàng. Chủ nhà và vợ rất thân thiện và hiếu khách, như gia đình. Bạn có thể giặt quần áo của bạn quá. Bữa sáng được bạn chọn từ thực đơn hàng ngày và được phục vụ trên sân của chúng tôi, nó cũng rất ngon với một đĩa trái cây. Tôi đề nghị biệt thự này cho một kỳ nghỉ thú vị ở Hội An.",Xếp thứ 55 trong 78 biệt thự tại Hội An
Hanoi Grand Hotel,-1,"4,0","No. 26 Hoi Vu Street, Old Quarter Hoan Kiem District, Hà Nội 10000 Việt Nam","https://dynamic-media-cdn.tripadvisor.com/media/photo-o/04/b0/c9/25/hanoi-grand-hotel.jpg?w=400&h=-1&s=1 1x,https://dynamic-media-cdn.tripadvisor.com/media/photo-o/04/b0/c9/25/hanoi-grand-hotel.jpg?w=600&h=-1&s=1 2x","Tìm kiếm khách sạn ở Hà Nội? Hãy xem Hanoi Grand Hotel, khách sạn nhỏ sang trọng, lưu trú tại đây sẽ giúp bạn khám phá Hà Nội một cách dễ dàng.
Các phòng khách sạn cung cấp tv màn hình phẳng, quầy bar mini và điều hòa nhiệt độ, và online là có thể vì wifi miễn phí có sẵn, cho phép bạn thư giãn nghỉ ngơi không phải lo lắng gì.
Hanoi Grand Hotel cung cấp dịch vụ phòng và nhân viên hỗ trợ khách. Hơn nữa, là khách hàng giá trị của Hanoi Grand Hotel, bạn có thể tận hưởng bữa sáng, có sẵn tại khách sạn.",Số 82 trong 381 khách sạn nhỏ tại Hà Nội
Blue Lagoon Cat Ba,1.018.519 ₫,"5,0","352 Hà Sen, Thành phố Hải Phòng, Cát Bà Việt Nam","https://dynamic-media-cdn.tripadvisor.com/media/photo-o/25/27/b0/6c/caption.jpg?w=400&h=-1&s=1 1x,https://dynamic-media-cdn.tripadvisor.com/media/photo-o/25/27/b0/6c/caption.jpg?w=800&h=-1&s=1 2x",Had a brilliant time here with the family. Amazing staff and ginger the dog was the icing on the cake. Great breakfast and coffee. It was nice to be out of town a bit and taxis were cheap to get around. Thoroughly recommended. If you like big friendly labradors and blind cats then this is for you!,Số 2 trong 6 B&B tại Cát Bà
Hello Mu Cang Chai Homestay,-1,"5,0","La Pan Tan, Mu Cang Chai Việt Nam","https://dynamic-media-cdn.tripadvisor.com/media/photo-o/1b/eb/bc/72/hello-mu-cang-chai-homestay.jpg?w=400&h=-1&s=1 1x,https://dynamic-media-cdn.tripadvisor.com/media/photo-o/1b/eb/bc/72/hello-mu-cang-chai-homestay.jpg?w=800&h=-1&s=1 2x","Hello Mù cang chải là một home stay ở La pán tẩn, nằm trên 1 quả đồi có cảnh quan rất đẹp, có thể nhìn xuống ruộng bậc thang. Hai vợ chồng chủ nhà vui vẻ, thân thiện, nấu ăn ngon. Rất hài lòng với home stay này.",Xếp thứ 2 trong 7 nhà trọ tại Mu Cang Chai
Tra Que Riverside Homestay,-1,"5,0","Group 6, Tra Que Vegetable Village Cam Ha, Hội An Việt Nam","https://dynamic-media-cdn.tripadvisor.com/media/photo-o/1a/03/06/75/ansicht.jpg?w=400&h=-1&s=1 1x,https://dynamic-media-cdn.tripadvisor.com/media/photo-o/1a/03/06/75/ansicht.jpg?w=800&h=-1&s=1 2x",Bạn gái của tôi và tôi ở lại đây 7 đêm và đó là một trong những trải nghiệm tuyệt vời nhất mà chúng tôi đã có ở Việt Nam trong kỳ nghỉ của chúng tôi. Các chủ sở hữu rất thân thiện và tuyệt vời! Dịch vụ và sự giúp đỡ của họ rất nổi bật. Các phòng rất rộng rãi và được trang trí độc đáo. Chúng tôi thực sự cảm thấy như ở nhà và chúng tôi chắc chắn sẽ trở lại nếu chúng tôi đến thăm Hội An!,Xếp thứ 47 trong 87 nhà nghỉ tại Hội An
Icolor Dalat Hostel,-1,"4,5","23 Đặng Thái Thân Phường 3, Đà Lạt 02633 Việt Nam","https://dynamic-media-cdn.tripadvisor.com/media/photo-o/1c/63/1b/a1/icolor-dalat-hostel.jpg?w=400&h=-1&s=1 1x,https://dynamic-media-cdn.tripadvisor.com/media/photo-o/1c/63/1b/a1/icolor-dalat-hostel.jpg?w=800&h=-1&s=1 2x","(+) chổ nghĩ gọn gàng, sạch. (+) 2 em phụ trách nhiệt tình và vui vẻ. (+) Giá cả bình dân, phù hợp với mọi người. (+) View từ phòng hay bancon khá đẹp. (-) Ngay đầu thành phố, gần bến xe nên hơi xa trung tâm. (-) Đường vào đi ngang chổ xả nước thải của nhà khác, mất vệ sinh.",Xếp thứ 2 trong 102 nhà nghỉ tại Đà Lạt
Sapa Tavan Hostel,263.889 ₫,"5,0","Tả Van, Sapa Việt Nam","https://dynamic-media-cdn.tripadvisor.com/media/photo-o/13/2d/22/05/sapa-tavan-hostel.jpg?w=400&h=-1&s=1 1x,https://dynamic-media-cdn.tripadvisor.com/media/photo-o/13/2d/22/05/sapa-tavan-hostel.jpg?w=800&h=-1&s=1 2x","Chúng tôi ở trong phòng riêng. Mọi thứ đã tốt. Vòi hoa sen và nhà vệ sinh được chia sẻ với các phòng khác. Phòng tất nhiên là phòng ký túc xá, vì vậy đừng mong đợi tiêu chuẩn cao, nhưng không sao. Chúng tôi đã có những cuộc trò chuyện dài với chủ sở hữu và có một trải nghiệm tuyệt vời",Xếp thứ 15 trong 92 nhà trọ tại Sapa
Antonico Villa,512.703 ₫,"5,0","Ngõ 20 Hoàng Hoa Thám Phường 10, Đà Lạt Việt Nam","https://dynamic-media-cdn.tripadvisor.com/media/photo-o/11/ed/ce/71/antonico-villa.jpg?w=400&h=-1&s=1 1x,https://dynamic-media-cdn.tripadvisor.com/media/photo-o/11/ed/ce/71/antonico-villa.jpg?w=800&h=-1&s=1 2x","Nếu bạn đang tìm kiếm nhà trọ ở Đà Lạt, hãy thử nghiệm Antonico Villa.
Nằm gần các địa danh như Lam Vien Square (2,3 km) và Statue Of Golden Buddha (3,1 km) đã làm Antonico Villa trở thành lựa chọn lý tưởng khi đến Đà Lạt.
Nhà trọ còn cung cấp dịch vụ phòng, và bạn có thể kết nội mạng trong thời gian ở đây vì Antonico Villa cung cấp wifi miễn phí. Hơn nữa, Antonico Villa cung cấp bữa sáng, mang tới những phút giây thư thái sau một ngày bận rộn. Cho khách có xe cộ, đỗ xe miễn phí có sẵn.",Số 2 trong 14 nhà trọ tại Đà Lạt
Venus Hotel Tam Đảo,2.989.816 ₫,"4,5","Zone 1, Tam Đảo 15300 Việt Nam","https://dynamic-media-cdn.tripadvisor.com/media/photo-o/1c/56/9a/25/venus-hotel-tam-d-o.jpg?w=400&h=-1&s=1 1x,https://dynamic-media-cdn.tripadvisor.com/media/photo-o/1c/56/9a/25/venus-hotel-tam-d-o.jpg?w=700&h=-1&s=1 2x","Bố mẹ tôi đã kỷ niệm 30 năm ngày cưới tại Tam Đảo. Bạn Nguyệt lễ tân đã hỗ trợ chúng tôi rất nhiệt tình, sắp xếp 4 phòng cùng thư chào mừng dành cho từng phòng một. Bố mẹ tôi đã có một ngày kỉ niệm rất hạnh phúc trong tiết trời se lạnh của Tam Đảo. Phòng ốc sạch sẽ và đầy đủ tiện nghi. Khách sạn được trang trí rất đẹp. Gia đình tôi đã chụp được rất nhiều ảnh để kỉ niệm cho chuyến đi này. Tuy nhiên, quãng thời gian 2n1d là quá ngắn để chúng tôi khám phá hết các góc chụp hình tuyệt vời tại đây. Hi vọng có một ngày không xa chúng tôi có thể quay lại và dành nhiều thời gian hơn với Venus",Số 1 trong 5 khách sạn nhỏ tại Tam Đảo
Dugong Cottage Phu Quoc,-1,"4,0","Group 12, Rach Ham Hamlet tổ 12, ấp Rạch Hàm, Hàm Ninh, Đảo Phú Quốc 922200 Việt Nam","https://dynamic-media-cdn.tripadvisor.com/media/photo-o/19/fb/cb/2f/dugong-resort-phu-quoc.jpg?w=400&h=-1&s=1 1x,https://dynamic-media-cdn.tripadvisor.com/media/photo-o/19/fb/cb/2f/dugong-resort-phu-quoc.jpg?w=800&h=-1&s=1 2x","Dugong Resort Phu Quoc là một lựa chọn tuyệt vời cho khách du lịch khi đến Hàm Ninh, cung cấp không khí dành cho gia đình cùng với nhiều tiện nghi hữu ích cho kì nghỉ của bạn.
Trong khi ở Dugong Resort Phu Quoc, du khách có thể khám phá Bến Hàm Ninh (2,9 km), một điểm đến ưa chuộng của Hàm Ninh.
Các phòng khách sạn cung cấp điều hòa nhiệt độ, và online là có thể vì wifi miễn phí có sẵn, cho phép bạn thư giãn nghỉ ngơi không phải lo lắng gì.",Số 3 trong 11 nhà trọ tại Đảo Phú Quốc
Tropicland Backpackers,-1,"4,5","56 truong Dinh Street, Ben Thanh Ward, District 1, Thành phố Hồ Chí Minh 70000 Việt Nam","https://dynamic-media-cdn.tripadvisor.com/media/photo-o/11/fe/44/27/tropicland-backpackers.jpg?w=400&h=-1&s=1 1x,https://dynamic-media-cdn.tripadvisor.com/media/photo-o/11/fe/44/27/tropicland-backpackers.jpg?w=800&h=-1&s=1 2x","Tôi đã đặt chỗ này cho đêm cuối cùng của tôi ở Việt Nam. Tôi đã nhận được phòng ngủ tập thể 2 giường và tự mình lấy nó. Sự chào đón không phải là ấm nhất nhưng tôi chỉ tiếp tục với nó. Có vẻ như bên ký túc xá của mọi thứ rất yên tĩnh đến mức gần như không hoạt động - khu vực lễ tân đóng cửa, đèn tắt trên mái nhà và tôi không thấy hoặc nghe thấy bất kỳ khách nào khác trong suốt thời gian lưu trú của tôi dù ngắn ngủi.  Các phòng chính nó là tốt đẹp, đủ lớn và sạch sẽ. Các giường là hoàn toàn đá cứng nhưng nó không làm phiền tôi quá nhiều - Tôi biết một số người sẽ ghét điều đó. Khu vực tắm vòi sen cũng tốt như vòi sen. Không có gì khác để báo cáo về mặt trận đó! Cô gái trong quán cà phê vào buổi sáng thân thiện hơn nhiều và để tôi trả tiền và để túi của tôi phía sau chiếc bàn dễ…",Xếp thứ 53 trong 279 nhà trọ tại Thành phố Hồ Chí Minh
Khách sạn Việt Nhật,299.824 ₫,"4,0","Số 456 Ngô Gia Tự, Phường Nam Bình, Ninh Bình 40000 Việt Nam","https://dynamic-media-cdn.tripadvisor.com/media/photo-o/0f/58/4b/82/20170522-133906-largejpg.jpg?w=400&h=-1&s=1 1x,https://dynamic-media-cdn.tripadvisor.com/media/photo-o/0f/58/4b/82/20170522-133906-largejpg.jpg?w=800&h=-1&s=1 2x","Tìm kiếm khách sạn ở Ninh Bình? Hãy xem Khách sạn Việt Nhật, khách sạn nhỏ bình dân, lưu trú tại đây sẽ giúp bạn khám phá Ninh Bình một cách dễ dàng.
Khách sạn Việt Nhật cung cấp cho khách nhiều tiện nghi bao gồm điều hòa nhiệt độ và tủ lạnh, và kết nối mạng là có thể vì wifi miễn phí có sẵn.
Khách sạn nhỏ cung cấp nhân viên hỗ trợ khách, làm cho kỳ nghỉ của bạn dễ chịu hơn nữa. Khách sạn còn cung cấp nhà hàng. Khách đi đến khách sạn bằng phương tiện của mình có thể dùng đỗ xe miễn phí.",Số 7 trong 40 khách sạn nhỏ tại Ninh Bình
Joe's Seaside Boutique,-1,"4,5","74 Nguyen Dinh Chieu Ham Tien Ward, Mũi Né, Phan Thiết 801097 Việt Nam","https://dynamic-media-cdn.tripadvisor.com/media/photo-o/0e/96/d6/ca/joe-s-seaside-boutique.jpg?w=400&h=-1&s=1 1x,https://dynamic-media-cdn.tripadvisor.com/media/photo-o/0e/96/d6/ca/joe-s-seaside-boutique.jpg?w=800&h=-1&s=1 2x","Chào đón bạn đến với Joe's Seaside Boutique, ""Mái nhà xa"" của bạn ở Mũi Né. Joe's Seaside Boutique sẽ mang đến cho bạn quãng thời gian lưu trú thư giãn và dễ chịu nhất có thể. Đây cũng là lý do tại sao nhiều khách du lịch tiếp tục quay trở lại khách sạn sau nhiều năm.
Joe's Seaside Boutique là nhà trọ lãng mạn cung cấp tủ lạnh, điều hòa nhiệt độ và quầy bar mini trong phòng và thật dễ dàng kết nối khi ở đây vì wifi miễn phí được cung cấp cho khách.",Số 1 trong 2 nhà trọ tại Mũi Né
Solar Palace Đà Lạt,-1,"5,0","07 Dã Tượng Phường 5, Đà Lạt 670000 Việt Nam","https://dynamic-media-cdn.tripadvisor.com/media/photo-o/1a/24/ff/65/solar-palace-da-l-t.jpg?w=400&h=-1&s=1 1x,https://dynamic-media-cdn.tripadvisor.com/media/photo-o/1a/24/ff/65/solar-palace-da-l-t.jpg?w=800&h=-1&s=1 2x","Gia đình tôi đã có một kỳ nghỉ tuyệt vời, phòng ốc rất đẹp, tiếp tân rất nhiệt tình và chu đáo, phòng nghỉ rất yên tĩnh, không gian của khách sạn rất đẹp, có cả hồ cá koi và khu trò chơi thiếu nhi rất phù hợp với các bé. Gia đình chúng tôi sẽ ghé thăm lần sau khi lên Đà Lạt",Số 1 trong 21 cơ sở kinh doanh dịch vụ hạn chế tại Đà Lạt
Beautiful Sapa Boutique Hotel,507.825 ₫,"5,0","27 Thác Bạc, Sapa 330000 Việt Nam","https://dynamic-media-cdn.tripadvisor.com/media/photo-o/19/07/fd/2f/beautiful-sapa-boutique.jpg?w=400&h=-1&s=1 1x,https://dynamic-media-cdn.tripadvisor.com/media/photo-o/19/07/fd/2f/beautiful-sapa-boutique.jpg?w=800&h=-1&s=1 2x","Tìm kiếm một khách sạn nhỏ lãng mạn lý tưởng ở Sapa không phải là quá khó. Chào đón bạn đến với Beautiful Sapa Boutique Hotel, một lựa chọn đúng đắn cho những du khách như bạn.
Gần các địa danh như Quảng Trường Sapa (0,2 km) và Nhà Thờ Đá (0,3 km) đã làm Beautiful Sapa Boutique Hotel trở thành lựa chọn lý tưởng cho những ai muốn đến thăm những địa danh yêu thích này ở Sapa.
Các phòng tại Beautiful Sapa Boutique Hotel cung cấp điều hòa nhiệt độ và quầy bar mini đưa lại sự thoải mái và thuận tiện tuyệt vời và khách có thể online với wifi miễn phí.",Số 23 trong 105 khách sạn nhỏ tại Sapa
"Co Bon Beachside
Đây có phải là doanh nghiệp của quý vị không?",291.005 ₫,"5,0","145 Lac Long Quan, Hội An Việt Nam","https://dynamic-media-cdn.tripadvisor.com/media/photo-o/14/b9/19/5a/photo2jpg.jpg?w=400&h=-1&s=1 1x,https://dynamic-media-cdn.tripadvisor.com/media/photo-o/14/b9/19/5a/photo2jpg.jpg?w=800&h=-1&s=1 2x","Co Bon Beachside là một lựa chọn tuyệt vời cho khách du lịch khi đến thăm Hội An, mang đến không khí dành cho gia đình cùng với những tiện nghi hữu ích cho suốt thời gian lưu trú của bạn.
Các phòng tại Co Bon Beachside cung cấp điều hòa nhiệt độ, tủ lạnh và quầy bar mini đưa lại sự thoải mái và thuận tiện tuyệt vời.
Nếu muốn ở gần những địa danh yêu thích như Tra Que Minty Garden (1,9 km) và Hoi An Handicraft Workshop (3,5 km), du khách tại Co Bon Beachside có thể dễ dàng đến thăm những địa điểm nổi tiếng nhất này của Hội An.",Số 53 trong 101 khách sạn nhỏ tại Hội An
Check In Sapa Hostel,401.896 ₫,"4,5","045 Violet Cầu Mây, Sapa 330000 Việt Nam","https://dynamic-media-cdn.tripadvisor.com/media/photo-o/16/33/39/67/photo3jpg.jpg?w=400&h=-1&s=1 1x,https://dynamic-media-cdn.tripadvisor.com/media/photo-o/16/33/39/67/photo3jpg.jpg?w=800&h=-1&s=1 2x","Mọi thứ ở đây rất tuyệt vời. Chúng tôi lên Sapa với mục đích tìm đến nơi để có những giây phút tĩnh lặng và nhìn xem lại cuộc sống đã qua. Và cgusng tôi đã chọn đúng địa điểm ở tại nơi đây. Người bạn ở đây rất thân thiện và thấu hiểu người khác,những câu chuyện thật thú vị và thu hút người nghe! Đây sẽ là địa điểm tôi check in mỗi khi tới sapa. Câu chuyện tại đây còn dài. Tôi yêu những người ở đó.",Xếp thứ 16 trong 92 nhà trọ tại Sapa
Tam Coc Valley Homestay,-1,"5,0","Hải Nham, Ninh Hai 430000 Việt Nam","https://dynamic-media-cdn.tripadvisor.com/media/photo-o/13/ec/d4/23/tam-coc-valley-homestay.jpg?w=400&h=-1&s=1 1x,https://dynamic-media-cdn.tripadvisor.com/media/photo-o/13/ec/d4/23/tam-coc-valley-homestay.jpg?w=800&h=-1&s=1 2x","Chúng tôi ở đây 2 đêm, nhưng ban đầu đặt trước một đêm. Khi chúng tôi yêu cầu thêm một đêm, chủ sở hữu đã rất tử tế khi để chúng tôi ở lại. Các bữa ăn sáng rất ngon và dịch vụ là tuyệt vời! Nhìn từ khu vực ngồi chính là ngoạn mục và rất yên bình. Tôi đã ngủ rất ngon cả hai đêm vì các phòng đều thoải mái, ấm cúng và khu vực rất yên tĩnh. Gia đình làm việc ở đó rất đáng yêu và hạnh phúc, và họ rất hữu ích khi đáp ứng nhu cầu của chúng tôi. Chắc chắn sẽ đề nghị!",Xếp thứ 5 trong 10 nhà ngoại ô tại Ninh Hai
Alleyway Hostel,-1,"4,5","15 Bis Luong Huu Khanh Pham Ngu Lao Ward, District 1, Thành phố Hồ Chí Minh Việt Nam","https://dynamic-media-cdn.tripadvisor.com/media/photo-o/11/21/79/69/photo0jpg.jpg?w=400&h=-1&s=1 1x,https://dynamic-media-cdn.tripadvisor.com/media/photo-o/11/21/79/69/photo0jpg.jpg?w=700&h=-1&s=1 2x","Đối tác của tôi và tôi rất thích ở Alleyway; đội ngũ nhân viên thân thiện, giường sạch sẽ và thoải mái, những tiện nghi tuyệt vời, bữa sáng miễn phí, trà, cà phê và nước. Chỉ 5 phút đi bộ từ phố đi bộ và 20 phút đi bộ đến chợ.",Xếp thứ 54 trong 279 nhà trọ tại Thành phố Hồ Chí Minh
Giraffa Phu Quoc,-1,"4,5","Cua Lap, Duong To, Đảo Phú Quốc Việt Nam","https://dynamic-media-cdn.tripadvisor.com/media/photo-o/09/11/52/16/giraffa-phu-quoc-bungalows.jpg?w=400&h=-1&s=1 1x,https://dynamic-media-cdn.tripadvisor.com/media/photo-o/09/11/52/16/giraffa-phu-quoc-bungalows.jpg?w=800&h=-1&s=1 2x","Không gian xanh mát, yên bình, cực kì đẹp, gần gũi với thiên nhiên, sáng tạo vs những ngôi nhà ngay trên thân gỗ, bên dưới là hồ cá cực đẹp, có xích đu, bàn gỗ đủ cho cả gia đình 12 người ngồi, dù là nhà gỗ trên câu nhưng đầy đủ tiện nghi, phòng sạch, thơm, quản lý cực dễ thương, hiếu khách, chuyên nghiệp trong mọi hoàn cảnh, chiều khách vô đối. 👍👍👍👍",Xếp thứ 14 trong 77 nhà nghỉ tại Đảo Phú Quốc
Khách Sạn Đức Tài,-1,"4,0","Khu 2, Cao Bằng Việt Nam","https://dynamic-media-cdn.tripadvisor.com/media/photo-o/15/2b/7a/b3/duc-tai-hotel.jpg?w=400&h=-1&s=1 1x,https://dynamic-media-cdn.tripadvisor.com/media/photo-o/15/2b/7a/b3/duc-tai-hotel.jpg?w=800&h=-1&s=1 2x","Đức Tài hotel is the most modern and newest, which is located in the centre of Bảo Lạc town, our hotel has elevator and English- speaking receptionist, which are really helpful for you. From here, you could easily take a walk to the main market, bus station, bank and many local restaurants... We have total 15 rooms with 3 types: 1 double bed, 1 double bed + 1 single bed, 2 double beds .. those are really suitable for your group. From the room, you can see the daily life of local people, beautiful river and mountain view. Our hotel stricly follows Hotel's rules : clean, friendly and welcomely. Thank for choosing us, hope to serve you soon.",Số 1 trong 12 khách sạn nhỏ tại Cao Bằng
Freedumb Hostel,-1,"5,0","2B Ngô Thi Sỹ, P.4, Đà Lạt Việt Nam","https://dynamic-media-cdn.tripadvisor.com/media/photo-o/0d/6f/ca/39/freedumb-hostel.jpg?w=400&h=-1&s=1 1x,https://dynamic-media-cdn.tripadvisor.com/media/photo-o/0d/6f/ca/39/freedumb-hostel.jpg?w=800&h=-1&s=1 2x","Freedumb là một nơi lý tưởng nếu bạn đi du lịch theo nhóm bạn bè :3. Một ngôi nhà gỗ nhỏ và một khoảng sân trồng đầy hoa cỏ và cây cảnh. Ở đây có cả dom và private room . Khu bếp dạng hood bên dưới ngôi nhà, chúng mình có thể đi chợ mua đồ ăn về nấu rồi ngồi quây quần bên nhau, cạnh bếp là khoảng sân nhỏ dành cho các buổi tiệc nướng bbq. Anh chị chủ nhà còn trẻ, dễ thương và gần gũi lắm, nhã nhặn và lịch sự, ở nhà có cả mấy bạn chó chạy loanh quanh nhà nữa. Tóm lại rất good. Quá rẻ luôn ~ko chụp đc quá nhiều view phòng vì quá mê đi chơi. Huhu",Xếp thứ 50 trong 240 nhà trọ tại Đà Lạt
Gaia Hotel Phu Quoc,754.821 ₫,"4,0","71 Tran Hung Dao Duong Dong, Đảo Phú Quốc 92000 Việt Nam","https://dynamic-media-cdn.tripadvisor.com/media/photo-o/10/83/85/58/fantastic-phu-quoc-view.jpg?w=400&h=-1&s=1 1x,https://dynamic-media-cdn.tripadvisor.com/media/photo-o/10/83/85/58/fantastic-phu-quoc-view.jpg?w=800&h=-1&s=1 2x","Gaia Hotel được lấy cảm hứng từ vị nữ thần Đất Mẹ (Gaia) trong thần thoại Hy Lạp, với phong cách tinh tế, hòa hợp với thiên nhiên, không gian thoáng đãng cùng màu xanh của cây cối, biển cả và màu vàng của đất – chắc chắn sẽ mang lại cho bạn một trải nghiệm thoải mái và tiện nghi tại trái tim của đảo ngọc Phú Quốc.",Số 20 trong 118 khách sạn nhỏ tại Đảo Phú Quốc
"Essence Hotel Ha Long
Đây có phải là doanh nghiệp của quý vị không?",-1,"5,0","HD7-35 Duong Huong Duong, Bai Chay, Vịnh Hạ Long Việt Nam","https://dynamic-media-cdn.tripadvisor.com/media/photo-o/2a/1d/6f/8f/caption.jpg?w=400&h=-1&s=1 1x,https://dynamic-media-cdn.tripadvisor.com/media/photo-o/2a/1d/6f/8f/caption.jpg?w=800&h=-1&s=1 2x","The staff have good English, the rooms are clean, and there is good wifi. There was more of a language barrier in text than in person, which may be why they forgot us at Hanoi airport and we waited an hour for transport that was only booked 5 mins before it picked us up. We were rather angry as we were two women travelling by ourselves and a taxi from Hanoi would’ve been cheaper and we felt unsafe with the driver who collected us. The hotel did make up for it though and discount our taxi fare, as well as give us one room free upgrade (though not sure which it was as the rooms were very similar) & a discount, and offered us free breakfast which we didn’t opt for as we were wanting western breakfasts by that time. The hotel staff were extremely friendly and helpful despite our…",Số 1 trong 6 khách sạn đặc biệt tại Bai Chay
Monkey Homestay & Bar,722.222 ₫,"4,5","Bãi Lăng, Tân Hiệp Cham island, Hội An 560000 Việt Nam","https://dynamic-media-cdn.tripadvisor.com/media/photo-o/1a/db/bf/67/photo1jpg.jpg?w=400&h=-1&s=1 1x,https://dynamic-media-cdn.tripadvisor.com/media/photo-o/1a/db/bf/67/photo1jpg.jpg?w=800&h=-1&s=1 2x","Nếu bạn đang ở tại đảo Cham, tôi khuyên bạn nên dùng Monkey Homestay & Bar. Nó có nội thất và ngoại thất hoàn toàn mới và chủ sở hữu rất đáng yêu và rất có sức chứa. Phòng của chúng tôi có một ban công nhìn ra biển, một phòng tắm đẹp và máy lạnh. Bạn có thể dễ dàng thuê xe máy để đi vòng quanh đảo. Nếu bạn muốn đi lặn chỉ cần hỏi chủ sở hữu và họ sắp xếp cho bạn. Vào buổi tối, chúng tôi đã ăn tối và đồ uống trên sân thượng lớn và khung cảnh thật hoàn hảo. Chúng tôi chắc chắn sẽ trở lại :)",Số 54 trong 101 khách sạn nhỏ tại Hội An
Ha Giang Wings Bungalow - Cánh Tiên Quán,-1,"5,0","Thôn Tiến Thắng Xã Phương Thiện, Hà Giang 310000 Việt Nam","https://dynamic-media-cdn.tripadvisor.com/media/photo-o/25/33/92/fd/ha-giang-wings-bungalow.jpg?w=400&h=-1&s=1 1x,https://dynamic-media-cdn.tripadvisor.com/media/photo-o/25/33/92/fd/ha-giang-wings-bungalow.jpg?w=800&h=-1&s=1 2x",-1,Xếp thứ 28 trong 83 nhà trọ tại Hà Giang
Pu Luong May Home & Cafe,-1,"5,0","Thành Sơn, Ba Thuoc Việt Nam","https://dynamic-media-cdn.tripadvisor.com/media/photo-o/25/ef/9d/03/view.jpg?w=400&h=-1&s=1 1x,https://dynamic-media-cdn.tripadvisor.com/media/photo-o/25/ef/9d/03/view.jpg?w=800&h=-1&s=1 2x","We ended up staying longer than planned, really liked here! Stayed in the family room, the view over the mountains is magnificent. Waking up to that was such a gem on our tour through Vietnam. The room was clean, a nice design (we think), shower great, beds more on the hard side but slept very good. We also had 3 dinners here, which we were also very happy with. Our veggie person was very happy with the choices. The coffee was lovely, so even if you’re just passing through, do yourself the favour to stop and enjoy a coffee with a fantastic view over the rice fields and mountains. A stay with a lot of hospitality and kindness, nice and quiet rooms, and last but not least a very nice team that made us feel welcomed.",Xếp thứ 2 trong 8 nhà trọ tại Ba Thuoc
Hoang Giang Homestay,-1,"5,0","Thôn Cổ Loan Thượng Xã Ninh Tiến Km 8 Đường 477, Ninh Bình 430000 Việt Nam","https://dynamic-media-cdn.tripadvisor.com/media/photo-o/12/52/6f/cb/hoang-giang-homestay.jpg?w=400&h=-1&s=1 1x,https://dynamic-media-cdn.tripadvisor.com/media/photo-o/12/52/6f/cb/hoang-giang-homestay.jpg?w=800&h=-1&s=1 2x","Hãy tự hỏi tại sao nhiều khách du lịch đã lựa chọn Hoang Giang Homestay khi đến Ninh Bình. Khách sạn là sự tổng hợp của những giá trị lý tưởng, sự thoải mái và thuận tiện như khung cảnh dành cho gia đình cùng với loạt tiện nghi được thiết kế cho những khách du lịch như bạn.
Nếu bạn thích khám phá những địa danh nổi tiếng khi đến Ninh Bình, Hoang Giang Homestay nằm không xa Núi Kỳ Lân (2,8 km) và Đền Thái Vi (3,0 km).
Wifi miễn phí được cung cấp cho khách, và các phòng của Hoang Giang Homestay đều có điều hòa nhiệt độ, bếp nhỏ và quầy bar mini.",Số 10 trong 18 nhà khách tại Ninh Bình
Mayfair Suites,-1,"4,5","102C Cong Quynh Street Pham Ngu Lao Ward, District 1, Thành phố Hồ Chí Minh 70000 Việt Nam","https://dynamic-media-cdn.tripadvisor.com/media/photo-o/1a/4c/d6/77/img-20191215-170833-largejpg.jpg?w=400&h=-1&s=1 1x,https://dynamic-media-cdn.tripadvisor.com/media/photo-o/1a/4c/d6/77/img-20191215-170833-largejpg.jpg?w=800&h=-1&s=1 2x",Đó là thẻ RFID Key được sản xuất tại Trung Quốc hoặc tại Việt Nam. Các quầy làm cho chúng tôi trả 18. 6 học giả cho một plastkc wich trong điên rồ. Anh chàng tiếp tân cũng rất thô lỗ sáng nay so với người kia.,Xếp thứ 7 trong 161 căn hộ cao cấp tại Thành phố Hồ Chí Minh
"Avi Airport Hotel
Đây có phải là doanh nghiệp của quý vị không?",-1,"3,5","B22 Cho Phu Cuong, Noibai Airport, Hà Nội 00844 Việt Nam","https://dynamic-media-cdn.tripadvisor.com/media/photo-o/04/cc/3c/dc/caption.jpg?w=400&h=-1&s=1 1x,https://dynamic-media-cdn.tripadvisor.com/media/photo-o/04/cc/3c/dc/caption.jpg?w=800&h=-1&s=1 2x","Avi Airport Hotel là một lựa chọn tuyệt vời cho khách du lịch khi đến thăm Hà Nội, mang đến những tiện nghi hữu ích cho suốt thời gian lưu trú của bạn.
Các phòng khách sạn cung cấp tv màn hình phẳng, bếp nhỏ và điều hòa nhiệt độ, và Avi Airport Hotel làm cho việc kết nối internet trở nên dễ dàng vì wifi miễn phí có sẵn.
Bạn cũng có thể tận hưởng một số tiện nghi được cung cấp bởi khách sạn nhỏ, bao gồm bàn lễ tân 24 giờ, dịch vụ phòng và bảo quản hành lý. Hơn nữa, khách có thể tận hưởng nhà hàng trong suốt thời gian ở đây. Một điểm thuận tiện nữa đó là đỗ xe miễn phí có sẵn cho khách.",Số 83 trong 381 khách sạn nhỏ tại Hà Nội
Saint Simeon Resort & Spa,2.433.369 ₫,"4,5",Phuoc Tinh 700000 Việt Nam,"https://dynamic-media-cdn.tripadvisor.com/media/photo-o/14/45/63/d3/princess-villa.jpg?w=400&h=-1&s=1 1x,https://dynamic-media-cdn.tripadvisor.com/media/photo-o/14/45/63/d3/princess-villa.jpg?w=800&h=-1&s=1 2x","Không gian thoáng mở không khí trong lành, bên trong biệt thự nội thất hiện đại sang trọng, có hồ bơi cho cả người lớn và trẻ e, bải biển rộng đầy cát thỏa mái vui chơi và chụp ảnh, đồ ăn ngon..v.v, đúng như kỳ vọng của một chuyến nghỉ mát.",Xếp thứ 1 trong 1 biệt thự tại Phuoc Tinh
Saigonese Trekking House,-1,"5,0","02 Nguyễn Chí Thanh, Sapa 330000 Việt Nam","https://dynamic-media-cdn.tripadvisor.com/media/photo-o/28/68/64/c0/saigonese-homestay.jpg?w=400&h=-1&s=1 1x,https://dynamic-media-cdn.tripadvisor.com/media/photo-o/28/68/64/c0/saigonese-homestay.jpg?w=800&h=-1&s=1 2x",Tôi đã có một thời gian tuyệt vời ở đây. Phòng sạch sẽ và nhân viên thân thiện. Tôi đã thực hiện một chuyến đi bộ một ngày từ homestay này và mọi thứ thật tuyệt vời. Ngoài ra chủ quán mời chúng tôi làm chả giò tươi và ăn tối cùng nhau. Ngày tốt nhất ở Việt Nam! !,Xếp thứ 4 trong 8 nhà ngoại ô tại Sapa
Khu nghỉ dưỡng FLC Vĩnh Phúc,1.273.761 ₫,"4,0","Khu Trung, Quốc Lộ 13, Vinh Thinh 15000 Việt Nam","https://dynamic-media-cdn.tripadvisor.com/media/photo-o/16/10/3e/16/flc-vinh-phuc-resort.jpg?w=400&h=-1&s=1 1x,https://dynamic-media-cdn.tripadvisor.com/media/photo-o/16/10/3e/16/flc-vinh-phuc-resort.jpg?w=800&h=-1&s=1 2x","Thực sự chưa bao giờ sử dụng 1 dịch vụ được đánh giá là 5 sao nhưng phải chờ rất lâu thế này. Thường quy định là 14h đc nhận phòng, tuy nhiên với một khách sạn lớn 5 sao, lượng khác ko đông, nhưng khác phải chờ gần 2 tiếng vạ vật bên dưới sảnh cả tiếng đồng hồ. Thực sự sẽ ko bao giờ quay lại.",Xếp thứ 1 trong 1 khu nghỉ dưỡng tại Vinh Thinh
Khách Sạn Tràng An Luxury,-1,"5,0","Vạn Hạnh, Ninh Nhất, Ninh Bình Việt Nam","https://dynamic-media-cdn.tripadvisor.com/media/photo-o/0f/8f/d4/18/deluxe-room.jpg?w=400&h=-1&s=1 1x,https://dynamic-media-cdn.tripadvisor.com/media/photo-o/0f/8f/d4/18/deluxe-room.jpg?w=800&h=-1&s=1 2x","Đạt tiêu chuẩn khách sạn 2 sao với quy mô 06 tầng bao gồm 20 phòng các loại, Quý khách sẽ ấn tượng bởi thiết kế hài hòa giữa các phòng khách sang trọng cùng đầy đủ các trang thiết bị hiện đại, tiện nghi được bài trí sáng tạo và độc đáo. Tầng thượng của khách sạn là hệ thống Bar, Café & Fast food, Quý khách được thưởng thức các món ăn, đồ uống giữa khung cảnh làng quê trữ tình thơ mộng",Số 8 trong 40 khách sạn nhỏ tại Ninh Bình
AnBang Morning Glory Beach Homestay,574.074 ₫,"5,0",Hội An 650000 Việt Nam,"https://dynamic-media-cdn.tripadvisor.com/media/photo-o/12/61/57/fd/photo0jpg.jpg?w=400&h=-1&s=1 1x,https://dynamic-media-cdn.tripadvisor.com/media/photo-o/12/61/57/fd/photo0jpg.jpg?w=800&h=-1&s=1 2x","Tìm kiếm khách sạn ở Hội An? Hãy xem AnBang Morning Glory Beach Homestay, nhà khách bình dân, lưu trú tại đây sẽ giúp bạn khám phá Hội An một cách dễ dàng.
Wifi miễn phí được cung cấp cho khách, và các phòng của AnBang Morning Glory Beach Homestay đều có tv màn hình phẳng, điều hòa nhiệt độ và quầy bar mini.
Trong thời gian ở đây, hãy tận hưởng những tiện nghi được cung cấp bao gồm bàn lễ tân 24 giờ, nhân viên hỗ trợ khách và đổi tiền. Du khách tại AnBang Morning Glory Beach Homestay cũng được chào đón thử nghiệm bồn tắm nước nóng và bữa sáng, ngay trong khách sạn.",Số 110 trong 193 nhà khách tại Hội An
Thanh Tay Homestay Hoi An,-1,"5,0","Nguyễn Trãi Thanh Tây, Cẩm Châu, Hội An 560000 Việt Nam","https://dynamic-media-cdn.tripadvisor.com/media/photo-o/12/07/45/9f/ta-img-20180212-094958.jpg?w=400&h=-1&s=1 1x,https://dynamic-media-cdn.tripadvisor.com/media/photo-o/12/07/45/9f/ta-img-20180212-094958.jpg?w=800&h=-1&s=1 2x","Hãy tự hỏi tại sao nhiều khách du lịch đã lựa chọn Thanh Tay Homestay Hoi An khi đến Hội An. Khách sạn là sự tổng hợp của những giá trị lý tưởng, sự thoải mái và thuận tiện như khung cảnh lãng mạn cùng với loạt tiện nghi được thiết kế cho những khách du lịch như bạn.
Là “ngôi nhà xa xứ,” các phòng khách sạn nhỏ cung cấp tv màn hình phẳng, điều hòa nhiệt độ và quầy bar mini, và kết nối mạng thật dễ dàng, với wifi miễn phí sẵn có.",Số 55 trong 101 khách sạn nhỏ tại Hội An
Sapa Family House Hotel,-1,"4,5","10 Ngõ Hùng Hồ, Đường Lê Quý Đôn, Sapa Việt Nam","https://dynamic-media-cdn.tripadvisor.com/media/photo-o/0d/71/d1/f7/sapa-family-house-hotel.jpg?w=400&h=-1&s=1 1x,https://dynamic-media-cdn.tripadvisor.com/media/photo-o/0d/71/d1/f7/sapa-family-house-hotel.jpg?w=800&h=-1&s=1 2x","Tìm kiếm khách sạn nhỏ dành cho gia đình lý tưởng ở Sapa không phải là quá khó. Chào đón bạn đến với Sapa Family House Hotel, một lựa chọn đúng đắn cho những du khách như bạn.
Các phòng tại Sapa Family House Hotel cung cấp bếp nhỏ, và khách có thể được kết nối wifi miễn phí.
Ngoài ra, khi nghỉ dưỡng tại Sapa Family House Hotel khách có thể dùng dịch vụ phòng và nhân viên hỗ trợ khách. Bạn cũng có thể tận hưởng bữa sáng. Cần chỗ đỗ xe ? Đỗ xe miễn phí có sẵn tại Sapa Family House Hotel.",Số 24 trong 105 khách sạn nhỏ tại Sapa
Hakuna Matata Mai Chau Homestay,-1,"5,0","120 Chiềng Sại Village, Mai Châu 350000 Việt Nam","https://dynamic-media-cdn.tripadvisor.com/media/photo-o/23/66/00/a0/activity-at-hakuna-matata.jpg?w=400&h=-1&s=1 1x,https://dynamic-media-cdn.tripadvisor.com/media/photo-o/23/66/00/a0/activity-at-hakuna-matata.jpg?w=800&h=-1&s=1 2x","This is place is a PERFECT place! The rooms are very nice, the shower is awesome and the view is crazy! Vinh is an amazing host and an amazing person, so warm and caring and just want the best for you. We’ve been there for few nights and really didn’t want to leave! the village is amazing and the people there are awesome. In the village we didn’t find an amazing restaurants BUT the breakfast and the “family dinner” in the Homestay, which really feels like family by Vinh are something else - fresh vegetables, spring rolls, schnitzel and more that makes you feel like home. We couldn’t ask for better experience to enjoy our time in Mai Chau, especially in the Tet holiday with Vinh and here family.",Xếp thứ 4 trong 29 nhà trọ tại Mai Châu
Dịch Vụ Lưu Trú Elegant,-1,"4,5","Thôn Xuân Tiến, xã Sơn Trạch Huyện Bố Trạch, tỉnh Quảng Bình, Vườn quốc gia Phong Nha-Kẻ Bàng 510000 Việt Nam","https://dynamic-media-cdn.tripadvisor.com/media/photo-o/12/ce/cc/4b/photo1jpg.jpg?w=400&h=-1&s=1 1x,https://dynamic-media-cdn.tripadvisor.com/media/photo-o/12/ce/cc/4b/photo1jpg.jpg?w=800&h=-1&s=1 2x",Great ký túc xá sạch sẽ. Bữa sáng tuyệt vời. Rất hữu ích và thân thiện với nhân viên. Chỉ mất một ngôi sao vì phòng ngủ có cửa sổ nặng nề nên không có ánh sáng tự nhiên và cửa sổ cũng không mở.,Xếp thứ 7 trong 14 nhà trọ tại Vườn quốc gia Phong Nha-Kẻ Bàng
Green garden house,265.167 ₫,"4,5","H1/10 K561 Hai Ba Trung Street, Hội An Việt Nam","https://dynamic-media-cdn.tripadvisor.com/media/photo-o/24/4a/5c/7f/family-room.jpg?w=400&h=-1&s=1 1x,https://dynamic-media-cdn.tripadvisor.com/media/photo-o/24/4a/5c/7f/family-room.jpg?w=800&h=-1&s=1 2x","Nếu bạn đang tìm kiếm B&B bình dân ở Hội An, hãy thử nghiệm Green garden house.
Nếu bạn muốn khám phá những địa danh yêu thích khi đến Hội An, Green garden house nằm không xa Cầu Nhật Bản (0,6 km) và Fukian Assembly Hall (Phuc Kien) (0,8 km).
Các phòng khách sạn cung cấp tv màn hình phẳng, điều hòa nhiệt độ và bếp nhỏ, và Green garden house làm cho việc kết nối internet trở nên dễ dàng vì wifi miễn phí có sẵn.",Số 36 trong 52 B&B tại Hội An
Minh Tran Apartment and Hotel,493.979 ₫,"5,0","29 Ngô Gia Tự Phường Hải Châu, Quận Hải Châu, Đà Nẵng 550000 Việt Nam","https://dynamic-media-cdn.tripadvisor.com/media/photo-o/15/4b/2a/2a/minh-tran-apartment-and.jpg?w=400&h=-1&s=1 1x,https://dynamic-media-cdn.tripadvisor.com/media/photo-o/15/4b/2a/2a/minh-tran-apartment-and.jpg?w=800&h=-1&s=1 2x","Mình ở gần biển những ngày đầu còn ngày cuối mới chuyển vào trung tâm. Vị trí ở đây thực sự lí tưởng, ngay trung tâm thành phố, và mọi thứ hơn cả gia đình mình mong đợi. Nhận được sự chào đón nhiệt tình thân thiện và niềm nở từ nhân viên, có cả nuớc uống chào đón. Mình di chuyển vào hơi sớm hơn giờ check in nhưng mình không phải đợi quá lâu. Phòng ốc hoàn toàn sạch sẽ và thoáng mát , tone màu cũng như thiết kế nhìn rất nhã nhặn, tinh tế đúng gout mình thích. Căn mình thuê là căn 2 phòng, và 2 phòng tách biệt hoàn toàn, có 2 nhà vệ sinh, thuận tiện hơn rất nhiều so với căn studio mình đã ở. Từ đây mình đã đi bộ sang chợ Cồn hay chợ gì gần Bạch Đằng để mua 1 số quà, khoảng cách rất gần, nếu đi ra biển thì cũng không quá xa, chưa đến 10’ nếu di chuyển bằng xe máy. Khách sạn còn có…",Xếp thứ 5 trong 47 căn hộ cao cấp tại Đà Nẵng
Garden View Court,1.944.848 ₫,"4,5","101 Nguyen Du Street, Thành phố Hồ Chí Minh 71060 Việt Nam","https://dynamic-media-cdn.tripadvisor.com/media/photo-o/09/94/5a/f5/garden-view-court-serviced.jpg?w=400&h=-1&s=1 1x,https://dynamic-media-cdn.tripadvisor.com/media/photo-o/09/94/5a/f5/garden-view-court-serviced.jpg?w=800&h=-1&s=1 2x",Mình đi công tác tại Hồ Chí Minh và mình chọn garden view làm địa điểm nghỉ ngơi mình thấy nơi đây thật tuyệt vị trí trung tâm chỉ mất 3 phút đi bộ là tới chợ Bến Thành và rất thuận lợi cho việc đi lại,Xếp thứ 8 trong 161 căn hộ cao cấp tại Thành phố Hồ Chí Minh
Hosana Resort & Spa,-1,"4,5","Ong Lang, Đảo Phú Quốc 920000 Việt Nam","https://dynamic-media-cdn.tripadvisor.com/media/photo-o/17/c0/2f/a4/camellia-homestay-bar.jpg?w=400&h=-1&s=1 1x,https://dynamic-media-cdn.tripadvisor.com/media/photo-o/17/c0/2f/a4/camellia-homestay-bar.jpg?w=800&h=-1&s=1 2x","Chúng tôi ở lại một tuần trong febemony và có thời gian tốt nhất. Khu vực hồ bơi là tuyệt vời và có một vài bãi biển tốt gần đó. Các nhân viên là tuyệt vời và hữu ích. Những chiếc giường dài và phù hợp :) chúng tôi nghĩ rằng vị trí này là hoàn hảo, yên tĩnh nhưng có rất nhiều địa điểm đẹp gần đó. Sẽ quay lại!",Xếp thứ 11 trong 41 nhà trọ tại Đảo Phú Quốc
Dream Hostel,-1,"5,0","59A Nguyen Thai Hoc, Hà Giang Việt Nam","https://dynamic-media-cdn.tripadvisor.com/media/photo-o/15/6f/d1/cb/this-is-the-back-door.jpg?w=400&h=-1&s=1 1x,https://dynamic-media-cdn.tripadvisor.com/media/photo-o/15/6f/d1/cb/this-is-the-back-door.jpg?w=800&h=-1&s=1 2x","Hostel mới xây ở ngay trung tâm thành phố Hà Giang, phòng tương đối rộng rãi và sạch sẽ, nhân viên vui vẻ và hỗ trợ nhiệt tình. Khách sạn có hỗ trợ book xe đến các địa điểm khác trong Hà Giang, hoặc đi Sapa, về Hà Nội... Sẽ quay lại nếu có dịp",Xếp thứ 29 trong 83 nhà trọ tại Hà Giang
Sol de Villa,-1,"5,0","218 Ly Thai to, Hoi an Ancient Town, Hội An Việt Nam","https://dynamic-media-cdn.tripadvisor.com/media/photo-o/14/72/7b/7b/family-room.jpg?w=400&h=-1&s=1 1x,https://dynamic-media-cdn.tripadvisor.com/media/photo-o/14/72/7b/7b/family-room.jpg?w=800&h=-1&s=1 2x","Hãy tự hỏi tại sao nhiều khách du lịch đã lựa chọn Sol de Villa khi đến Hội An. Khách sạn là sự tổng hợp của những giá trị lý tưởng, sự thoải mái và thuận tiện như khung cảnh dành cho gia đình cùng với loạt tiện nghi được thiết kế cho những khách du lịch như bạn.
Nếu bạn muốn khám phá những địa danh yêu thích khi đến Hội An, Sol de Villa nằm không xa Cầu Nhật Bản (0,0 km) và Lune Performing Center Hoi An (0,4 km).
Các phòng khách sạn cung cấp tiện nghi như điều hòa nhiệt độ, và khách có thể online với wifi miễn phí được cung cấp bởi khách sạn nhỏ.",Số 56 trong 101 khách sạn nhỏ tại Hội An
Thanh An Homestay,-1,"4,5","37 Chu Văn An Phú Hội, Huế 530000 Việt Nam","https://dynamic-media-cdn.tripadvisor.com/media/photo-o/14/f5/f8/75/thanh-an-hostel.jpg?w=400&h=-1&s=1 1x,https://dynamic-media-cdn.tripadvisor.com/media/photo-o/14/f5/f8/75/thanh-an-hostel.jpg?w=800&h=-1&s=1 2x","Dịch vụ tuyệt vời! Trước khi ở hostel này mình ở 1 hostel khác trên đường Ngô Quyền, nhưng sau khi xem phòng mình đổi nơi ở luôn, ấn tượng rất tốt từ ban đầu. Đầu tiên là địa điểm: ở Phố Tây nên sạch sẽ, văn minh, đi bộ ra cầu Tràng Tiền gần, loanh quanh có các pub, bar nhỏ, quán ăn, minimart... rất tiện. Phòng ốc sạch sẽ, mình ở phòng tầng 2 có ban công, view phố Tây rất thoáng, phòng tuy nhỏ (phù hợp kiểu hostel) nhưng gọn gàng và đầy đủ tiện nghi. Bếp nấu ăn ngon như cơm nhà, mình ở đây 5 ngày, đều ăn cơm cùng với anh chị chủ nhà, chị chủ rất vui tính, hỏi thăm chỉ dẫn rất chu đáo, anh chủ từ tốn và thân thiện, nhân viên tận tình, tiếng Anh tốt, bác bảo vệ cũng rất vui vẻ. Ăn bữa cơm nào cũng đều như cơm mẹ nấu. Đường sá thuận tiện đi lại, dưới tầng 1 có bar nhỏ, khách Tây…",Xếp thứ 30 trong 82 nhà trọ tại Huế
Tam Coc Ecofield Bungalow,447.575 ₫,"4,5","Khu Du Lich Tam Coc - Bich Dong Van Lam, Ninh Hai, Hoa Lu, Ninh Bình Việt Nam","https://dynamic-media-cdn.tripadvisor.com/media/photo-o/16/e4/d1/98/vue-de-l-exterieur.jpg?w=400&h=-1&s=1 1x,https://dynamic-media-cdn.tripadvisor.com/media/photo-o/16/e4/d1/98/vue-de-l-exterieur.jpg?w=800&h=-1&s=1 2x","Địa điểm là tuyệt vời. Khung cảnh tuyệt đẹp, yên bình, nhưng vẫn có thể đi bộ đến thị trấn và gần Hàng Mua và các điểm du lịch khác. Thật tuyệt khi ở một nơi thật giản dị. Chúng tôi cảm thấy thực sự được chăm sóc bởi gia đình. Họ rất tốt bụng và hữu ích. Chiếc giường thực sự thoải mái và căn phòng thật quyến rũ. Tôi chắc chắn sẽ đề nghị chỗ ở này cho bất cứ ai ghé thăm. Tôi sẽ ở lại đây một lần nữa! !",Số 3 trong 8 B&B đặc biệt tại Ninh Bình
Nhà nghỉ Hà Nội Light,-1,"4,0","11 ngõ Nhà Chung, phố Nhà Chung,, Hà Nội 10000 Việt Nam","https://dynamic-media-cdn.tripadvisor.com/media/photo-o/08/ee/96/11/light-hostel.jpg?w=400&h=-1&s=1 1x,https://dynamic-media-cdn.tripadvisor.com/media/photo-o/08/ee/96/11/light-hostel.jpg?w=800&h=-1&s=1 2x","Mình đặt phòng 2 đêm ở khách sạn. Phòng ốc rất thoải mái, nhân viên nhiệt tình. Giúp mình bê đồ, làm đồ ăn sáng. Hướng dẫn mình những địa điểm có thể thăm quan Hà Nội. Nếu có dịp trở lại Hà Nội nhất định sẽ ở thêm",Xếp thứ 65 trong 200 nhà trọ tại Hà Nội
"Van Anh Backpacker Hostel
Đây có phải là doanh nghiệp của quý vị không?",-1,"4,5","Son Trach, Bo Trach, Vườn quốc gia Phong Nha-Kẻ Bàng Việt Nam","https://dynamic-media-cdn.tripadvisor.com/media/photo-o/11/ce/31/7b/img-20180113-125849-largejpg.jpg?w=400&h=-1&s=1 1x,https://dynamic-media-cdn.tripadvisor.com/media/photo-o/11/ce/31/7b/img-20180113-125849-largejpg.jpg?w=800&h=-1&s=1 2x","Nếu bạn không cần sang trọng và bạn đánh giá cao sự linh hoạt và thân thiện, nhà trọ này là một nơi thực sự tốt để ở! Tôi và hai người bạn của tôi đã có một trải nghiệm tuyệt vời ở đây. Các gia đình có ký túc xá rất đẹp và họ đã cho chúng tôi phòng của chúng tôi lúc 4 giờ sáng (khi đến với xe buýt) - dịch vụ thực sự tuyệt vời! ! ! Các phòng không phải là tuyệt vời nhưng tất cả các quyền cho giá cả!",Xếp thứ 8 trong 14 nhà trọ tại Vườn quốc gia Phong Nha-Kẻ Bàng
"Dalat Eco Hotel
Đây có phải là doanh nghiệp của quý vị không?",-1,"4,5","C48-49 Hoang Van Thu, Ward 4, Đà Lạt Việt Nam","https://dynamic-media-cdn.tripadvisor.com/media/photo-o/15/92/a6/70/img-20181129-183530614.jpg?w=400&h=-1&s=1 1x,https://dynamic-media-cdn.tripadvisor.com/media/photo-o/15/92/a6/70/img-20181129-183530614.jpg?w=800&h=-1&s=1 2x","Đến Đà Lạt, nơi đây sẽ là lựa chọn tuyệt vời nếu bạn không thích homestay hoặc resort 5 sao. Gia đình mình ở đây chỉ 2 đêm ( lẻ ra nhiều hơn) do sự nhầm lẫn của mình 😍. Khách sạn ở vị trí trung tâm dễ dàng di chuyển đến những điểm du lịch nổi tiếng, sát bên vách nem nướng Bà Hùng luôn nè. Đặc biệt là nhân viên ở đây rất nhiệt tình và hiếu khách, không biết ăn gì uống gì các bạn cứ hỏi, câu trả lời sẽ đầy đủ và nhiều hơn những thông tin bạn cần. Nếu có dịp chắc chắn mình sẽ quay lại 🥰",Số 1 trong 52 khách sạn đặc biệt tại Đà Lạt
Saigon Riverside Retreat,-1,"4,5","199Bis Nguyễn Văn Hưởng Quán ăn Bờ Sông, Quận 2, Thành phố Hồ Chí Minh 700000 Việt Nam","https://dynamic-media-cdn.tripadvisor.com/media/photo-o/13/37/ac/76/saigon-riverside-retreat.jpg?w=400&h=-1&s=1 1x,https://dynamic-media-cdn.tripadvisor.com/media/photo-o/13/37/ac/76/saigon-riverside-retreat.jpg?w=800&h=-1&s=1 2x","Hãy tự hỏi tại sao nhiều khách du lịch đã lựa chọn Saigon Riverside Retreat khi đến Thành phố Hồ Chí Minh. Khách sạn là sự tổng hợp của những giá trị lý tưởng, sự thoải mái và thuận tiện như khung cảnh sang trọng cùng với loạt tiện nghi được thiết kế cho những khách du lịch như bạn.
Trong khi ở Saigon Riverside Retreat, du khách có thể khám phá Binh Quoi Village (2,3 km) và Pháp Viện Minh Đăng Quang (3,2 km), một trong những điểm đến hàng đầu của Thành phố Hồ Chí Minh.",Số 16 trong 125 nhà khách tại Thành phố Hồ Chí Minh
Khách Sạn Bạch Dương,-1,"4,0","96B 1/10 Trần Phú, P. Lộc Thọ, Nha Trang Việt Nam","https://dynamic-media-cdn.tripadvisor.com/media/photo-o/12/9e/85/22/bach-duong-hotel.jpg?w=400&h=-1&s=1 1x,https://dynamic-media-cdn.tripadvisor.com/media/photo-o/12/9e/85/22/bach-duong-hotel.jpg?w=800&h=-1&s=1 2x","Khách Sạn Bạch Dương là một lựa chọn tuyệt vời cho khách du lịch khi đến Nha Trang, cung cấp không khí lãng mạn cùng với nhiều tiện nghi hữu ích cho kì nghỉ của bạn.
Khi ở tại Khách Sạn Bạch Dương, du khách có thể khám phá Giáo Xứ Thánh Giuse (0,9 km) và Bac Thanh Church (1,7 km), những điểm đến hàng đầu của Nha Trang.
Khách Sạn Bạch Dương là khách sạn nhỏ lãng mạn cung cấp bếp nhỏ, quầy bar mini và tủ lạnh trong phòng và thật dễ dàng kết nối khi ở đây vì wifi miễn phí được cung cấp cho khách.",Số 16 trong 235 khách sạn nhỏ tại Nha Trang
