Title,Price,Rating,Address,Img_URL,Description
La Siesta Classic Ma May,1.073.466 â‚«,"5,0","94 Ma May St. Old Quarter, Hoan Kiem Dist., HÃ  Ná»™i Viá»‡t Nam","https://dynamic-media-cdn.tripadvisor.com/media/photo-o/1c/59/4c/d3/hanoi-la-siesta-hotel.jpg?w=400&h=-1&s=1 1x,https://dynamic-media-cdn.tripadvisor.com/media/photo-o/1c/59/4c/d3/hanoi-la-siesta-hotel.jpg?w=800&h=-1&s=1 2x","TÃ¬m kiáº¿m khÃ¡ch sáº¡n á»Ÿ HÃ  Ná»™i? HÃ£y xem Hanoi La Siesta Hotel & Spa, khaÌch saÌ£n dÃ nh cho gia Ä‘Ã¬nh, lÆ°u trÃº táº¡i Ä‘Ã¢y sáº½ giÃºp báº¡n khÃ¡m phÃ¡ HÃ  Ná»™i má»™t cÃ¡ch dá»… dÃ ng.
Báº¡n sáº½ táº­n hÆ°á»Ÿng cÄƒn phÃ²ng vá»›i tv mÃ n hÃ¬nh pháº³ng, quáº§y bar mini vÃ  tá»§ láº¡nh, vÃ  báº¡n cháº¯c cháº¯n sáº½ Ä‘Æ°á»£c káº¿t ná»‘i internet trong thá»i gian nÃ y bá»Ÿi Hanoi La Siesta Hotel & Spa cung cáº¥p cho du khÃ¡ch wifi miá»…n phÃ­.
KhaÌch saÌ£n cÃ²n cung cáº¥p dá»‹ch vá»¥ phÃ²ng vÃ  nhÃ¢n viÃªn há»— trá»£ khÃ¡ch. HÆ¡n ná»¯a, Hanoi La Siesta Hotel & Spa vá»›i trung tÃ¢m thá»ƒ dá»¥c tháº©m má»¹ vÃ  bá»¯a sÃ¡ng, mang láº¡i nhá»¯ng giÃ¢y phÃºt thÆ° giÃ£n trá»‘n khá»i má»™t ngÃ y báº­n rá»™n."
La Siesta Premium Hang Be,1.975.066 â‚«,"5,0","27 HÃ ng BÃ¨ HoÃ n Kiáº¿m, HÃ  Ná»™i 100000 Viá»‡t Nam","https://dynamic-media-cdn.tripadvisor.com/media/photo-o/17/70/c0/1a/entrance-facade.jpg?w=400&h=-1&s=1 1x,https://dynamic-media-cdn.tripadvisor.com/media/photo-o/17/70/c0/1a/entrance-facade.jpg?w=800&h=-1&s=1 2x","í•´ì™¸ì—¬í–‰ ì œí•œ í’€ë¦¬ê³  ë¹„ì ë¬¸ì œê°€ ëœí•˜ê³  ë¬¼ê°€ê°€ ë³´ë‹¤ ì €ë ´í•œ ë² íŠ¸ë‚¨ì„ ì°¾ëŠ” ë¶„ë“¤ì´ ë§ìœ¼ì‹¤ê²ë‹ˆë‹¤. ì²˜ìŒ í•˜ëŠ” ì—¬í–‰ì´ê±°ë‚˜ ì˜¤ëœë§Œì— í•˜ëŠ” ì—¬í–‰ì´ë©´ ìˆ™ì†Œ ìœ„ì¹˜, ë² íŠ¸ë‚¨ ë¬¼ê°€ë¥¼ ìƒê°í–ˆì„ ë•Œ ê°€ê²©ëŒ€ë¹„ ì ë‹¹í•œ ê³³ì¸ê°€, ì‹œì„¤ì€ ê´œì°®ì€ê°€ ê³ ë ¤í•  ê²Œ ë§ì£ . ì œ ê¸°ì¤€ì—ì„œ ê·¸ ëª¨ë“  ê³ ë¯¼ ë‹¤ ëœì–´ì£¼ëŠ” ê³³ì´ ë¼ ì‹œì—ìŠ¤íƒ€ í”„ë¦¬ë¯¸ì—„ í•­ë°° í˜¸í…”ì´ì—ˆìŠµë‹ˆë‹¤. ë°”ë¡œ ì˜†ì— ë¼ ì‹œì—ìŠ¤íƒ€ í˜¸í…”&ìŠ¤íŒŒ ë¼ê³  ìˆëŠ”ë° ê±°ê¸° ì•„ë‹ˆê³  í”„ë¦¬ë¯¸ì—„ í•­ë°°ë¡œ ë³´ì…”ì•¼ í•©ë‹ˆë‹¤. ì¶”ì²œì´ìœ  1. í•˜ë…¸ì´ ê³µí•­ì—ì„œ 86ë²ˆ ë²„ìŠ¤ íƒ€ê³  ì˜¤ë©´ ""162 Tráº§n Quang Kháº£i, LÃ½ ThÃ¡i Tá»•, HoÃ n Kiáº¿m, HÃ  Ná»™i"" ì—¬ê¸° ì •ë¥˜ì¥ ë‚´ë ¤ì¤ë‹ˆë‹¤. ìˆ™ì†Œì—ì„œ ë„ë³´ 5ë¶„ ì…ë‹ˆë‹¤. 2. ë•Œì— ë”°ë¼ ë‹¤ë¥´ì§€ë§Œ ê³µí•­ë³´ë‹¤ ì‹œë‚´ í™˜ì „ì†Œê°€ ë” ì˜ ì³ì¤ë‹ˆë‹¤. ""67 P. HÃ ng Báº¡c, HÃ ng Báº¡c, HoÃ n Kiáº¿m, HÃ  Ná»™i "" ì œê°€ ê°”ì„ ë•ŒëŠ” ì—¬ê¸°ê°€ ì œì¼ ì˜ ì³ì¤¬ëŠ”ë° ìˆ™ì†Œì—ì„œ ë„ë³´ 2ë¶„ì…ë‹ˆë‹¤. 3. ë§¥ì£¼ê±°ë¦¬ ê°€ì…”ì•¼ì£ . ìˆ™ì†Œì—ì„œ ë„ë³´ 4ë¶„ ì…ë‹ˆë‹¤. ì‹ ë‚˜ê²Œ ë†€ê³  ì‚´ì§ ê±¸ì–´ì„œ ì•ˆì „í•˜ê²Œ ìˆ™ì†Œ ë³µê·€ í•˜ì„¸ìš” 4. ì„œë¹„ìŠ¤ê°€ êµ‰ì¥íˆ ì¢‹ìŠµë‹ˆë‹¤. - ì§ì›ë¶„ë“¤ì´ êµ‰ì¥íˆ ì¹œì ˆí•©ë‹ˆë‹¤. ì–¼êµ´ ë‹¤ ê¸°ì–µí•´ì„œ ë¬¸ ì•ì— ì˜¤ë©´ ì–´ëŠìƒŒê°€ ë›°ì–´ë‚˜ì™€ ë¬¸ ì—´ì–´ì£¼ê³  ì§ë„ ë°›ì•„ ì¤ë‹ˆë‹¤. - í˜¸í…”ë¦¬ì–´ ë¶„ë“¤ì´ ì˜ì–´ë¥¼ êµ‰ì¥íˆ ì˜í•´ì„œ ë² íŠ¸ë‚¨ì–´ í•˜ë‚˜ë„ ì•ˆì¨ë„ ë©ë‹ˆë‹¤. - ë¨¼ê±°ë¦¬ ì´ë™í•  ë•Œ ê·¸ë©ìœ¼ë¡œ íƒì‹œ ë¶€ë¥´ë©´ ê³ ì •ê¸ˆì•¡ì— ì •í•´ì§„ ë£¨íŠ¸ë¡œ ê°€ì„œ ì•ˆì „í•˜ê³  ì¢‹ì€ë° ê·¸ê±°ë³´ë‹¨ í˜¸í…”ì¸¡ì— íƒì‹œ ì¢€ ë¶ˆëŸ¬ë‹¬ë¼ ë¶€íƒí•˜ë©´ ì•ˆì „í•œ íšŒì‚¬ ì—°ê²°í•´ì£¼ê³  íƒì‹œë¹„ë„ ê·¸ë© ì¡ëŠ”ê±°ë³´ë‹¤ ì‹¸ê²Œ ë¨¹í™ë‹ˆë‹¤. - ì–¼ë¦¬ ì²´í¬ì¸ ìƒìƒ‰ ì•ˆë‚´ê³  ì˜â€¦"
The Oriental Jade Hotel,2.148.776 â‚«,"5,0","92-94 Hang Trong Street Hoan Kiem District, HÃ  Ná»™i Viá»‡t Nam","https://dynamic-media-cdn.tripadvisor.com/media/photo-o/1a/2b/1d/1f/swimming-pool.jpg?w=400&h=-1&s=1 1x,https://dynamic-media-cdn.tripadvisor.com/media/photo-o/1a/2b/1d/1f/swimming-pool.jpg?w=800&h=-1&s=1 2x","3ì¼ë™ì•ˆ ë¬µì—ˆê³  ì•„ì£¼ ì¢‹ì€ í˜¸í…” ì´ì—ˆìŠµë‹ˆë‹¤ ëª¨ë“  ì§ì›ë“¤ì´ ë§¤ìš° ì¹œì ˆí–ˆìœ¼ë©°, ì‹œì„¤ë˜í•œ ëª¨ë‘ ê¹¨ë—í•˜ê³  ê´€ë¦¬ê°€ ì˜ë˜ì–´ ìˆìŠµë‹ˆë‹¤. í—¬ìŠ¤ì¥ì€ ì¡°ê¸ˆ ì‘ê¸´í•˜ì§€ë§Œ ëª¨ë“ ê·¼ìœ¡ì„ íŒí•‘ì‹œí‚¬ìˆ˜ ìˆìŠµë‹ˆë‹¤. ì¡°ì‹ì€ ê°€ê²©ëŒ€ë¹„ ê´œì¹ì€ìˆ˜ì¤€. Tá»¥i mÃ¬nh Ä‘Ã£ á»Ÿ khÃ¡ch sáº¡n 3 ngÃ y vÃ  Ä‘Ã³ lÃ  má»™t khÃ¡ch sáº¡n ráº¥t tá»‘t Táº¥t cáº£ nhÃ¢n viÃªn Ä‘á»u ráº¥t thÃ¢n thiá»‡n, cÆ¡ sá»Ÿ váº­t cháº¥t cÅ©ng sáº¡ch sáº½ vÃ  Ä‘Æ°á»£c quáº£n lÃ½ tá»‘t. PhÃ²ng táº­p thá»ƒ dá»¥c hÆ¡i nhá» nhÆ°ng cÃ³ thá»ƒ bÆ¡m táº¥t cáº£ cÃ¡c cÆ¡ báº¯p. Bá»¯a sÃ¡ng lÃ  tiÃªu chuáº©n tá»‘t so vá»›i giÃ¡ cáº£. I stayed for 3 days and it was a great hotel All the staff were very friendly, and the facilities were all clean and well maintained. The gym is a little small, but it can pump all the muscles. Breakfast is good for the price."
La Vela Saigon Hotel,2.380.476 â‚«,"5,0","280 Nam Ky Khoi Nghia Street Ward 8, District 3, ThÃ nh phá»‘ Há»“ ChÃ­ Minh 70000 Viá»‡t Nam","https://dynamic-media-cdn.tripadvisor.com/media/photo-o/27/10/8c/e8/la-vela-saigon-hotel.jpg?w=400&h=-1&s=1 1x,https://dynamic-media-cdn.tripadvisor.com/media/photo-o/27/10/8c/e8/la-vela-saigon-hotel.jpg?w=600&h=-1&s=1 2x",Experienced Saigon class service during two nights stay at La Vela. The crew was extremely cordial and wholehearted attitude to help is awesome. The concierge Queen and team were very cautious about the safely of inmates. Comfortable and Keep it up!
Khu nghiÌ‰ dÆ°Æ¡Ìƒng Furama ÄaÌ€ NÄƒÌƒng,5.094.582 â‚«,"4,5","103 - 105 Vo Nguyen Giap Street Khue My Ward, Ngu Hanh Son District, ÄaÌ€ NÄƒÌƒng Viá»‡t Nam","https://dynamic-media-cdn.tripadvisor.com/media/photo-o/29/52/53/d4/beach-leisure.jpg?w=400&h=-1&s=1 1x,https://dynamic-media-cdn.tripadvisor.com/media/photo-o/29/52/53/d4/beach-leisure.jpg?w=800&h=-1&s=1 2x","Khu nghá»‰ dÆ°á»¡ng Ä‘áº³ng cáº¥p quá»‘c táº¿, Furama ÄÃ  Náºµng, ná»•i tiáº¿ng lÃ  khu nghá»‰ mÃ¡t bÃ£i biá»ƒn áº©m thá»±c táº¡i Viá»‡t Nam, lÃ  cá»­a ngÃµ cá»§a ba Di sáº£n Tháº¿ giá»›i Há»™i An (20 phÃºt), Má»¹ SÆ¡n (90 phÃºt) ) vÃ  Huáº¿ (2 giá»). 198 phÃ²ng nghá»‰ sang trá»ng cÃ¹ng vá»›i 70 biá»‡t thá»± tá»« hai Ä‘áº¿n bá»‘n phÃ²ng ngá»§ cÃ³ há»“ bÆ¡i riÃªng lÃ  Ä‘á»‹a Ä‘iá»ƒm lÆ°u trÃº ná»•i báº­t táº¡i thÃ nh phá»‘ ÄÃ  Náºµng xinh Ä‘áº¹p. Má»—i phÃ²ng nghá»‰ Ä‘Æ°á»£c trang trÃ­ trang nhÃ£ tá»« sÃ n gá»— Ä‘Æ°á»£c Ä‘Ã¡nh bÃ³ng Ä‘áº¿n phÃ²ng táº¯m báº±ng Ä‘Ã¡ cáº©m tháº¡ch, theo phong cÃ¡ch thiáº¿t káº¿ truyá»n thá»‘ng cá»§a Viá»‡t Nam vÃ  kiáº¿n trÃºc thuá»™c Ä‘á»‹a cá»§a PhÃ¡p, biáº¿n Furama thÃ nh khu nghá»‰ dÆ°á»¡ng danh giÃ¡ nháº¥t táº¡i Viá»‡t Nam â€“ vinh dá»± Ä‘Æ°á»£c Ä‘Ã³n tiáº¿p nhiá»u ngÆ°á»i ná»•i tiáº¿ng, giá»›i hoÃ ng gia, chÃ­nh khÃ¡ch, ngÃ´i sao Ä‘iá»‡n áº£nh vÃ  cÃ¡c nhÃ  lÃ£nh Ä‘áº¡o kinh doanh quá»‘c táº¿. Tráº£i nghiá»‡m áº©m thá»±c á»Ÿ khu nghá»‰ dÆ°á»¡ng cÃ³ sá»± pha trá»™n cá»§a cÃ¡c mÃ³n Äƒn Viá»‡t Nam, chÃ¢u Ã, Ã vÃ  chÃ¢u Ã‚u Ä‘Ã­ch thá»±c vÃ  cÃ¡c mÃ³n bÃ­t táº¿t nháº­p kháº©u. Khu nghá»‰ dÆ°á»¡ng Furama ÄÃ  Náºµng cÃ²n gÃ¢y áº¥n tÆ°á»£ng vÃ  táº¡o nhiá»u thÃ­ch thÃº cho khÃ¡ch thÃ´ng qua cÃ¡c chÆ°Æ¡ng trÃ¬nh vui chÆ¡i Ä‘áº§y thÃº vá»‹ nhÆ° cÃ¡c chuyáº¿n du ngoáº¡n, thá»ƒ thao trÃªn nÆ°á»›c, láº·n biá»ƒn vÃ  chÆ¡i golf cÅ©ng nhÆ° cÃ¡c dá»‹ch vá»¥ chÄƒm sÃ³c sá»©c khoáº» vÃ  sáº¯c Ä‘áº¹p. Äá»‘i vá»›i nhá»¯ng ngÆ°á»i thÃ­ch táº­p thá»ƒ dá»¥c vÃ o ká»³ nghá»‰ cá»§a há», cÃ³ má»™t Trung tÃ¢m thá»ƒ hÃ¬nh trong CÃ¢u láº¡c bá»™ sá»©c khá»e cá»§a chÃºng tÃ´i. Sá»­ dá»¥ng há»“ bÆ¡i, phÃ²ng trÃ² chÆ¡i, cÃ¢u láº¡c bá»™ tráº» em, phÃ²ng táº¯m hÆ¡i vÃ  táº¯m hÆ¡i cÅ©ng nhÆ° cÃ¡c lá»›p há»c thÃ¡i cá»±c quyá»n vÃ o buá»•i sÃ¡ng lÃ  miá»…n phÃ­."
HAIAN Beach Hotel & Spa,805.120 â‚«,"5,0","278 VÃµ NguyÃªn GiÃ¡p Q.NgÅ© HÃ nh SÆ¡n, ÄaÌ€ NÄƒÌƒng 550000 Viá»‡t Nam","https://dynamic-media-cdn.tripadvisor.com/media/photo-o/25/26/dc/3c/haian-beach-hotel-spa.jpg?w=400&h=-1&s=1 1x,https://dynamic-media-cdn.tripadvisor.com/media/photo-o/25/26/dc/3c/haian-beach-hotel-spa.jpg?w=800&h=-1&s=1 2x","HÃ£y tá»± há»i táº¡i sao nhiá»u khÃ¡ch du lá»‹ch Ä‘Ã£ lá»±a chá»n HAIAN Beach Hotel & Spa khi Ä‘áº¿n ÄaÌ€ NÄƒÌƒng. KhÃ¡ch sáº¡n lÃ  sá»± tá»•ng há»£p cá»§a nhá»¯ng giÃ¡ trá»‹ lÃ½ tÆ°á»Ÿng, sá»± thoáº£i mÃ¡i vÃ  thuáº­n tiá»‡n nhÆ° khung cáº£nh thá»i thÆ°á»£ng cÃ¹ng vá»›i loáº¡t tiá»‡n nghi Ä‘Æ°á»£c thiáº¿t káº¿ cho nhá»¯ng khÃ¡ch du lá»‹ch nhÆ° báº¡n.
Náº¿u báº¡n thÃ­ch khÃ¡m phÃ¡ nhá»¯ng Ä‘á»‹a danh ná»•i tiáº¿ng khi Ä‘áº¿n ÄaÌ€ NÄƒÌƒng, HAIAN Beach Hotel & Spa náº±m khÃ´ng xa DHC Marina (2,1 km) vÃ  Cáº§u SÃ´ng HÃ n (3,0 km).
HAIAN Beach Hotel & Spa cung cáº¥p cho khÃ¡ch nhiá»u tiá»‡n nghi bao gá»“m Ä‘iá»u hÃ²a nhiá»‡t Ä‘á»™ vÃ  quáº§y bar mini, vÃ  káº¿t ná»‘i máº¡ng lÃ  cÃ³ thá»ƒ vÃ¬ wifi miá»…n phÃ­ cÃ³ sáºµn."
KhÃ¡ch sáº¡n MÆ°á»ng Thanh Luxury ÄÃ  Náºµng,925.926 â‚«,"5,0","270 VÃµ NguyÃªn GiÃ¡p Ngu Hanh Son District, My An, ÄaÌ€ NÄƒÌƒng 550000 Viá»‡t Nam","https://dynamic-media-cdn.tripadvisor.com/media/photo-o/1c/f8/3f/22/quan-c-nh-t-ben-ngoai.jpg?w=400&h=-1&s=1 1x,https://dynamic-media-cdn.tripadvisor.com/media/photo-o/1c/f8/3f/22/quan-c-nh-t-ben-ngoai.jpg?w=800&h=-1&s=1 2x","TÃ¬m kiáº¿m má»™t khaÌch saÌ£n sang trá»ng lÃ½ tÆ°á»Ÿng á»Ÿ ÄaÌ€ NÄƒÌƒng khÃ´ng pháº£i lÃ  quÃ¡ khÃ³. ChÃ o Ä‘Ã³n báº¡n Ä‘áº¿n vá»›i KhÃ¡ch sáº¡n MÆ°á»ng Thanh Luxury ÄÃ  Náºµng, má»™t lá»±a chá»n Ä‘Ãºng Ä‘áº¯n cho nhá»¯ng du khÃ¡ch nhÆ° báº¡n.
Náº±m gáº§n cÃ¡c Ä‘á»‹a danh nhÆ° DHC Marina (2,1 km) vÃ  Cáº§u SÃ´ng HÃ n (2,9 km) Ä‘Ã£ lÃ m KhÃ¡ch sáº¡n MÆ°á»ng Thanh Luxury ÄÃ  Náºµng trá»Ÿ thÃ nh lá»±a chá»n lÃ½ tÆ°á»Ÿng khi Ä‘áº¿n ÄaÌ€ NÄƒÌƒng.
CÃ¡c phÃ²ng táº¡i KhÃ¡ch sáº¡n MÆ°á»ng Thanh Luxury ÄÃ  Náºµng cung cáº¥p Ä‘iá»u hÃ²a nhiá»‡t Ä‘á»™ vÃ  quáº§y bar mini, vÃ  khÃ¡ch cÃ³ thá»ƒ Ä‘Æ°á»£c káº¿t ná»‘i wifi miá»…n phÃ­."
LOTTE HOTEL SAIGON,2.675.238 â‚«,"4,5",,"https://dynamic-media-cdn.tripadvisor.com/media/photo-o/25/81/31/c2/enjoy-a-relaxing-stay.jpg?w=400&h=-1&s=1 1x,https://dynamic-media-cdn.tripadvisor.com/media/photo-o/25/81/31/c2/enjoy-a-relaxing-stay.jpg?w=800&h=-1&s=1 2x","Tá»a láº¡c ngay táº¡i trung tÃ¢m thÃ nh phá»‘ vÃ  trÃªn con Ä‘Æ°á»ng TÃ´n Äá»©c Tháº¯ng sáº§m uáº¥t, chá»‰ máº¥t 3-5 phÃºt Ä‘i bá»™ Ä‘áº¿n NhÃ  hÃ¡t ThÃ nh Phá»‘ ná»•i tiáº¿ng. LOTTE HOTEL SAIGON lÃ  1 trong nhá»¯ng khÃ¡ch sáº¡n 5 sao Ä‘áº§u tiÃªn táº¡i Saigon, hiá»‡n nay khÃ¡ch sáº¡n váº«n luÃ´n giá»¯ vá»¯ng vá»‹ tháº¿ cá»§a mÃ¬nh trong suá»‘t hÆ¡n hai tháº­p niÃªn qua."
Aira Boutique Hanoi Hotel & Spa,2.118.095 â‚«,"5,0","38A Tran Phu Street, HÃ  Ná»™i 10000 Viá»‡t Nam","https://dynamic-media-cdn.tripadvisor.com/media/photo-o/1c/85/a8/6c/aira-boutique-hanoi-hotel.jpg?w=400&h=-1&s=1 1x,https://dynamic-media-cdn.tripadvisor.com/media/photo-o/1c/85/a8/6c/aira-boutique-hanoi-hotel.jpg?w=800&h=-1&s=1 2x","LÃ  má»™t khÃ¡ch sáº¡n cÅ©ng tÆ°Æ¡ng Ä‘á»‘i lá»›n vÃ  cÃ³ cÃ¡c dá»‹ch vá»¥ Ä‘áº§y Ä‘á»§ vÃ  háº¥p dáº«n . NhÃ¢n viÃªn chu Ä‘Ã¡o,nhiá»‡t tÃ¬nh,phÃ²ng sáº¡ch sáº½,bá»¯a sÃ¡ng tá»‘t, giÃ¡ pháº£i chÄƒng. Gia Ä‘Ã¬nh tÃ´i sáº½ Ä‘áº¿n vÃ  tham quan vÃ o má»™t dá»‹p gáº§n nháº¥t."
Khu nghá»‰ dÆ°á»¡ng LÃ ng Tre,2.080.000 â‚«,"5,0",,"https://dynamic-media-cdn.tripadvisor.com/media/photo-o/0d/2c/32/66/beachfront-bungalow-outside.jpg?w=400&h=-1&s=1 1x,https://dynamic-media-cdn.tripadvisor.com/media/photo-o/0d/2c/32/66/beachfront-bungalow-outside.jpg?w=800&h=-1&s=1 2x","Ráº¥t hÃ i lÃ²ng vá» táº¥t cáº£ dá»‹ch vá»¥ NhÃ¢n viÃªn tá»‘t phá»¥c vá»¥ Ã¢n cáº§n PhÃ²ng Ä‘áº¹p, sáº¡ch sáº½ Khu vÆ°á»n mÃ¡t vÃ  cÃ³ táº­n 2 há»“ bÆ¡i Ä‚n sÃ¡ng ngon vÃ  nhiá»u sá»± lá»±a chá»n Láº§n sau nháº¥t Ä‘á»‹nh sáº½ quay láº¡i Ä‘Ã¢y BÃ£i biá»ƒn sÃ³ng to nÃªn khÃ³ táº¯m"
Au Lac Charner Hotel,1.805.200 â‚«,"5,0","87-89-91 Há»“ TÃ¹ng Máº­u PhÆ°á»ng Báº¿n NghÃ©, Quáº­n 1, ThÃ nh phá»‘ Há»“ ChÃ­ Minh 700000 Viá»‡t Nam","https://dynamic-media-cdn.tripadvisor.com/media/photo-o/23/ca/38/3a/au-lac-charner-hotel.jpg?w=400&h=-1&s=1 1x,https://dynamic-media-cdn.tripadvisor.com/media/photo-o/23/ca/38/3a/au-lac-charner-hotel.jpg?w=800&h=-1&s=1 2x","Thá»©c Äƒn ráº¥t ngon, khÃ¡ch sáº¡n vÃ  phÃ²ng sáº¡ch sáº½, vÃ  má»i ngÆ°á»i ráº¥t tá»‘t. å‰å›ã‚‚æ³Šã¾ã‚Šã¾ã—ãŸã‹ã‚¹ã‚¿ãƒƒãƒ•ã‚‚ã‹ã‚ã‚Šãªãå®‰å¿ƒã—ã¦æ³Šã¾ã‚‹äº‹ãŒå‡ºæ¥ã¾ã—ãŸã€‚ä¸‹ã®ã‚³ãƒ¼ãƒ’ãƒ¼å±‹ã•ã‚“ã‚‚ç¾å‘³ã—ã„ã§ã™ã€‚ãŸã ï¼ã“ã®ãƒ¬ãƒ“ãƒ¥ãƒ¼ã‚’200æ–‡å­—ä»¥ä¸‹ã§ã‚‚ç™»éŒ²ã§ãã‚Œã°è‰¯ã‹ã£ãŸã¨æ€ã„ã¾ã™ã€‚ç«‹åœ°æ¡ä»¶ã‚‚ã‚ˆãã€è¿‘ãã§ã‚·ãƒ§ãƒƒãƒ”ãƒ³ã‚°ã‚„ç¾å‘³ã—ã„é£Ÿäº‹ã‚‚å‡ºæ¥ã¾ã—ãŸã€‚æ¬¡å›ã¯ã€ã“ã®ãƒ¬ãƒ“ãƒ¥ãƒ¼ã‚’æ›¸ã‹ãªãã¦è‰¯ã„ãªã‚‰æ³Šã¾ã‚ã†ã¨æ€ã„ã¾ã™ã€‚"
TMS Hotel Da Nang Beach,1.595.238 â‚«,"5,0","292 ÄÆ°á»ng VÃµ NguyÃªn GiÃ¡p PhÆ°á»ng Má»¹ An, Quáº­n NgÅ© HÃ nh SÆ¡n, ÄaÌ€ NÄƒÌƒng 550000 Viá»‡t Nam","https://dynamic-media-cdn.tripadvisor.com/media/photo-o/28/72/ed/e7/tms-hotel-da-nang-beach.jpg?w=400&h=-1&s=1 1x,https://dynamic-media-cdn.tripadvisor.com/media/photo-o/28/72/ed/e7/tms-hotel-da-nang-beach.jpg?w=800&h=-1&s=1 2x","HÃ£y tá»± há»i táº¡i sao nhiá»u khÃ¡ch du lá»‹ch Ä‘Ã£ lá»±a chá»n TMS Luxury Hotel Da Nang Beach khi Ä‘áº¿n ÄaÌ€ NÄƒÌƒng. KhÃ¡ch sáº¡n lÃ  sá»± tá»•ng há»£p cá»§a nhá»¯ng giÃ¡ trá»‹ lÃ½ tÆ°á»Ÿng, sá»± thoáº£i mÃ¡i vÃ  thuáº­n tiá»‡n nhÆ° khung cáº£nh sang trá»ng cÃ¹ng vá»›i loáº¡t tiá»‡n nghi Ä‘Æ°á»£c thiáº¿t káº¿ cho nhá»¯ng khÃ¡ch du lá»‹ch nhÆ° báº¡n.
Náº¿u báº¡n muá»‘n khÃ¡m phÃ¡ nhá»¯ng Ä‘á»‹a danh yÃªu thÃ­ch khi Ä‘áº¿n ÄaÌ€ NÄƒÌƒng, TMS Luxury Hotel Da Nang Beach náº±m khÃ´ng xa Cáº§u SÃ´ng HÃ n (3,1 km) vÃ  NhÃ  Thá» ChÃ­nh TÃ²a ÄÃ  Náºµng (3,2 km).
CÃ¡c phÃ²ng khÃ¡ch sáº¡n cung cáº¥p báº¿p nhá», vÃ  online lÃ  cÃ³ thá»ƒ vÃ¬ wifi miá»…n phÃ­ cÃ³ sáºµn, cho phÃ©p báº¡n thÆ° giÃ£n nghá»‰ ngÆ¡i khÃ´ng pháº£i lo láº¯ng gÃ¬."
Bespoke Trendy Hotel Hanoi,1.053.228 â‚«,"5,0","12 Nguyá»…n Quang BÃ­ch Phá»‘ cá»•, HÃ  Ná»™i 100000 Viá»‡t Nam","https://dynamic-media-cdn.tripadvisor.com/media/photo-o/0b/96/e9/f9/la-siesta-suite-4.jpg?w=400&h=-1&s=1 1x,https://dynamic-media-cdn.tripadvisor.com/media/photo-o/0b/96/e9/f9/la-siesta-suite-4.jpg?w=800&h=-1&s=1 2x","TÃ¬m kiáº¿m khÃ¡ch sáº¡n dÃ nh cho gia Ä‘Ã¬nh lÃ½ tÆ°á»Ÿng á»Ÿ HÃ  Ná»™i khÃ´ng pháº£i lÃ  quÃ¡ khÃ³. ChÃ o Ä‘Ã³n báº¡n Ä‘áº¿n vá»›i Hanoi La Siesta Hotel Trendy, má»™t lá»±a chá»n Ä‘Ãºng Ä‘áº¯n cho nhá»¯ng du khÃ¡ch nhÆ° báº¡n. CÃ¡c phÃ²ng táº¡i Hanoi La Siesta Hotel Trendy cung cáº¥p tv mÃ n hÃ¬nh pháº³ng, quáº§y bar mini vÃ  tá»§ láº¡nh, vÃ  khÃ¡ch cÃ³ thá»ƒ Ä‘Æ°á»£c káº¿t ná»‘i wifi miá»…n phÃ­. NgoÃ i ra, khi nghá»‰ dÆ°á»¡ng táº¡i Hanoi La Siesta Hotel Trendy khÃ¡ch cÃ³ thá»ƒ dÃ¹ng nhÃ¢n viÃªn há»— trá»£ khÃ¡ch vÃ  dá»‹ch vá»¥ phÃ²ng. Báº¡n cÅ©ng cÃ³ thá»ƒ táº­n hÆ°á»Ÿng bá»¯a sÃ¡ng. Náº¿u muá»‘n á»Ÿ gáº§n nhá»¯ng Ä‘á»‹a danh yÃªu thÃ­ch nhÆ° NhÃ  Thá» Lá»›n (0,5 km) vÃ  Imperial Citadel of Thang Long (0,7 km), du khÃ¡ch táº¡i Hanoi La Siesta Hotel Trendy cÃ³ thá»ƒ dá»… dÃ ng Ä‘áº¿n thÄƒm nhá»¯ng Ä‘á»‹a Ä‘iá»ƒm ná»•i tiáº¿ng nháº¥t nÃ y cá»§a HÃ  Ná»™i. Náº¿u báº¡n tÃ¬m kiáº¿m Ä‘á»“ nÆ°á»›ng, cÃ³ thá»ƒ ghÃ© thÄƒm Avalon BBQ Garden, El Gaucho - Argentinian Steakhouse hoáº·c Don Duck, náº±m cÃ¡ch chá»‰ vÃ i bÆ°á»›c chÃ¢n tá»« Hanoi La Siesta Hotel Trendy. HÃ  Ná»™i ná»•i tiáº¿ng vá»›i nhá»¯ng tÃ²a nhÃ  kiáº¿n trÃºc, bao gá»“m NhÃ  HÃ¡t Lá»›n HÃ  Ná»™i vÃ  TÃ²a NhÃ  Quá»‘c Há»™i Viá»‡t Nam, náº±m khÃ´ng xa Hanoi La Siesta Hotel Trendy. Hanoi La Siesta Hotel Trendy sáº½ giÃºp báº¡n khÃ¡m phÃ¡ HÃ  Ná»™i má»™t cÃ¡ch nhanh chÃ³ng vÃ  dá»… dÃ ng nháº¥t. KÃ¬ nghá»‰ cá»§a báº¡n sáº½ trá»Ÿ nÃªn thÆ° giÃ£n vÃ  dá»… chá»‹u."
Wink Hotel Danang Centre,771.646 â‚«,"5,0","178 VND. Tran Phu, Phuoc Ninh Hai Chau District, ÄaÌ€ NÄƒÌƒng 550000 Viá»‡t Nam","https://dynamic-media-cdn.tripadvisor.com/media/photo-o/27/67/df/71/wink-hotel-danang-centre.jpg?w=400&h=-1&s=1 1x,https://dynamic-media-cdn.tripadvisor.com/media/photo-o/27/67/df/71/wink-hotel-danang-centre.jpg?w=800&h=-1&s=1 2x","KhÃ¡ch sáº¡n view ráº¥t áº¥n tÆ°á»£ng táº¡i táº§ng 19 ngáº¯m Ä‘Æ°á»£c cáº£ thÃ nh phá»‘ ráº¥t Ä‘áº¹p,báº¡n nhÃ¢n viÃªn TuyÃªn phá»¥c vá»¥ thÃ¢n thiá»‡n,nhiá»‡t tÃ¬nh,há»— trá»£ khÃ¡ch giá»›i thiá»‡u má»™t sá»‘ Ä‘á»‹a Ä‘iá»ƒm Äƒn uá»‘ng,Ä‘i chÆ¡i ráº¥t thÃº vá»‹ gáº§n khÃ¡ch sáº¡n.Ráº¥t hÃ i lÃ²ng khi trÃ£i nghiá»‡m táº¡i khÃ¡ch sáº¡n <3"
The Anam,5.127.450 â‚«,"5,0","BÃ£i Biá»ƒn DÃ i Báº¯c BÃ¡n Äáº£o, Cam Háº£i ÄÃ´ng 650000 Viá»‡t Nam","https://dynamic-media-cdn.tripadvisor.com/media/photo-o/0d/94/bb/f1/en-suite-bathroom.jpg?w=400&h=-1&s=1 1x,https://dynamic-media-cdn.tripadvisor.com/media/photo-o/0d/94/bb/f1/en-suite-bathroom.jpg?w=800&h=-1&s=1 2x","dÃ¹ cÃ³ ráº¥t nhiá»u sá»± lá»±a chá»n táº¡i Cam Ranh , nhÆ°ng tÃ´i vÃ  gia Ä‘Ã¬nh váº«n quyáº¿t Ä‘á»‹nh quay trá»Ÿ láº¡i The Anam, nÆ¡i mÃ  Ä‘áº¿n lÃ  ko muá»‘n dá»i Ä‘iâ€¦ bÃ£i biá»ƒn tráº£i dÃ i vá»›i nhá»¯ng tháº£m cá» Ä‘áº¹p nhÆ° tranh, Ä‘á»“ Äƒn thÃ¬ phong PhÃº vÃ  ngon. CÃ¡c báº¡n phá»¥c vá»¥ ráº¥t chu Ä‘Ã¡o vá»›i tá»«ng khÃ¡ch máº·c dÃ¹ ráº¥t Ä‘Ã´ng. Nháº¥t lÃ  Ä‘á»™i ngÅ© lá»… TÃ¢n, Ä‘áº·c biá»‡t lÃ  báº¡n Min, báº¡n LÃ¢m vÃ  báº¡n Háº­uâ¤ï¸. MÃ¬nh tin The ANam sáº½ lÃ m hÃ i lÃ²ng cáº£ nhá»¯ng vá»‹ khÃ¡ch khÃ³ tÃ­nh nháº¥tâ¤ï¸â¤ï¸â¤ï¸"
Almanity Hoi An Resort & Spa,1.551.536 â‚«,"5,0","326 LÃ½ ThÆ°á»ng Kiá»‡t PhÆ°á»ng Minh An, Tan An Ward, Há»™i An 560000 Viá»‡t Nam","https://dynamic-media-cdn.tripadvisor.com/media/photo-o/11/63/34/76/almanity-hoi-an-wellness.jpg?w=400&h=-1&s=1 1x,https://dynamic-media-cdn.tripadvisor.com/media/photo-o/11/63/34/76/almanity-hoi-an-wellness.jpg?w=800&h=-1&s=1 2x","TÃ¬m kiáº¿m má»™t khu nghiÌ‰ dÆ°Æ¡Ìƒng dÃ nh cho gia Ä‘Ã¬nh lÃ½ tÆ°á»Ÿng á»Ÿ Há»™i An khÃ´ng pháº£i lÃ  quÃ¡ khÃ³. ChÃ o Ä‘Ã³n báº¡n Ä‘áº¿n vá»›i Almanity Hoi An Wellness Resort, má»™t lá»±a chá»n Ä‘Ãºng Ä‘áº¯n cho nhá»¯ng du khÃ¡ch nhÆ° báº¡n.
Náº¿u báº¡n muá»‘n khÃ¡m phÃ¡ nhá»¯ng Ä‘á»‹a danh yÃªu thÃ­ch khi Ä‘áº¿n Há»™i An, Almanity Hoi An Wellness Resort náº±m khÃ´ng xa Hoi An Handicraft Workshop (0,8 km) vÃ  Cáº§u Nháº­t Báº£n (0,8 km).
LÃ  â€œngÃ´i nhÃ  xa xá»©,â€ cÃ¡c phÃ²ng khu nghiÌ‰ dÆ°Æ¡Ìƒng cung cáº¥p tv mÃ n hÃ¬nh pháº³ng, Ä‘iá»u hÃ²a nhiá»‡t Ä‘á»™ vÃ  tá»§ láº¡nh, vÃ  káº¿t ná»‘i máº¡ng tháº­t dá»… dÃ ng, vá»›i wifi miá»…n phÃ­ sáºµn cÃ³."
Havana Nha Trang Hotel,1.203.704 â‚«,"4,5","38 Tráº§n PhÃº P. Lá»™c Thá», Nha Trang Viá»‡t Nam","https://dynamic-media-cdn.tripadvisor.com/media/photo-o/12/85/56/bc/havana-nha-trang-hotel.jpg?w=400&h=-1&s=1 1x,https://dynamic-media-cdn.tripadvisor.com/media/photo-o/12/85/56/bc/havana-nha-trang-hotel.jpg?w=800&h=-1&s=1 2x","Tá»a láº¡c trÃªn con Ä‘Æ°á»ng vÃ ng Tráº§n PhÃº, phÃ­a trÆ°á»›c lÃ  vá»‹nh Nha Trang khÃ¡ch sáº¡n PREMIER HAVANA Nha Trang lÃ  Ä‘iá»ƒm nháº¥n Ä‘á»™c Ä‘Ã¡o trong xu hÆ°á»›ng nghá»‰ dÆ°á»¡ng Ä‘áº³ng cáº¥p 5 sao Quá»‘c táº¿ táº¡i Nha Trang nÃ³i riÃªng vÃ  táº¡i Viá»‡t Nam nÃ³i chung. PREMIER HAVANA Nha Trang hiá»‡n lÃ  khÃ¡ch sáº¡n quá»‘c táº¿ lá»›n nháº¥t Viá»‡t Nam hiá»‡n nay vá»›i chiá»u cao 41 táº§ng vÃ  hÆ¡n 1.000 phÃ²ng lÆ°u trÃº hÆ°á»›ng biá»ƒn. KhÃ¡ch sáº¡n vá»›i Ä‘Æ°á»ng háº§m ná»‘i biá»ƒn duy nháº¥t táº¡i Viá»‡t Nam. Tá»« sáº£nh khÃ¡ch sáº¡n, QuÃ½ khÃ¡ch cÃ³ thá»ƒ táº£n bá»™ ra bá» biá»ƒn báº±ng Ä‘Æ°á»ng háº§m riÃªng biá»‡t ná»‘i liá»n tá»« khÃ¡ch sáº¡n - má»™t trong nhá»¯ng nÃ©t cháº¥m phÃ¡ Ä‘á»™c Ä‘Ã¡o nháº¥t vá» thiáº¿t káº¿ chá»‰ cÃ³ thá»ƒ tÃ¬m tháº¥y á»Ÿ PREMIER HAVANA Nha Trang."
Sala Danang Beach Hotel,1.175.332 â‚«,"5,0","36 LÃ¢m HoÃ nh PhÆ°á»›c Má»¹, SÆ¡n TrÃ , ÄaÌ€ NÄƒÌƒng 550000 Viá»‡t Nam","https://dynamic-media-cdn.tripadvisor.com/media/photo-o/17/e8/37/9b/infinity-pool-at-25th.jpg?w=400&h=-1&s=1 1x,https://dynamic-media-cdn.tripadvisor.com/media/photo-o/17/e8/37/9b/infinity-pool-at-25th.jpg?w=800&h=-1&s=1 2x","PhÃ²ng á»•n, nhÃ¢n viÃªn oke, Ä‘á»“ Äƒn khÃ¡ há»£p kháº©u vá»‹ cá»§a mÃ¬nh. ThÃ­ch há»£p dÃ nh cho nhá»¯ng báº¡n tráº» muá»‘n khÃ¡m phÃ¡ ÄN nhÃ© Chuyáº¿n Ä‘i nÃ y mÃ¬nh khÃ´ng cÃ³ nhiá»u thá»i gian nhÆ°ng may váº«n tÃ¬m Ä‘Æ°á»£c chá»— Ä‘á»ƒ lÆ°u trÃº, báº­n 1 khoáº£ng tgian bÃ¢y giá» má»›i cÃ³ thá»ƒ viáº¿t rv cho mn Ä‘Æ°á»£c, tráº£i nghiá»‡m ráº¥t á»•n nhÃ© mn"
Hyatt Regency Danang Resort & Spa,4.130.000 â‚«,"4,5","5 TrÆ°á»ng Sa HÃ²a Háº£i, NgÅ© HÃ nh SÆ¡n, ÄaÌ€ NÄƒÌƒng 550000 Viá»‡t Nam","https://dynamic-media-cdn.tripadvisor.com/media/photo-o/29/5b/72/b0/guest-room.jpg?w=400&h=-1&s=1 1x,https://dynamic-media-cdn.tripadvisor.com/media/photo-o/29/5b/72/b0/guest-room.jpg?w=800&h=-1&s=1 2x","Tá»a láº¡c trÃªn bÃ£i biá»ƒn Non NÆ°á»›c tuyá»‡t Ä‘áº¹p, náº±m ngay cá»­a ngÃµ vÃ o thÃ nh phá»‘ ÄÃ  Náºµng sÃ´i Ä‘á»™ng, khu nghá»‰ mÃ¡t Hyatt Regency ÄÃ  Náºµng Resort & Spa lÃ  Ä‘iá»ƒm dá»«ng chÃ¢n lÃ½ tÆ°á»Ÿng dÃ nh cho má»i ngÆ°á»i, Ä‘á»ƒ khÃ¡m phÃ¡ sá»©c hÃºt khÃ³ cÆ°á»¡ng cá»§a miá»n trung Viá»‡t Nam, vÃ  phÃ¹ há»£p cho má»i dá»‹p, tá»« há»™i há»p, sá»± kiá»‡n Ä‘áº¿n nhá»¯ng ká»³ nghá»‰ Ä‘Ã¡ng nhá»› cá»§a gia Ä‘Ã¬nh. Khu nghá»‰ dÆ°á»¡ng cÃ¡ch danh lam tháº¯ng cáº£nh NgÅ© HÃ nh SÆ¡n chá»‰ vÃ i phÃºt, vÃ  gáº§n cÃ¡c di sáº£n tháº¿ giá»›i Ä‘Æ°á»£c UNESCO cÃ´ng nháº­n nhÆ° Cá»‘ Ä‘Ã´ Huáº¿, phá»‘ cá»• Há»™i An vÃ  di tÃ­ch Má»¹ SÆ¡n."
Brilliant Hotel,946.612 â‚«,"5,0","162 Báº¡ch Äáº±ng Hai Chau I Ward, Hai Chau District, ÄaÌ€ NÄƒÌƒng 550000 Viá»‡t Nam","https://dynamic-media-cdn.tripadvisor.com/media/photo-o/13/57/e8/df/brilliant-top-bar.jpg?w=400&h=-1&s=1 1x,https://dynamic-media-cdn.tripadvisor.com/media/photo-o/13/57/e8/df/brilliant-top-bar.jpg?w=800&h=-1&s=1 2x","KhÃ¡ch sáº¡n Brilliant tá»a láº¡c á»Ÿ má»™t vá»‹ trÃ­ tuyá»‡t Ä‘áº¹p trÃªn con Ä‘Æ°á»ng Báº¡ch Äáº±ng. Náº±m bÃªn bá» sÃ´ng HÃ n thÆ¡ má»™ng, báº¡n cÃ³ thá»ƒ ngáº¯m nhÃ¬n toÃ n cáº£nh thÃ nh phá»‘ biá»ƒn ÄÃ  Náºµng vá»›i nhá»¯ng cÃ¢y cáº§u ná»•i tiáº¿ng rá»±c rá»¡ Ã¡nh sÃ¡ng nghá»‡ thuáº­t vá» Ä‘Ãªm gÃ³p pháº§n lÃ m nÃªn váº» Ä‘áº¹p hiá»‡n Ä‘áº¡i vÃ  Ä‘á»™c Ä‘Ã¡o cá»§a thÃ nh phá»‘ nÃ y.
Náº±m ngay táº¡i trung tÃ¢m thÃ nh phá»‘, chá»‰ cÃ¡ch sÃ¢n bay quá»‘c táº¿ 10 phÃºt Ä‘i xe, khÃ¡ch sáº¡n cÃ³ vá»‹ trÃ­ ráº¥t thuáº­n tiá»‡n cho du khÃ¡ch Ä‘á»ƒ khÃ¡m phÃ¡ cÃ¡c Ä‘iá»ƒm tham quan vÃ  giáº£i trÃ­ thÃº vá»‹ trong thÃ nh phá»‘ nhÆ° Trung tÃ¢m HÃ nh chÃ­nh má»›i, nhÃ  thá» Con GÃ , viá»‡n cá»• ChÃ m, chá»£ HÃ n, cÃ¡c trung tÃ¢m mua sáº¯m, nhÃ  hÃ ng vÃ  quÃ¡n bar nhá»™n nhá»‹p."
Silverland Jolie Hotel & Spa,1.346.423 â‚«,"4,5","4DThi Sach Street, Ben Nghe Ward District 1, ThÃ nh phá»‘ Há»“ ChÃ­ Minh Viá»‡t Nam","https://dynamic-media-cdn.tripadvisor.com/media/photo-o/27/8a/2b/bc/silverland-jolie-hotel.jpg?w=400&h=-1&s=1 1x,https://dynamic-media-cdn.tripadvisor.com/media/photo-o/27/8a/2b/bc/silverland-jolie-hotel.jpg?w=800&h=-1&s=1 2x","TÃ¬m kiáº¿m khÃ¡ch sáº¡n á»Ÿ ThÃ nh phá»‘ Há»“ ChÃ­ Minh? HÃ£y xem Silverland Jolie Hotel & Spa, khaÌch saÌ£n nhá» vÃ  sang trá»ng, lÆ°u trÃº táº¡i Ä‘Ã¢y sáº½ giÃºp báº¡n khÃ¡m phÃ¡ ThÃ nh phá»‘ Há»“ ChÃ­ Minh má»™t cÃ¡ch dá»… dÃ ng.
CÃ¡c phÃ²ng táº¡i La Jolie Hotel cung cáº¥p tv mÃ n hÃ¬nh pháº³ng, quáº§y bar mini vÃ  tá»§ láº¡nh, vÃ  khÃ¡ch cÃ³ thá»ƒ Ä‘Æ°á»£c káº¿t ná»‘i wifi miá»…n phÃ­.
NgoÃ i ra, khi nghá»‰ dÆ°á»¡ng táº¡i Silverland Jolie Hotel & Spa khÃ¡ch cÃ³ thá»ƒ dÃ¹ng dá»‹ch vá»¥ phÃ²ng, sÃ¢n thÆ°á»£ng vÃ  nhÃ¢n viÃªn há»— trá»£ khÃ¡ch. Báº¡n cÅ©ng cÃ³ thá»ƒ táº­n hÆ°á»Ÿng bá»ƒ bÆ¡i trÃªn sÃ¢n thÆ°á»£ng vÃ  bá»¯a sÃ¡ng."
Lotte Hotel Hanoi,2.269.929 â‚«,"5,0","No. 54 Lieu Giai Street PhÆ°á»ng Cá»‘ng Vá»‹, Quáº­n Ba ÄÃ¬nh, HÃ  Ná»™i 100000 Viá»‡t Nam","https://dynamic-media-cdn.tripadvisor.com/media/photo-o/07/0f/bb/97/lotte-hotel-hanoi.jpg?w=400&h=-1&s=1 1x,https://dynamic-media-cdn.tripadvisor.com/media/photo-o/07/0f/bb/97/lotte-hotel-hanoi.jpg?w=800&h=-1&s=1 2x","HÃ£y tá»± há»i táº¡i sao nhiá»u khÃ¡ch du lá»‹ch Ä‘Ã£ lá»±a chá»n Lotte Hotel Hanoi khi Ä‘áº¿n HÃ  Ná»™i. KhÃ¡ch sáº¡n lÃ  sá»± tá»•ng há»£p cá»§a nhá»¯ng giÃ¡ trá»‹ lÃ½ tÆ°á»Ÿng, sá»± thoáº£i mÃ¡i vÃ  thuáº­n tiá»‡n nhÆ° khung cáº£nh dÃ nh cho gia Ä‘Ã¬nh cÃ¹ng vá»›i loáº¡t tiá»‡n nghi Ä‘Æ°á»£c thiáº¿t káº¿ cho nhá»¯ng khÃ¡ch du lá»‹ch nhÆ° báº¡n.
Náº±m gáº§n cÃ¡c Ä‘á»‹a danh nhÆ° LÄƒng ChuÌ‰ TiÌ£ch HÃ´Ì€ ChiÌ Minh (2,3 km) vÃ  VÄƒn Miáº¿u Quá»‘c Tá»­ GiÃ¡m (2,4 km) Ä‘Ã£ lÃ m Lotte Hotel Hanoi trá»Ÿ thÃ nh lá»±a chá»n lÃ½ tÆ°á»Ÿng khi Ä‘áº¿n HÃ  Ná»™i.
Lotte Hotel Hanoi cung cáº¥p cho khÃ¡ch nhiá»u tiá»‡n nghi bao gá»“m tv mÃ n hÃ¬nh pháº³ng, Ä‘iá»u hÃ²a nhiá»‡t Ä‘á»™ vÃ  quáº§y bar mini, vÃ  káº¿t ná»‘i máº¡ng lÃ  cÃ³ thá»ƒ vÃ¬ wifi miá»…n phÃ­ cÃ³ sáºµn."
Amiana Resort Nha Trang,-1,"4,5","Turtle Bay, Pháº¡m VÄƒn Äá»“ng, Nha Trang 650000 Viá»‡t Nam","https://dynamic-media-cdn.tripadvisor.com/media/photo-o/1d/d9/22/4b/amiananhatrang-overview.jpg?w=400&h=-1&s=1 1x,https://dynamic-media-cdn.tripadvisor.com/media/photo-o/1d/d9/22/4b/amiananhatrang-overview.jpg?w=800&h=-1&s=1 2x","ChÃ o Ä‘Ã³n báº¡n Ä‘áº¿n vá»›i Amiana Resort and Villas, ""MÃ¡i nhÃ  xa"" cá»§a báº¡n á»Ÿ Nha Trang. Amiana Resort and Villas sáº½ mang Ä‘áº¿n cho báº¡n quÃ£ng thá»i gian lÆ°u trÃº thÆ° giÃ£n vÃ  dá»… chá»‹u nháº¥t cÃ³ thá»ƒ. ÄÃ¢y cÅ©ng lÃ  lÃ½ do táº¡i sao nhiá»u khÃ¡ch du lá»‹ch tiáº¿p tá»¥c quay trá»Ÿ láº¡i khÃ¡ch sáº¡n sau nhiá»u nÄƒm.
Náº¿u báº¡n thÃ­ch khÃ¡m phÃ¡ ThÃ¡p ChÃ m Po Nagar (4,9 km) khi Ä‘áº¿n Nha Trang, Amiana Resort and Villas náº±m khÃ´ng xa.
CÃ¡c phÃ²ng khÃ¡ch sáº¡n cung cáº¥p tv mÃ n hÃ¬nh pháº³ng, vÃ  online lÃ  cÃ³ thá»ƒ vÃ¬ wifi miá»…n phÃ­ cÃ³ sáºµn, cho phÃ©p báº¡n thÆ° giÃ£n nghá»‰ ngÆ¡i khÃ´ng pháº£i lo láº¯ng gÃ¬."
Satya Danang Hotel,738.419 â‚«,"4,5","155 Tran Phu street Hai Chau district, ÄaÌ€ NÄƒÌƒng 550000 Viá»‡t Nam","https://dynamic-media-cdn.tripadvisor.com/media/photo-o/19/ff/87/34/photo3jpg.jpg?w=400&h=-1&s=1 1x,https://dynamic-media-cdn.tripadvisor.com/media/photo-o/19/ff/87/34/photo3jpg.jpg?w=800&h=-1&s=1 2x","NhÃ¢n viÃªn phá»¥c vá»¥ bartender hÃ¬nh nhÆ° tÃªn tÃ i , áº£nh nÃ³i tÃªn mÃ  mÃ¬nh khÃ´ng nhá»› rÃµ nhÆ°ng Ä‘Æ°á»£c cÃ¡i nhiá»‡t tÃ¬nh, nÆ°á»›c uá»‘ng ngon tuyá»‡t , khÃ´ng gian thoÃ¡ng mÃ¡t â˜ºï¸â˜ºï¸â˜ºï¸ View cá»±c xá»‹n, ngáº¯m Ä‘Æ°á»£c thuyá»n rá»“ng trÃªn sÃ´ng hÃ n"
Naman Retreat,3.587.156 â‚«,"5,0","ÄÆ°á»ng TrÆ°á»ng Sa Quáº­n NgÅ© HÃ nh SÆ¡n, ÄaÌ€ NÄƒÌƒng 550000 Viá»‡t Nam","https://dynamic-media-cdn.tripadvisor.com/media/photo-o/29/08/f5/a5/3-bedroom-garden-view.jpg?w=400&h=-1&s=1 1x,https://dynamic-media-cdn.tripadvisor.com/media/photo-o/29/08/f5/a5/3-bedroom-garden-view.jpg?w=800&h=-1&s=1 2x","Tráº£i nghiá»‡m tá»“i tá»‡, thiáº¿u tÃ´n trá»ng vÃ  khÃ´ng Ä‘Æ°á»£c há»— trá»£ táº¡i khÃ¡ch sáº¡n 5 sao Naman. NhÃ³m mÃ¬nh cÃ³ 5 ngÆ°á»i, chÃºng mÃ¬nh Ä‘áº·t 2 voucher táº¡i khÃ¡ch sáº¡n Naman bao gá»“m voucher phÃ²ng khÃ¡ch sáº¡n ngÃ y 9/4 vÃ  voucher cÄƒn há»™ ngÃ y 10/4 (mÃ£ voucher: 1140991, tÃªn trÆ°á»Ÿng nhÃ³m: LÃª Minh ChÃ¢u). NgÃ y 9/4 nhÃ³m mÃ¬nh check in lÃºc 19h tá»‘i do pháº£i di chuyá»ƒn tá»« xa Ä‘áº¿n. Tá»›i nÆ¡i cÅ©ng Ä‘Ã£ khÃ¡ má»‡t. Trong lÃºc chá» check-in, mÃ¬nh vÃ´ tÃ¬nh cÃ o lá»›p phá»§ báº¡c cá»§a voucher cÄƒn há»™ táº¡i sáº£nh lá»… tÃ¢n khÃ¡ch sáº¡n. Máº·c dÃ¹ hai voucher Ä‘Æ°á»£c gáº¯n kim bÄƒng vÃ  gá»­i báº±ng bÆ°u Ä‘iá»‡n cho chÃºng mÃ¬nh, lá»… tÃ¢n tá»« chá»‘i cháº¥p nháº­n vÃ¬ cho ráº±ng voucher Ä‘Ã£ khÃ´ng cÃ²n lÃ nh láº·n. VÃ  tá»« Ä‘Ã¢y, chÃºng mÃ¬nh Ä‘Æ°á»£c tráº£i nghiá»‡m thÃ¡i Ä‘á»™ thiáº¿u há»£p tÃ¡c cá»§a khÃ¡ch sáº¡n cÅ©ng nhÆ° nhá»¯ng dá»‹ch vá»¥ khÃ´ng xá»©ng táº§m cá»§a má»™t khÃ¡ch sáº¡n Ä‘áº³ng cáº¥p 5 sao. NhÆ° Ä‘Ã£ trÃ¬nh bÃ y, khÃ¡ch sáº¡nâ€¦"
KhÃ¡ch sáº¡n Regalia Gold,657.871 â‚«,"5,0","39-41 Nguyá»…n Thá»‹ Minh Khai TÃ¢n Láº­p, Nha Trang 650000 Viá»‡t Nam","https://dynamic-media-cdn.tripadvisor.com/media/photo-o/23/8b/70/f5/khach-s-n-regalia-gold.jpg?w=400&h=-1&s=1 1x,https://dynamic-media-cdn.tripadvisor.com/media/photo-o/23/8b/70/f5/khach-s-n-regalia-gold.jpg?w=800&h=-1&s=1 2x","KhÃ¡ch sáº¡n Regalia Gold mang trong mÃ¬nh lá»‘i kiáº¿n trÃºc hiá»‡n Ä‘áº¡i, Ä‘áº³ng cáº¥p, sang trá»ng vá»›i tÃ²a nhÃ  40 táº§ng cÃ¹ng 661 phÃ²ng ngá»§ theo tiÃªu chuáº©n 05 sao, 02 nhÃ  hÃ ng lá»›n, 02 sáº£nh Ä‘Ã³n tiáº¿p khÃ¡ch, phÃ²ng há»™i nghá»‹ vÃ  nhá»¯ng tiá»‡n Ã­ch dá»‹ch vá»¥ giáº£i trÃ­ nhÆ° phÃ²ng táº­p thá»ƒ hÃ¬nh, spa, kids club, bar vÃ  Ä‘áº·c biá»‡t áº¥n tÆ°á»£ng vá»›i há»“ bÆ¡i trÃ n bá» trÃªn táº§ng 40 cá»§a tÃ²a nhÃ . KhÃ¡ch sáº¡n Ä‘Æ°á»£c chia thÃ nh 14 háº¡ng phÃ²ng khÃ¡c nhau sáº½ Ä‘Ã¡p á»©ng Ä‘Æ°á»£c nhu cáº§u nghá»‰ dÆ°á»¡ng cao cáº¥p cá»§a quÃ½ khÃ¡ch khi Ä‘áº¿n vá»›i khÃ¡ch sáº¡n Regalia Gold. áº¨m thá»±c Regalia Gold cÅ©ng lÃ  má»™t tháº¿ máº¡nh bá»Ÿi sá»± Ä‘a dáº¡ng phong cÃ¡ch vÃ  tinh táº¿ trong tá»«ng mÃ³n Äƒn. NhÃ  hÃ ng The Sun (táº§ng 3) vÃ  The Moon (táº§ng 4) cá»§a Regalia Gold lÃ  sá»± tá»•ng há»£p hÃ i hÃ²a cÃ¡c mÃ³n Äƒn Ä‘áº¿n tá»« Viá»‡t â€“ Ã â€“ Ã‚u, lÃ  má»™t bá»¯a tiá»‡c hoÃ ng trÃ¡ng, thá»‹nh soáº¡n cho QuÃ½ khÃ¡ch lÆ°u trÃº táº¡i khÃ¡ch sáº¡n nÃ³i riÃªng vÃ  thÃ nh phá»‘ biá»ƒn Nha trang nÃ³i chung. Äi kÃ¨m vá»›i dá»‹ch vá»¥ lÆ°u trÃº vÃ  áº©m thá»±c, khÃ¡ch sáº¡n cÃ²n cung cáº¥p cho QÃºy khÃ¡ch dá»‹ch vá»¥ lÃ m Ä‘áº¹p, vui chÆ¡i giáº£i trÃ­ sau nhá»¯ng giá» phÃºt lÃ m viá»‡c má»‡t má»i, hoáº¡t Ä‘á»™ng ngoÃ i trá»i cáº£ ngÃ y. Äáº¿n vá»›i khÃ¡ch sáº¡n Regalia Gold lÃ  Ä‘áº¿n vá»›i sá»± Ä‘áº³ng cáº¥p, sang trá»ng Ä‘áº¿n vá»›i nhá»¯ng dá»‹ch vá»¥ tá»‘t nháº¥t cÃ¹ng Ä‘á»™i ngÅ© nhÃ¢n viÃªn chuyÃªn nghiá»‡p sáº½ lÃ m cho ká»³ nghá»‰ cá»§a QÃºy khÃ¡ch trá»Ÿ nÃªn Ã½ nghÄ©a vÃ  quÃ½ giÃ¡. Vá»›i nhá»¯ng gÃ¬ khÃ¡ch sáº¡n Ä‘Ã£ mang láº¡i cho QÃºy khÃ¡ch hy vá»ng khÃ¡ch sáº¡n sáº½ lÃ  sá»± lá»±a chá»n hÃ ng Ä‘áº§u, Ä‘iá»ƒm Ä‘áº¿n lÃ½ tÆ°á»Ÿng nháº¥t cho nhá»¯ng chuyáº¿n cÃ´ng tÃ¡c vÃ  ká»³ nghá»‰ khi ghÃ© thÄƒm thÃ nh phá»‘ biá»ƒn Nha Trang thÃ¢n thiá»‡n."
Anatole Hotel,1.526.515 â‚«,"5,0",,"https://dynamic-media-cdn.tripadvisor.com/media/photo-o/1a/bc/da/6e/anatole-hotel-hanoi.jpg?w=400&h=-1&s=1 1x,https://dynamic-media-cdn.tripadvisor.com/media/photo-o/1a/bc/da/6e/anatole-hotel-hanoi.jpg?w=800&h=-1&s=1 2x","CÃ¡c báº¡n lá»… tÃ¢n nhiá»‡t tÃ¬nh MÃ³n Äƒn bufe sang nÃªn thay Ä‘á»•i phong phÃº hÆ¡n cho khÃ¡ch á»Ÿ nhiá»u ngay ko ngÃ¡n TÃ´i sáº½ quay láº¡i ksan khi cÃ³ dá»‹p ra HN ğŸ‘ NÃªn cÃ³ chÆ°Æ¡ng trÃ¬nh khuyáº¿n khÃ­ch cho khÃ¡ch hÃ ng thÃ¢n thiáº¿t-> khÃ¡ch sáº½ cáº£m nháº­n sá»± áº¥m Ã¡p tá»« phÃ­a ksan Äia Ä‘iá»ƒm ksan ráº¥t thuáº­n tiá»‡n cho viá»‡c di chuyá»ƒn tá»›i cÃ¡c Ä‘iá»ƒm Äƒn uá»‘ng , tham quan ğŸ‘"
Mia Resort Nha Trang,4.343.120 â‚«,"5,0","Bai Dong, Cam Hai Dong, Cam Lam, Nha Trang Viá»‡t Nam","https://dynamic-media-cdn.tripadvisor.com/media/photo-o/16/8a/8e/c7/sandals-s-swimming-pool.jpg?w=400&h=-1&s=1 1x,https://dynamic-media-cdn.tripadvisor.com/media/photo-o/16/8a/8e/c7/sandals-s-swimming-pool.jpg?w=800&h=-1&s=1 2x","PhÃ²ng rá»™ng vÃ  thoáº£i mÃ¡i vá»›i ban cÃ´ng ráº¥t lá»›n. Resort ngay cáº¡nh bÃ£i biá»ƒn vÃ  phÃ­a sau lÃ  vÃ¡ch nÃºi. NhÃ¢n viÃªn lá»… tÃ¢n vÃ  lÃ¡i xe Ä‘iá»‡n ráº¥t tinh táº¿ vÃ  nhiá»‡t tÃ¬nh CÃ³ cÃ¡c gÃ³i lá»±a chá»n Ä‘á»“ Äƒn phÃ¹ há»£p vá»›i gia Ä‘Ã¬nh NÆ°á»›c trÃ¡i cÃ¢y bá»¯a sÃ¡ng ráº¥t giÃ¡ trá»‹, toÃ n nÆ°á»›c tÆ°Æ¡i. CÃ³ kid club vÃ  chá»— chÆ¡i ngoÃ i trá»i cho gia Ä‘Ã¬nh cÃ³ thá»i gian cÃ¹ng nhau."
Fusion Resort Cam Ranh,6.811.681 â‚«,"4,5","LotD10B, Nguyá»…n Táº¥t ThÃ nh Street BÃ£i ÄÃ´ng, Cam Háº£i ÄÃ´ng 00000 Viá»‡t Nam","https://dynamic-media-cdn.tripadvisor.com/media/photo-o/13/ac/4f/22/exterior.jpg?w=400&h=-1&s=1 1x,https://dynamic-media-cdn.tripadvisor.com/media/photo-o/13/ac/4f/22/exterior.jpg?w=800&h=-1&s=1 2x","KhÃ¡ch sáº¡n gáº§n sÃ¢n bay nÃªn tiá»‡n di chuyá»ƒn vÃ  nghá»‰ dÆ°á»¡ng, thiáº¿t káº¿ Ä‘áº¹p vÃ  cÃ³ há»“ bÆ¡i trong cÄƒn villa cÃ³ khu chÃ²i riÃªng Ä‘á»ƒ ngá»“i ngoÃ i, Ä‘Æ°á»£c táº·ng nÃ³n lÃ¡. Bá»“n táº¯m ráº¥t Ä‘áº¹p nhÆ°ng thá»±c sá»± khi táº¯m bÃªn trong thÃ¬ hÆ¡i báº¥t tiá»‡n vÃ¬ hay bá»‹ trÆ°á»£t, vÃ  náº¯p ngÄƒn nÆ°á»›c bá»“ táº¯m cÃ³ láº» Ä‘Ã£ cÅ© nÃªn bá»‹ rá»‰ nÆ°á»›c liÃªn tá»¥c, lÃºc thÃ¡o nÆ°á»›c thÃ¬ nÆ°á»›c váº«n cÃ²n Ä‘á»ng láº¡i khÃ¡ nhiá»u trong bá»“n Äá»u thÃº vá»‹ nháº¥t lÃ  phÃ²ng mÃ¬nh káº¿ bÃªn chá»— nuÃ´i máº¥y báº¡n dÃª cá»§a resort nÃªn máº¥y báº¡n sang háº³n khuÃ´n viÃªn vÆ°á»n cá»§a villa Ä‘á»ƒ Äƒn cÃ¢y vÃ  uá»‘ng nÆ°á»›c há»“ bÆ¡i, sau khi gá»i Ä‘iá»‡n nhá» bÃªn resort xá»­ lÃ½ thÃ¬ cÃ¡c báº¡n dÃª Ä‘Ã£ Ä‘Æ°á»£c vá» vá»›i vá»‹ trÃ­ cá»§a cÃ¡c báº¡n NhÃ  hÃ ng cá»§a resort ráº¥t ngon tá»« bá»¯a trÆ°a, bá»¯a tá»‘i, Ä‘áº¿n buffet sÃ¡ng cá»±c ká»³ hÃ i lÃ²ng nháº¥t lÃ  cÃ¡c báº¡n nhÃ¢n viÃªn á»Ÿ nhÃ  hÃ ng vÃ  chÃº nhÃ¢n viáº»n cá»©u há»™. Chá»‰ cÃ³ máº¥y báº¡n á»Ÿ quáº§y lá»… tÃ¢n vÃ  spa thÃ¬ khÃ´ng Ä‘Æ°á»£c thÃ¢nâ€¦"
Mia Saigon Luxury Boutique Hotel,7.010.582 â‚«,"4,5","2-4 ÄÆ°á»ng sá»‘ 10 An PhÃº, ThÃ nh phá»‘ Thá»§ Äá»©c (Quáº­n 2 trÆ°á»›c Ä‘Ã¢y), ThÃ nh phá»‘ Há»“ ChÃ­ Minh 700000 Viá»‡t Nam","https://dynamic-media-cdn.tripadvisor.com/media/photo-o/1b/a4/15/77/deluxe-king.jpg?w=400&h=-1&s=1 1x,https://dynamic-media-cdn.tripadvisor.com/media/photo-o/1b/a4/15/77/deluxe-king.jpg?w=800&h=-1&s=1 2x","KhÃ¡ch sáº¡n cÃ³ vá»‹ trÃ­ khÃ¡ thuáº­n lá»£i Ä‘á»ƒ Ä‘i Ä‘áº¿n trung tÃ¢m. PhÃ²ng cÃ³ view sÃ´ng SÃ i GÃ²n tháº­t Ä‘áº¹p. CÃ³ khu vá»±c nhÃ  hÃ ng bÃªn sÃ´ng ráº¥t Ä‘áº¹p, phÃ¹ há»£p Ä‘á»ƒ cÃ³ nhá»¯ng bá»¯a tá»‘i riÃªng tÆ° lÃ£ng máº¡n Äá»“ Äƒn sÃ¡ng táº¡i khÃ¡ch sáº¡n chÆ°a tháº­t sá»± háº¥p dáº«n vÃ  phong phÃº. Dá»‹ch vá»¥ phá»¥c vá»¥ Ä‘á»“ Äƒn táº¡i phÃ²ng thuáº­n tiá»‡n vÃ  nhanh chÃ³ng. TÃ´i khÃ¡ thÃ­ch khÃ¡ch sáº¡n nÃ y"
