Title,Price,Rating,Address,Img_URL,Description,Rank_of_province,Link_Food
The Pizza Company,-1,-1,"11 Sư Vạn Hạnh TTTM Vạn Hạnh Mall: Phường 12, Quận 10, Thành phố Hồ Chí Minh 700000 Việt Nam",-1,99.000 ₫ - 699.000 ₫,,https://www.tripadvisor.com.vn/Restaurant_Review-g293925-d23067467-Reviews-The_Pizza_Company-Ho_Chi_Minh_City.html
Bamidon Sài Gòn,-1,-1,"58/14 Phạm Ngọc Thạch Phường 6, Quận 3, Thành phố Hồ Chí Minh 700000 Việt Nam",-1,"Bữa sáng, Bữa trưa, Bữa tối",,https://www.tripadvisor.com.vn/Restaurant_Review-g293925-d18544397-Reviews-Bamidon_Sai_Gon-Ho_Chi_Minh_City.html
Sữa Tươi Thốt Nốt Rim Đậu Rồng,-1,-1,"61 Đào Duy Từ, Phường 5, Quận 10, Thành phố Hồ Chí Minh 70000 Việt Nam",-1,"Bữa sáng, Bữa trưa, Bữa tối, Đồ uống",,https://www.tripadvisor.com.vn/Restaurant_Review-g293925-d21022126-Reviews-Sua_Tuoi_Thot_Not_Rim_Dau_Rong-Ho_Chi_Minh_City.html
Eat My Sausage,-1,-1,"56F Nguyễn Thị Thập Phường Bình Thuận, Quận 7, Thành phố Hồ Chí Minh 700000 Việt Nam",https://media-cdn.tripadvisor.com/media/photo-s/1b/b4/1e/5a/we-have-german-sausages.jpg,"Bữa trưa, Bữa tối, Đồ uống",,https://www.tripadvisor.com.vn/Restaurant_Review-g293925-d21183932-Reviews-Eat_My_Sausage-Ho_Chi_Minh_City.html
Yuhua - Taiwanese Buffet Hotpot,-1,-1,"291B, Lê Văn Sỹ Phường 1, Quận Tân Bình, Thành phố Hồ Chí Minh Việt Nam",-1,"Kiểu Á, Cửa hàng thức ăn ngon, Tốt cho sức khỏe, Kiểu Đài Loan",,https://www.tripadvisor.com.vn/Restaurant_Review-g293925-d24174353-Reviews-Yuhua_Taiwanese_Buffet_Hotpot-Ho_Chi_Minh_City.html
Quán Cà Phê Số,-1,-1,"119 Đường Số 3, Cư Xá Lữ Gia, Phường 15, Quận 11, Thành phố Hồ Chí Minh Việt Nam",-1,"Bữa sáng, Bữa trưa, Bữa tối",,https://www.tripadvisor.com.vn/Restaurant_Review-g293925-d12362323-Reviews-Coffee_So-Ho_Chi_Minh_City.html
Bun Bo O Ha 136 Pho Quang,-1,-1,"136 Pho Quang, Ward 9, Phu Nhuan District, Thành phố Hồ Chí Minh Việt Nam",https://media-cdn.tripadvisor.com/media/photo-s/29/5a/29/0a/the-bistro-has-outdoor.jpg,"Giao hàng, Bữa ăn tự chọn, Chỗ ngồi, Bãi đỗ xe đường phố, Lối vào ra cho xe lăn, Thanh toán điện tử, Wifi miễn phí, Dịch vụ mua hàng trực tiếp trên xe, Phong cách gia đình",,https://www.tripadvisor.com.vn/Restaurant_Review-g293925-d26101071-Reviews-Bun_Bo_O_Ha_136_Pho_Quang-Ho_Chi_Minh_City.html
Cô Giang Quán - Beer Garden,-1,-1,"27 Đường số 17 Phường An Phú, Quận 2, Thành phố Hồ Chí Minh 700000 Việt Nam",https://media-cdn.tripadvisor.com/media/photo-p/1a/8c/b6/5b/kebab-in-hcmcity-price.jpg,250 ₫ - 350 ₫,,https://www.tripadvisor.com.vn/Restaurant_Review-g293925-d17414685-Reviews-Co_Giang_Quan_Beer_Garden-Ho_Chi_Minh_City.html
Cơm Niêu Thiên Lý - Tạ Hiện,-1,-1,"27 Tạ Hiện, P.Thạnh Mỹ Lợi, Q.2, TP.Thủ Đức, Thành phố Hồ Chí Minh Việt Nam",-1,"Kiểu Á, Bản địa",,https://www.tripadvisor.com.vn/Restaurant_Review-g293925-d26342209-Reviews-Com_Nieu_Thien_Ly_T_Hi_n-Ho_Chi_Minh_City.html
The Street,-1,-1,"37 Mạc Đĩnh Chi, Đa Kao, Quận 1, Thành phố Hồ Chí Minh 700000 Việt Nam",-1,"Kiểu Á, Cửa hàng thức ăn ngon, Bản địa",,https://www.tripadvisor.com.vn/Restaurant_Review-g293925-d26471707-Reviews-The_Street-Ho_Chi_Minh_City.html
Deeps,-1,-1,"33 Le Anh Xuan, District 1 Rooftop, Thành phố Hồ Chí Minh 700000 Việt Nam",-1,"Quầy bar, Quốc tế, Quán rượu, Quán bar phục vụ đồ ăn, Nhà hàng bia",,https://www.tripadvisor.com.vn/Restaurant_Review-g293925-d18922214-Reviews-Deeps-Ho_Chi_Minh_City.html
Reverie Saigon,-1,-1,"Level B1 & 1, Times Square Building, 22-36 Nguyen, Thành phố Hồ Chí Minh Việt Nam",-1,Kiểu Ý,,https://www.tripadvisor.com.vn/Restaurant_Review-g293925-d25063052-Reviews-Reverie_Saigon-Ho_Chi_Minh_City.html
Gạch Ống Food & Beer,-1,-1,"11 Đ. Nguyễn Văn Bá, Phước Long B, Thủ Đức Thành phố Hồ Chí Minh, Thành phố Hồ Chí Minh 700000 Việt Nam",-1,"Kiểu Việt, Nhà hàng bia",,https://www.tripadvisor.com.vn/Restaurant_Review-g293925-d24995426-Reviews-G_ch_ng_Food_Beer-Ho_Chi_Minh_City.html
Roti Mojo,-1,-1,"16 ( S7-1) St. No. 6, Hung Vuong/R13 Tan Phong, Ward, Quận 7, Thành phố Hồ Chí Minh, Thành phố Hồ Chí Minh 700000 Việt Nam",https://media-cdn.tripadvisor.com/media/photo-s/29/bc/c2/c5/dine-in-space.jpg,"Bữa trưa, Bữa tối, Bữa nửa buổi, Đồ uống",,https://www.tripadvisor.com.vn/Restaurant_Review-g293925-d26317726-Reviews-Roti_Mojo-Ho_Chi_Minh_City.html
Sakura Shokudo,-1,-1,"34 Nguyễn Công Trứ Phường 19, Bình Thạnh, Thành phố Hồ Chí Minh 700000 Việt Nam",-1,"Kiểu Nhật, Đồ nướng, Kiểu Á",,https://www.tripadvisor.com.vn/Restaurant_Review-g293925-d16820750-Reviews-Sakura_Shokudo-Ho_Chi_Minh_City.html
Nhà @151DongKhoi,-1,-1,"151/6 Đồng Khởi, Q.1 Level 2, left staircase of Artarcade, Thành phố Hồ Chí Minh 700000 Việt Nam",https://media-cdn.tripadvisor.com/media/photo-p/0b/b8/c1/90/getlstd-property-photo.jpg,95.238 ₫ - 190.476 ₫,,https://www.tripadvisor.com.vn/Restaurant_Review-g293925-d10778342-Reviews-Nha_151DongKhoi-Ho_Chi_Minh_City.html
Kebab House,-1,-1,"31 đường số 47 Thao Dien, Thành phố Hồ Chí Minh 70000 Việt Nam",https://media-cdn.tripadvisor.com/media/photo-s/1b/84/28/a0/kebab.jpg,"Bữa sáng, Bữa trưa, Bữa tối, Bữa nửa buổi, Đêm muộn, Đồ uống",,https://www.tripadvisor.com.vn/Restaurant_Review-g293925-d21051798-Reviews-Kebab_House-Ho_Chi_Minh_City.html
8A Coffee,-1,-1,"F8A Le Duc Tho Ward 17 Go Vap District, Thành phố Hồ Chí Minh 70000 Việt Nam",-1,Cà phê,,https://www.tripadvisor.com.vn/Restaurant_Review-g293925-d5031039-Reviews-8A_Coffee-Ho_Chi_Minh_City.html
AQ Yakitori,-1,-1,"18 Bis Cộng Hòa, Phường 4, Quận Tân Bình, Thành phố Hồ Chí Minh Việt Nam",-1,"Kiểu Á, Kiểu Hàn Quốc, Kiểu Bữa tối, Phong cách ẩm thực Fusion Nhật Bản",,https://www.tripadvisor.com.vn/Restaurant_Review-g293925-d26345026-Reviews-AQ_Yakitori-Ho_Chi_Minh_City.html
W&A Bistro,-1,-1,"12-14-16 Cao Bá Quát Khách sạn Nhật Hạ 3, Bến Nghé, Quận 1, Thành phố Hồ Chí Minh 700000 Việt Nam",https://media-cdn.tripadvisor.com/media/photo-p/1b/07/29/23/logo.jpg,"Bữa sáng, Bữa trưa, Bữa tối, Bữa nửa buổi, Đồ uống",,https://www.tripadvisor.com.vn/Restaurant_Review-g293925-d19393117-Reviews-W_A_Bistro-Ho_Chi_Minh_City.html
Ccomaya Kids Cafe,-1,-1,"101-107 Khu Phố Mỹ Hào, Thành phố Hồ Chí Minh Việt Nam",https://media-cdn.tripadvisor.com/media/photo-s/28/78/41/6a/play.jpg,"Giao hàng, Đặt chỗ, Ngồi ngoài trời, Ăn tối phòng riêng, Chỗ ngồi, Có bãi đỗ xe, Bãi đỗ xe có vé, Phục vụ đồ uống có cồn, Rượu và bia, Thanh toán điện tử, Wifi miễn phí, Chấp nhận thẻ tín dụng, Dịch vụ bàn, Sân chơi, Phong cách gia đình",,https://www.tripadvisor.com.vn/Restaurant_Review-g293925-d25355131-Reviews-Ccomaya_Kids_Cafe-Ho_Chi_Minh_City.html
Gà Nướng Ò Ó O,-1,-1,"50/25 Quang Trung P.10, Q.Gò Vấp, Thành phố Hồ Chí Minh Việt Nam",-1,50.000 ₫ - 175.000 ₫,,https://www.tripadvisor.com.vn/Restaurant_Review-g293925-d13073124-Reviews-Ga_Nuong_O_O_O-Ho_Chi_Minh_City.html
Quán Nướng Cô Lệ,-1,-1,"198 Bùi Viện Phường Phạm Ngũ Lão, Quận 1, Thành phố Hồ Chí Minh 700000 Việt Nam",-1,Kiểu Việt,,https://www.tripadvisor.com.vn/Restaurant_Review-g293925-d17120012-Reviews-Quan_Nuong_Co_Le-Ho_Chi_Minh_City.html
Sushi World Tân Sơn Nhất,-1,-1,"202 Hoàng Văn Thụ Phú Nhuận, Thành phố Hồ Chí Minh 700000 Việt Nam",-1,250.000 ₫ - 500.000 ₫,,https://www.tripadvisor.com.vn/Restaurant_Review-g293925-d15850710-Reviews-Sushi_World_Tan_Son_Nhat-Ho_Chi_Minh_City.html
Twelve - Cơm Gà Hải Nam Singapore,-1,-1,"12C2 Đường số 45 Phường 6, Quận 4, Thành phố Hồ Chí Minh 700000 Việt Nam",https://media-cdn.tripadvisor.com/media/photo-s/16/05/ec/32/twelve-com-ga-hai-nam.jpg,"Bữa sáng, Bữa trưa, Bữa tối, Bữa nửa buổi, Đồ uống",,https://www.tripadvisor.com.vn/Restaurant_Review-g293925-d15670917-Reviews-Twelve_Com_Ga_Hai_Nam_Singapore-Ho_Chi_Minh_City.html
204 Pho Bo,-1,-1,"204 Huyen Nam Dat P4 Q5 off An Dong Vuong St, Thành phố Hồ Chí Minh 70000 Việt Nam",-1,Kiểu Việt,,https://www.tripadvisor.com.vn/Restaurant_Review-g293925-d3143344-Reviews-204_Pho_Bo-Ho_Chi_Minh_City.html
Bốc Food & Beer Garden,-1,-1,"100 Ung Văn Khiêm Phường 25, Bình Thạnh, Thành phố Hồ Chí Minh 700000 Việt Nam",https://media-cdn.tripadvisor.com/media/photo-s/18/96/c8/4b/getlstd-property-photo.jpg,50.000 ₫ - 400.000 ₫,,https://www.tripadvisor.com.vn/Restaurant_Review-g293925-d17822411-Reviews-Boc_Food_Beer_Garden-Ho_Chi_Minh_City.html
Sky Times,-1,-1,"123 Vo Van Tan Street, Ward 6, District 3, Thành phố Hồ Chí Minh 70000 Việt Nam",-1,Kiểu Việt,,https://www.tripadvisor.com.vn/Restaurant_Review-g293925-d3836281-Reviews-Sky_Times-Ho_Chi_Minh_City.html
Annie Cookie Store,-1,-1,"06 Le Van Mien, Thao Đien, quan 2, Thành phố Hồ Chí Minh 71107 Việt Nam",https://media-cdn.tripadvisor.com/media/photo-s/1c/d7/4e/33/annie-cookie-store-love.jpg,"Bữa sáng, Bữa trưa, Bữa tối",,https://www.tripadvisor.com.vn/Restaurant_Review-g293925-d21332361-Reviews-Annie_Cookie_Store-Ho_Chi_Minh_City.html
Ngư Long Quán,-1,-1,"187 Ngô Quyền Lái Thiêu, Thuan An 820000 Việt Nam",https://media-cdn.tripadvisor.com/media/photo-s/18/e2/98/1f/c-v-t-phap-ngam-ru-u.jpg,"Bữa trưa, Bữa tối, Đêm muộn, Đồ uống",,https://www.tripadvisor.com.vn/Restaurant_Review-g11981259-d17885931-Reviews-Ngu_Long_Quan-Thuan_An_Binh_Duong_Province.html
Lam Saigon,-1,-1,"12/19 Đào Duy Anh P9, Quận Phú Nhuận, Thành phố Hồ Chí Minh 70000 Việt Nam",-1,40.000 ₫ - 70.000 ₫,,https://www.tripadvisor.com.vn/Restaurant_Review-g293925-d20316181-Reviews-Lam_Saigon-Ho_Chi_Minh_City.html
Pure Potion Cafe,-1,-1,"PP8, Ba Vì Ward 5, D10, Thành phố Hồ Chí Minh 700000 Việt Nam",-1,20.000 ₫ - 38.000 ₫,,https://www.tripadvisor.com.vn/Restaurant_Review-g293925-d13083818-Reviews-Pure_Potion_Cafe-Ho_Chi_Minh_City.html
Inthe Mood,-1,-1,"151/2 Dong Khoi Level above L'usine Dong, Thành phố Hồ Chí Minh Việt Nam",-1,285.714 ₫ - 2.380.952 ₫,,https://www.tripadvisor.com.vn/Restaurant_Review-g293925-d17451345-Reviews-Inthe_Mood-Ho_Chi_Minh_City.html
Thi Quan,-1,-1,"50 46, Vo Van Tan, P6, Q3, Thành phố Hồ Chí Minh 70000 Việt Nam",-1,-1,,https://www.tripadvisor.com.vn/Restaurant_Review-g293925-d7139977-Reviews-Thi_Quan-Ho_Chi_Minh_City.html
Italian House,-1,-1,"65 Xa lộ Hà Nội, Thảo Điền, Q2, Thành phố Hồ Chí Minh 70000 Việt Nam",-1,142.857 ₫ - 595.238 ₫,,https://www.tripadvisor.com.vn/Restaurant_Review-g293925-d8845554-Reviews-Italian_House-Ho_Chi_Minh_City.html
Bếp Thái Koh Yam - Bà Huyện Thanh Quan,-1,-1,"24 Bà Huyện Thanh Quan, Phường 6, Quận 3, Thành ph, Thành phố Hồ Chí Minh Việt Nam",-1,Kiểu Thái,,https://www.tripadvisor.com.vn/Restaurant_Review-g293925-d26101354-Reviews-B_p_Thai_Koh_Yam_Ba_Huy_n_Thanh_Quan-Ho_Chi_Minh_City.html
Bếp Lò - BBQ n'Bar,-1,-1,"Lầu 4, 13/1 Lê Thánh Tôn Phường Bến Nghé, Quận 1, Thành phố Hồ Chí Minh 700000 Việt Nam",https://media-cdn.tripadvisor.com/media/photo-s/16/9a/60/16/bbq-full-set-for-you.jpg,"Giao hàng, Cửa hàng bán thức ăn mang về, Đặt chỗ, Chỗ ngồi, Bãi đỗ xe đường phố, Phục vụ đồ uống có cồn, Wifi miễn phí, Chấp nhận thẻ tín dụng",,https://www.tripadvisor.com.vn/Restaurant_Review-g293925-d16724539-Reviews-Bep_Lo_BBQ_N_Bar-Ho_Chi_Minh_City.html
U bar Saigon,-1,-1,"50A Dang Dung St, Tan Dinh ward, District 1 Second floor, Thành phố Hồ Chí Minh Việt Nam",https://media-cdn.tripadvisor.com/media/photo-s/28/d8/16/d4/a-modern-bar-that-celebrates.jpg,"Có bãi đỗ xe, Có ghế ăn cho bé, Quầy bar đầy đủ, Chấp nhận thẻ Mastercard, Chấp nhận thẻ Visa, Chấp nhận thẻ tín dụng",,https://www.tripadvisor.com.vn/Restaurant_Review-g293925-d25449449-Reviews-U_bar_Saigon-Ho_Chi_Minh_City.html
Bò né Xíu mại Sài Gòn,-1,-1,"Lâm Văn Bền, Tân Kiểng, quận 7 62/61, Thành phố Hồ Chí Minh 700000 Việt Nam",-1,"Giao hàng, Cửa hàng bán thức ăn mang về, Ngồi ngoài trời, Chỗ ngồi, Có bãi đỗ xe, Thanh toán điện tử, Chỉ chấp nhận tiền mặt, Wifi miễn phí, Dịch vụ mua hàng trực tiếp trên xe",,https://www.tripadvisor.com.vn/Restaurant_Review-g293925-d25462476-Reviews-Bo_ne_Xiu_m_i_Sai_Gon-Ho_Chi_Minh_City.html
Nhà hàng Yoshino,-1,-1,"Khách sạn LOTTE Sài Gòn, Tầng G 2a-4a Tôn Đức Thắng, Bến Nghé, Quận 1, Thành phố Hồ Chí Minh 70000 Việt Nam",https://media-cdn.tripadvisor.com/media/photo-s/29/2a/02/a0/interior.jpg,"Bữa trưa, Bữa tối, Đồ uống",,https://www.tripadvisor.com.vn/Restaurant_Review-g293925-d25579511-Reviews-Nha_hang_Yoshino-Ho_Chi_Minh_City.html
Mộc Quán 78 - Cơm Gà Phú Yên,-1,-1,"860/60X/30 Xô Viết Nghệ Tĩnh Phường 25, Bình Thạnh, Thành phố Hồ Chí Minh 700000 Việt Nam",https://media-cdn.tripadvisor.com/media/photo-s/1b/00/25/14/com-ga-phu-yen-c-c-ngon.jpg,"Bữa trưa, Bữa tối, Bữa nửa buổi, Đồ uống",,https://www.tripadvisor.com.vn/Restaurant_Review-g293925-d19723190-Reviews-Moc_Quan_78_Com_Ga_Phu_Yen-Ho_Chi_Minh_City.html
Happy Thái Noodles,-1,-1,"19 Trần Ngọc Diện, P.Thảo Điền, TP.Thủ Đức, Thành phố Hồ Chí Minh Việt Nam",https://media-cdn.tripadvisor.com/media/photo-s/27/07/f1/c8/khong-gian-ngoai-tr-i.jpg,"Bữa trưa, Bữa tối, Đồ uống",,https://www.tripadvisor.com.vn/Restaurant_Review-g293925-d25166720-Reviews-Happy_Thai_Noodles-Ho_Chi_Minh_City.html
Hue Delights,-1,-1,"72 Đồng Khởi, Phường Bến Nghé, Quận 1, Thành phố Hồ Chí Minh 70000 Việt Nam",-1,Kiểu Á,,https://www.tripadvisor.com.vn/Restaurant_Review-g293925-d25314897-Reviews-Hue_Delights-Ho_Chi_Minh_City.html
Thanh's Kitchen,-1,-1,"Tran Dinh Xu 21/40a, Thành phố Hồ Chí Minh 700000 Việt Nam",https://media-cdn.tripadvisor.com/media/photo-s/28/73/5f/d8/our-beloved-customers.jpg,"Đặt chỗ, Ăn tối phòng riêng, Bãi đỗ xe đường phố, Rượu và bia, Chỉ chấp nhận tiền mặt, Wifi miễn phí, Đồ uống tự mang, Nhà hàng không hút thuốc",,https://www.tripadvisor.com.vn/Restaurant_Review-g293925-d25357583-Reviews-Thanh_s_Kitchen-Ho_Chi_Minh_City.html
Nhà hàng chay Liên Toả,-1,-1,"76E Phạm Viết Chánh, P.19. Q. Bình Thạnh, Thành phố Hồ Chí Minh Việt Nam",-1,"Kiểu Á, Kiểu Việt, Tốt cho sức khỏe",,https://www.tripadvisor.com.vn/Restaurant_Review-g293925-d26250636-Reviews-Nha_hang_chay_Lien_To-Ho_Chi_Minh_City.html
Berlin Canteen,-1,-1,"33 Le Duan, Thành phố Hồ Chí Minh 70000 Việt Nam",https://media-cdn.tripadvisor.com/media/photo-s/1d/86/e8/04/laugen-croissants.jpg,"Bữa trưa, Bữa tối",,https://www.tripadvisor.com.vn/Restaurant_Review-g293925-d23216043-Reviews-Berlin_Canteen-Ho_Chi_Minh_City.html
Místico Amelia,-1,-1,"17 Đ. Mai Chí Thọ, Phường Bình Khánh, Hồ Chí Minh, Thành phố Hồ Chí Minh Venice 2, Thành phố Hồ Chí Minh Việt Nam",https://media-cdn.tripadvisor.com/media/photo-s/29/d5/83/35/interior-design.jpg,"Giao hàng, Đặt chỗ, Ngồi ngoài trời, Ăn tối phòng riêng, Chỗ ngồi, Có bãi đỗ xe, Bãi đỗ xe đường phố, Có ghế ăn cho bé, Phục vụ đồ uống có cồn, Quầy bar đầy đủ, Chấp nhận thẻ American Express, Chấp nhận thẻ Mastercard, Chấp nhận thẻ Visa, Thanh toán điện tử, Wifi miễn phí, Chấp nhận thẻ tín dụng, Nhà hàng không hút thuốc",,https://www.tripadvisor.com.vn/Restaurant_Review-g293925-d26338706-Reviews-Mistico_Amelia-Ho_Chi_Minh_City.html
Mì Quảng Mỹ Sơn,-1,-1,"68 Song Hành An Phú, Quận 2, Thành phố Hồ Chí Minh 700000 Việt Nam",https://media-cdn.tripadvisor.com/media/photo-s/16/4d/47/61/mi-quang-my-son.jpg,Kiểu Việt,,https://www.tripadvisor.com.vn/Restaurant_Review-g293925-d15850683-Reviews-Mi_Quang_My_Son-Ho_Chi_Minh_City.html
Cơm Niêu Thiên Lý - Âu Cơ,-1,-1,"786 Âu Cơ, P.14, Q.Tân Bình, Thành phố Hồ Chí Minh Việt Nam",-1,"Kiểu Á, Bản địa",,https://www.tripadvisor.com.vn/Restaurant_Review-g293925-d26342280-Reviews-Com_Nieu_Thien_Ly_Au_Co-Ho_Chi_Minh_City.html
+359 Cafe,-1,-1,"809 Hoàng Sa, Ward 9, District 3, Thành phố Hồ Chí Minh 700000 Việt Nam",https://media-cdn.tripadvisor.com/media/photo-s/21/0e/9f/b7/beer-and-good-vibes.jpg,Kiểu Việt,,https://www.tripadvisor.com.vn/Restaurant_Review-g293925-d23716499-Reviews-359_Cafe-Ho_Chi_Minh_City.html
The Coffee X,-1,-1,"183 Vanh Dai Trong St Binh Tri Dong B, Binh Tan, Thành phố Hồ Chí Minh 70000 Việt Nam",https://media-cdn.tripadvisor.com/media/photo-s/11/cf/61/2f/getlstd-property-photo.jpg,"Bữa sáng, Bữa trưa, Bữa tối",,https://www.tripadvisor.com.vn/Restaurant_Review-g293925-d13399814-Reviews-The_Coffee_X-Ho_Chi_Minh_City.html
Bếp chay Liên Hoa,-1,-1,"344 Mã Lò, Bình Trị Đông, Bình Tân, Thành phố Hồ Chí Minh 700000 Việt Nam",-1,25.000 ₫ - 50.000 ₫,,https://www.tripadvisor.com.vn/Restaurant_Review-g293925-d21401926-Reviews-B_p_chay_Lien_Hoa-Ho_Chi_Minh_City.html
Han Wool,-1,-1,"R4 - 68 Hung Phuoc 2 Tan Phong Ward. Dist 7, Thành phố Hồ Chí Minh Việt Nam",-1,"Kiểu Á, Kiểu Hàn Quốc",,https://www.tripadvisor.com.vn/Restaurant_Review-g293925-d12656840-Reviews-Han_Wool-Ho_Chi_Minh_City.html
Self,-1,-1,"My Phu 2 #11, Thành phố Hồ Chí Minh 70000 Việt Nam",-1,"Kiểu Mexico, Kiểu Tây nam",,https://www.tripadvisor.com.vn/Restaurant_Review-g293925-d4688141-Reviews-Self-Ho_Chi_Minh_City.html
Banh Mi O Hue,-1,-1,"69 Dong Khoi Quan 1, Thành phố Hồ Chí Minh Việt Nam",-1,Kiểu Việt,,https://www.tripadvisor.com.vn/Restaurant_Review-g293925-d15588021-Reviews-Banh_Mi_O_Hue-Ho_Chi_Minh_City.html
Steiger - Bia 500 Năm Đậm Đặc Chất Thời Gian,-1,-1,"15 Tú Xương Phường 7, Quận 3, Thành phố Hồ Chí Minh 700000 Việt Nam",-1,79.000 ₫ - 500.000 ₫,,https://www.tripadvisor.com.vn/Restaurant_Review-g293925-d19354559-Reviews-Steiger_Bia_500_Nam_Dam_Dac_Chat_Thoi_Gian-Ho_Chi_Minh_City.html
Vintage Culture Bar,-1,-1,"39a, Co Bac, Cau Ong Lanh Ward, District 1, Thành phố Hồ Chí Minh 70000 Việt Nam",https://media-cdn.tripadvisor.com/media/photo-s/29/ab/19/3f/vinyl-dj-events-every.jpg,"Chấp nhận thẻ Visa, Chấp nhận thẻ tín dụng, Đặt chỗ, Ngồi ngoài trời, Phục vụ đồ uống có cồn, Quầy bar đầy đủ, Rượu và bia, Chấp nhận thẻ Mastercard, Wifi miễn phí",,https://www.tripadvisor.com.vn/Restaurant_Review-g293925-d25332477-Reviews-Vintage_Culture_Bar-Ho_Chi_Minh_City.html
Hallelujah,-1,-1,"1230 Phạm Văn Đồng Linh Tây, Thủ Đức, Thành phố Hồ Chí Minh 700000 Việt Nam",https://media-cdn.tripadvisor.com/media/photo-s/16/45/19/a7/berry-berry-cider-from.jpg,"Bữa sáng, Bữa trưa, Bữa tối",,https://www.tripadvisor.com.vn/Restaurant_Review-g293925-d15849907-Reviews-Hallelujah-Ho_Chi_Minh_City.html
Khè Zone,-1,-1,"01 Đồng Nai, Phường 15, Quận 10, Thành phố Hồ Chí Minh 700000 Việt Nam",https://media-cdn.tripadvisor.com/media/photo-p/1c/38/9a/1d/experience-the-new-model.jpg,"Bữa trưa, Bữa tối",,https://www.tripadvisor.com.vn/Restaurant_Review-g293925-d21298481-Reviews-Khe_Zone-Ho_Chi_Minh_City.html
Taco - Banh Mi - Doner Kebab,-1,-1,"80D Xuân Thủy Thảo Điền, Quận 2, Thành phố Hồ Chí Minh 700000 Việt Nam",-1,"Bữa sáng, Bữa trưa, Bữa tối",,https://www.tripadvisor.com.vn/Restaurant_Review-g293925-d14000498-Reviews-Taco_Banh_Mi_Doner_Kebab-Ho_Chi_Minh_City.html
CoCo,-1,-1,"Cua Dal St, Thành phố Hồ Chí Minh 70000 Việt Nam",-1,Kiểu Việt,,https://www.tripadvisor.com.vn/Restaurant_Review-g293925-d4793358-Reviews-CoCo-Ho_Chi_Minh_City.html
King BBQ Buffet Cach Mang Thang 8,-1,-1,"737 Cách Mạng Tháng Tám P.6, Q.Tân Bình, Thành phố Hồ Chí Minh Việt Nam",-1,"Bữa trưa, Bữa tối",,https://www.tripadvisor.com.vn/Restaurant_Review-g293925-d13076914-Reviews-King_BBQ_Buffet_Cach_Mang_Thang_8-Ho_Chi_Minh_City.html
Chuỗi Nhà Hàng Suối Tiên,-1,-1,"120 Xa Lộ Hà Nội Khu Du lịch Suối Tiên, Tân Phú, Quận 9, Thành phố Hồ Chí Minh 700000 Việt Nam",https://media-cdn.tripadvisor.com/media/photo-s/15/e5/ad/e6/getlstd-property-photo.jpg,30.000 ₫ - 200.000 ₫,,https://www.tripadvisor.com.vn/Restaurant_Review-g293925-d15682852-Reviews-Chuoi_Nha_Hang_Suoi_Tien-Ho_Chi_Minh_City.html
The Pizza Company,-1,-1,"Chung cư Phú Thọ Lô 4 - Khu B - Căn số 7, Lê Đại Hành, Phường 11, Quận 11, Thành phố Hồ Chí Minh Việt Nam",-1,99.000 ₫ - 699.000 ₫,,https://www.tripadvisor.com.vn/Restaurant_Review-g293925-d23129037-Reviews-The_Pizza_Company-Ho_Chi_Minh_City.html
Song Be Golf Restaurant,-1,-1,"77 Đại Lộ Bình Dương, Thuan An 75000 Việt Nam",-1,150 ₫ - 500 ₫,,https://www.tripadvisor.com.vn/Restaurant_Review-g11981259-d23092744-Reviews-Song_Be_Golf_Restaurant-Thuan_An_Binh_Duong_Province.html
Oshio Ẩm Thực Nhật Quán ‘s,-1,-1,"234e Nguyễn Văn Luông Phường 11, Quận 6, Thành phố Hồ Chí Minh 700000 Việt Nam",https://media-cdn.tripadvisor.com/media/photo-p/14/f0/34/94/oshio-quan-s-tokyo-m.jpg,"Kiểu Nhật, Đồ ăn nhanh, Sushi, Món kết hợp, Tốt cho sức khỏe",,https://www.tripadvisor.com.vn/Restaurant_Review-g293925-d15129533-Reviews-Oshio_Am_Thuc_Nhat_Quan_s-Ho_Chi_Minh_City.html
The Old Lady's Drinkery,-1,-1,"96 Quoc Huong, Thành phố Hồ Chí Minh Việt Nam",-1,"Cà phê, Quầy rượu vang",,https://www.tripadvisor.com.vn/Restaurant_Review-g293925-d23448323-Reviews-The_Old_Lady_s_Drinkery-Ho_Chi_Minh_City.html
Catina Chicken,-1,-1,"202 Cô Bắc Phường Cô Giang, Quận 1, Thành phố Hồ Chí Minh 710000 Việt Nam",https://media-cdn.tripadvisor.com/media/photo-s/1d/12/b5/8b/warm-place-to-have-the.jpg,"Kiểu Mỹ, Kiểu Á",,https://www.tripadvisor.com.vn/Restaurant_Review-g293925-d23428273-Reviews-Catina_Chicken-Ho_Chi_Minh_City.html
Rika's Bar,-1,-1,"15b/86 Le Thanh Ton, Ben Nghe Ward, District 1, Thành phố Hồ Chí Minh 700000 Việt Nam",-1,"Kiểu Nhật, Kiểu Việt",,https://www.tripadvisor.com.vn/Restaurant_Review-g293925-d21366526-Reviews-Rika_s_Bar-Ho_Chi_Minh_City.html
Quán Cơm Tấm Bà Há,-1,-1,"389 Hưng Phú Phường 9, Quận 8, Thành phố Hồ Chí Minh 700000 Việt Nam",https://media-cdn.tripadvisor.com/media/photo-s/1a/21/94/bb/preparation.jpg,Kiểu Việt,,https://www.tripadvisor.com.vn/Restaurant_Review-g293925-d19365116-Reviews-Quan_Com_Tam_Ba_Ha-Ho_Chi_Minh_City.html
Quán K'mon,-1,-1,"2 Hải Triều, Bến Nghé, Q. 1 Tầng 4 - Tầng Ăn Uống Tòa Nhà Bitexco Finacial, Thành phố Hồ Chí Minh Việt Nam",-1,"Bữa trưa, Bữa tối",,https://www.tripadvisor.com.vn/Restaurant_Review-g293925-d10797586-Reviews-K_Mon_Restaurant-Ho_Chi_Minh_City.html
Ulsan BBQ - Korean Restaurant,-1,-1,"11 Thái Văn Lung Phường Bến Nghé, Quận 1, Thành phố Hồ Chí Minh 700000 Việt Nam",-1,300.000 ₫ - 500.000 ₫,,https://www.tripadvisor.com.vn/Restaurant_Review-g293925-d16828397-Reviews-Ulsan_BBQ_Korean_Restaurant-Ho_Chi_Minh_City.html
Secrets Of Soho,-1,-1,"2-4-6 Đồng Khởi Quận 1, Thành phố Hồ Chí Minh 700000 Việt Nam",-1,200.000 ₫ - 1.000.000 ₫,,https://www.tripadvisor.com.vn/Restaurant_Review-g293925-d15142044-Reviews-Secrets_Of_Soho-Ho_Chi_Minh_City.html
Bếp Nhà Bà Xã,-1,-1,"324/1 điện biên phủ p11 q10, Thành phố Hồ Chí Minh 76000 Việt Nam",-1,50.000 ₫ - 200.000 ₫,,https://www.tripadvisor.com.vn/Restaurant_Review-g293925-d22911365-Reviews-B_p_Nha_Ba_Xa-Ho_Chi_Minh_City.html
Chy - Coffee & Smoothie,-1,-1,"225/11 Nguyen Dình Chieu, Thành phố Hồ Chí Minh 70000 Việt Nam",https://media-cdn.tripadvisor.com/media/photo-s/0c/45/99/c2/3-layers-milk-tea.jpg,15.000 ₫ - 30.000 ₫,,https://www.tripadvisor.com.vn/Restaurant_Review-g293925-d10383790-Reviews-Chy_Coffee_Smoothie-Ho_Chi_Minh_City.html
Natrix Club,-1,-1,"42 Đường Nam Kỳ Khởi Nghĩa, Phường 8, Quận 1, Thành phố Hồ Chí Minh 70000 Việt Nam",-1,"Quầy bar, Quán rượu, Quán bar phục vụ đồ ăn",,https://www.tripadvisor.com.vn/Restaurant_Review-g293925-d25090131-Reviews-Natrix_Club-Ho_Chi_Minh_City.html
HollyPolly Smoothie Bowl Bar,-1,-1,"Số 1 Xa lộ Hà Nội, Thảo Điền, Quận 2, Thành phố Hồ Chí Minh Việt Nam",-1,-1,,https://www.tripadvisor.com.vn/Restaurant_Review-g293925-d23756064-Reviews-HollyPolly_Smoothie_Bowl_Bar-Ho_Chi_Minh_City.html
Mập Coffee,-1,-1,"649 Huỳnh Tấn Phát Tân Thuận Đông, Quận 7, Thành phố Hồ Chí Minh 700000 Việt Nam",https://media-cdn.tripadvisor.com/media/photo-s/17/e1/4c/f3/my-favorite.jpg,"Bữa sáng, Bữa trưa, Bữa tối",,https://www.tripadvisor.com.vn/Restaurant_Review-g293925-d16817227-Reviews-Map_Coffee-Ho_Chi_Minh_City.html
Bún Chả Hàng Mành,-1,-1,"90 Hồ Tùng Mậu P.Bến Nghé, Quận 1, Thành phố Hồ Chí Minh 700000 Việt Nam",-1,-1,,https://www.tripadvisor.com.vn/Restaurant_Review-g293925-d19899763-Reviews-Bun_Cha_Hang_Manh-Ho_Chi_Minh_City.html
Leresto - Món Pháp Giá Việt,-1,-1,"357 - 359 Hoang Sa Phường Tân Định, Quận 1, Thành phố Hồ Chí Minh 70000 Việt Nam",https://media-cdn.tripadvisor.com/media/photo-s/1b/73/6c/01/nha-ha-ng-leresto-mo.jpg,"Bữa sáng, Bữa trưa, Bữa tối",,https://www.tripadvisor.com.vn/Restaurant_Review-g293925-d19882072-Reviews-Leresto_Mon_Phap_Gia_Viet-Ho_Chi_Minh_City.html
Quán Nướng Bia Lu,-1,-1,"20 Trần Quôc Hoàng, Phường 4, Thành phố Hồ Chí Minh Việt Nam",-1,Kiểu Việt,,https://www.tripadvisor.com.vn/Restaurant_Review-g293925-d23006957-Reviews-Quan_Nuong_Bia_Lu-Ho_Chi_Minh_City.html
Cochinchine - Bánh Mì & Nước Ép,-1,-1,"5 Thảo Điền, P. Thảo Điền, Quận 2, Thành phố Hồ Chí Minh Việt Nam",-1,Món kết hợp,,https://www.tripadvisor.com.vn/Restaurant_Review-g293925-d23848980-Reviews-Cochinchine_Banh_Mi_Nu_c_Ep-Ho_Chi_Minh_City.html
CƠM NIÊU THIÊN LÝ - THUẬN KIỀU,-1,-1,"77 - 79 Thuận Kiều, Phường 4, Quận 11, Thành phố Hồ Chí Minh Việt Nam",-1,Kiểu Á,,https://www.tripadvisor.com.vn/Restaurant_Review-g293925-d26345123-Reviews-COM_NIEU_THIEN_LY_THU_N_KI_U-Ho_Chi_Minh_City.html
Midway Pub,-1,-1,"Toà Imperia Block A, Phường An Phú, quận 2, Thành phố Hồ Chí Minh Việt Nam",https://media-cdn.tripadvisor.com/media/photo-s/1b/f6/01/b3/midway-pub-in-district.jpg,71.429 ₫ - 357.143 ₫,,https://www.tripadvisor.com.vn/Restaurant_Review-g293925-d21201068-Reviews-Midway_Pub-Ho_Chi_Minh_City.html
Chạng Vạng Rooftop Trần Não,-1,-1,"43/15 Đường 38, Phường Bình An, Quận 2, Thành phố Hồ Chí Minh Việt Nam",https://media-cdn.tripadvisor.com/media/photo-s/2a/26/9d/35/very-chill-river-view.jpg,"Ngồi ngoài trời, Chỗ ngồi, Có bãi đỗ xe, Bãi đỗ xe có vé, Đỗ xe có người coi, Rượu và bia, Chấp nhận thẻ American Express, Chấp nhận thẻ Mastercard, Chấp nhận thẻ Visa, Thanh toán điện tử, Wifi miễn phí, Chấp nhận thẻ Discover, Chấp nhận thẻ tín dụng",,https://www.tripadvisor.com.vn/Restaurant_Review-g293925-d26434255-Reviews-Ch_ng_V_ng_Rooftop_Tr_n_Nao-Ho_Chi_Minh_City.html
Shinsekai Sushi,-1,-1,"208 Nguyễn Hữu Cảnh SH 06, Park 5 Vinhomes Central Park, P. 22, Quận Bình Thạnh Landmark 81, Thành phố Hồ Chí Minh 700000 Việt Nam",https://media-cdn.tripadvisor.com/media/photo-s/25/a8/87/38/chi-nhanh-11-hoa-phu.jpg,"Bữa sáng, Bữa trưa, Bữa tối, Bữa nửa buổi, Đồ uống",,https://www.tripadvisor.com.vn/Restaurant_Review-g293925-d20310003-Reviews-Shinsekai_Sushi-Ho_Chi_Minh_City.html
Hong Kong Restaurant,-1,-1,"116A Nguyễn Hữu Thọ Phước Kiển, Nhà Bè, Thành phố Hồ Chí Minh 700000 Việt Nam",https://media-cdn.tripadvisor.com/media/photo-s/14/25/36/36/getlstd-property-photo.jpg,71.429 ₫ - 2.357.143 ₫,,https://www.tripadvisor.com.vn/Restaurant_Review-g293925-d15016814-Reviews-Hong_Kong_Restaurant-Ho_Chi_Minh_City.html
Luu's Kitchen,-1,-1,"108 Pham Viet Chanh, Binh Thanh, Thành phố Hồ Chí Minh Việt Nam",-1,50.000 ₫ - 150.000 ₫,,https://www.tripadvisor.com.vn/Restaurant_Review-g293925-d23035096-Reviews-Luu_s_Kitchen-Ho_Chi_Minh_City.html
Hangover Bar,-1,-1,"149 Tôn Thất Đạm, phường Bến Nghé, Quận 1, Thành phố Hồ Chí Minh Việt Nam",https://media-cdn.tripadvisor.com/media/photo-s/29/ad/9a/e0/2.jpg,Kiểu Mexico,,https://www.tripadvisor.com.vn/Restaurant_Review-g293925-d26161538-Reviews-Hangover_Bar-Ho_Chi_Minh_City.html
Nhà hàng Biển Dương 1,-1,-1,"101 - 103 - 105 Nguyễn Tri Phương, Phường 7, Quận, Thành phố Hồ Chí Minh Việt Nam",-1,"Hải sản, Kiểu Á, Bản địa",,https://www.tripadvisor.com.vn/Restaurant_Review-g293925-d23964215-Reviews-Nha_hang_Bi_n_Duong_1-Ho_Chi_Minh_City.html
Mama Pho The Sun Avenue,-1,-1,"The Sun Avenue, Sav2, 28 Mai Chi Tho, District 2, Thành phố Hồ Chí Minh 700000 Việt Nam",https://media-cdn.tripadvisor.com/media/photo-s/23/90/40/72/indoor-space.jpg,"Bữa sáng, Bữa trưa, Bữa tối, Bữa nửa buổi",,https://www.tripadvisor.com.vn/Restaurant_Review-g293925-d24050547-Reviews-Mama_Pho_The_Sun_Avenue-Ho_Chi_Minh_City.html
"DAM DA QUAN - Hu Tiu Muc, Mi Quang, Banh Canh Gao",-1,-1,"436/38 Cách Mạng Tháng Tám Phường 11, Quận 3, Thành phố Hồ Chí Minh 70000 Việt Nam",https://media-cdn.tripadvisor.com/media/photo-s/17/82/8d/03/getlstd-property-photo.jpg,45.000 ₫ - 65.000 ₫,,https://www.tripadvisor.com.vn/Restaurant_Review-g293925-d17455249-Reviews-DAM_DA_QUAN_Hu_Tiu_Muc_Mi_Quang_Banh_Canh_Gao-Ho_Chi_Minh_City.html
Trang Non Rooftop,-1,-1,"302 Nguyen Van Dau, Ward 11,, Thành phố Hồ Chí Minh 70000 Việt Nam",-1,29.000 ₫ - 79.000 ₫,,https://www.tripadvisor.com.vn/Restaurant_Review-g293925-d21209895-Reviews-Trang_Non_Rooftop-Ho_Chi_Minh_City.html
Tiệm Bánh Mì An Nam,-1,-1,"12H1 Nguyễn Thị Minh Khai Đa Kao, Quận 1, Thành phố Hồ Chí Minh Việt Nam",https://media-cdn.tripadvisor.com/media/photo-s/1a/ff/09/33/name-card.jpg,"Bữa sáng, Bữa trưa",,https://www.tripadvisor.com.vn/Restaurant_Review-g293925-d20056618-Reviews-Banh_Mi_An_Nam-Ho_Chi_Minh_City.html
Vegandy,-1,-1,"380/3 Lê Văn Lương Phường Tân Hưng, Quận 7, Thành phố Hồ Chí Minh 700000 Việt Nam",-1,50.000 ₫ - 100.000 ₫,,https://www.tripadvisor.com.vn/Restaurant_Review-g293925-d14147258-Reviews-Vegandy-Ho_Chi_Minh_City.html
Bò 7 Núi,-1,-1,"542 Cây Trâm, P. 9, Q. Gò Vấp, Thành phố Hồ Chí Minh 700000 Việt Nam",https://media-cdn.tripadvisor.com/media/photo-s/09/e8/65/f4/sauteed-homemade-egg.jpg,"Cửa hàng bán thức ăn mang về, Ngồi ngoài trời, Chỗ ngồi, Có bãi đỗ xe, Bãi đỗ xe có vé, Tivi, Phục vụ đồ uống có cồn, Chỉ chấp nhận tiền mặt, Wifi miễn phí",,https://www.tripadvisor.com.vn/Restaurant_Review-g293925-d9606684-Reviews-Bo_7_Nui-Ho_Chi_Minh_City.html
Pound Coffee,-1,-1,"259 Phan Xích Long, Thành phố Hồ Chí Minh 700000 Việt Nam",-1,Cà phê,,https://www.tripadvisor.com.vn/Restaurant_Review-g293925-d5928515-Reviews-Pound_Coffee-Ho_Chi_Minh_City.html
Kimbap Corner,-1,-1,"4 Phạm Ngũ Lão District 1, Thành phố Hồ Chí Minh 700000 Việt Nam",https://media-cdn.tripadvisor.com/media/photo-s/0f/ac/2c/16/lovely-women-with-kimbap.jpg,"Bữa trưa, Bữa tối",,https://www.tripadvisor.com.vn/Restaurant_Review-g293925-d12399281-Reviews-Kimbap_Corner-Ho_Chi_Minh_City.html
Pin Up Bar,-1,-1,"227 Trần Hưng Đạo Phường Cô Giang, Quận 1, Thành phố Hồ Chí Minh 700000 Việt Nam",-1,100.000 ₫ - 250.000 ₫,,https://www.tripadvisor.com.vn/Restaurant_Review-g293925-d15326790-Reviews-Pin_Up_Bar-Ho_Chi_Minh_City.html
Tandoor Lé Thành Tôn,-1,-1,"17/10 Lê Thánh Tôn Street, Bến Nghé District 1, Thành phố Hồ Chí Minh 70000 Việt Nam",-1,"Giao hàng, Cửa hàng bán thức ăn mang về, Đặt chỗ, Bữa ăn tự chọn, Chỗ ngồi, Có ghế ăn cho bé, Lối vào ra cho xe lăn, Phục vụ đồ uống có cồn, Rượu và bia, Chấp nhận thẻ American Express, Chấp nhận thẻ Mastercard, Chấp nhận thẻ Visa, Wifi miễn phí, Chấp nhận thẻ tín dụng, Nhà hàng không hút thuốc",,https://www.tripadvisor.com.vn/Restaurant_Review-g293925-d26227718-Reviews-Tandoor_Le_Thanh_Ton-Ho_Chi_Minh_City.html
Beer Studio,-1,-1,"Sh11, Số 21 Võ Trường Toản, Thành phố Hồ Chí Minh Việt Nam",-1,"Đặt chỗ, Ngồi ngoài trời, Bữa ăn tự chọn, Chỗ ngồi, Có bãi đỗ xe, Bãi đỗ xe đường phố, Bãi đỗ xe có vé, Đỗ xe có người coi, Tivi, Lối vào ra cho xe lăn, Phục vụ đồ uống có cồn, Rượu và bia, Chấp nhận thẻ American Express, Chấp nhận thẻ Mastercard, Chấp nhận thẻ Visa, Thanh toán điện tử, Wifi miễn phí, Chấp nhận thẻ tín dụng, Nhạc sống, Cho phép chó, Phong cách gia đình",,https://www.tripadvisor.com.vn/Restaurant_Review-g293925-d26168597-Reviews-Beer_Studio-Ho_Chi_Minh_City.html
Bún Bò Số 9,-1,-1,"09 Nguyễn Thái Bình Phường Nguyễn Thái Bình, Quận 1, Thành phố Hồ Chí Minh 700000 Việt Nam",https://media-cdn.tripadvisor.com/media/photo-s/1a/20/a8/67/getlstd-property-photo.jpg,40.000 ₫ - 50.000 ₫,,https://www.tripadvisor.com.vn/Restaurant_Review-g293925-d19507075-Reviews-Bun_Bo_So_9-Ho_Chi_Minh_City.html
The Pizza Company,-1,-1,"310 -312 Quốc Lộ 50 Phường 6, Quận 8, Thành phố Hồ Chí Minh 70000 Việt Nam",-1,99.000 ₫ - 699.000 ₫,,https://www.tripadvisor.com.vn/Restaurant_Review-g293925-d23115468-Reviews-The_Pizza_Company-Ho_Chi_Minh_City.html
Fresh mix 73 Mạc Thị Bưởi Quận 1,-1,-1,"73 Mạc Thị Bưởi Phường Bến Nghé Quận 1 73 Mạc Thị Bưởi Phường Bến Nghé Quận 1, Thành phố Hồ Chí Minh Việt Nam",-1,"Hải sản, Kiểu Á, Cửa hàng thức ăn ngon, Kiểu Đông Âu, Kiểu Armenia, Bản địa",,https://www.tripadvisor.com.vn/Restaurant_Review-g293925-d25379281-Reviews-Fresh_mix_73_M_c_Th_Bu_i_Qu_n_1-Ho_Chi_Minh_City.html
Nhà Hàng Dì Mai,-1,-1,"T3-54, 101 Tôn Dật Tiên Crescent Mall Phase 2, Phường Tân Phú, Quận 7, Thành phố Hồ Chí Minh 700000 Việt Nam",https://media-cdn.tripadvisor.com/media/photo-s/1a/cb/86/1c/nha-hang-di-mai-crescent.jpg,"Bữa sáng, Bữa trưa, Bữa tối, Bữa nửa buổi, Đồ uống",,https://www.tripadvisor.com.vn/Restaurant_Review-g293925-d19935375-Reviews-Nha_hang_Di_Mai_Crescent_Mall-Ho_Chi_Minh_City.html
Twelve Hainanese Chicken Rice Singapore,-1,-1,"Apartment 207/3 Bui Vien Pham Ngu Lao District 1, Thành phố Hồ Chí Minh 00000 Việt Nam",https://media-cdn.tripadvisor.com/media/photo-s/25/71/76/a2/amazing-chill-out-place.jpg,"Kiểu Trung Quốc, Kiểu Á, Kiểu Việt, Kiểu Singapore",,https://www.tripadvisor.com.vn/Restaurant_Review-g293925-d24895000-Reviews-Twelve_Hainanese_Chicken_Rice_Singapore-Ho_Chi_Minh_City.html
Bún Riêu Nguyễn Cảnh Chân,-1,-1,"TK18/5 Đ. Nguyễn Cảnh Chân Phường Nguyễn Cư Trinh, Quận 1, Thành phố Hồ Chí Minh 70000 Việt Nam",-1,"Kiểu Á, Kiểu Việt, Thức ăn đường phố, Bản địa",,https://www.tripadvisor.com.vn/Restaurant_Review-g293925-d24983608-Reviews-Bun_Rieu_Nguy_n_C_nh_Chan-Ho_Chi_Minh_City.html
Dani Cajun,-1,-1,"47 Lê Văn Thiêm Phường Tân Phong, Quận 7, Thành phố Hồ Chí Minh 756600 Việt Nam",-1,"Giao hàng, Cửa hàng bán thức ăn mang về, Đặt chỗ, Bữa ăn tự chọn, Ăn tối phòng riêng, Chỗ ngồi, Bãi đỗ xe đường phố, Đỗ xe có người coi, Tivi, Có ghế ăn cho bé, Phục vụ đồ uống có cồn, Quầy bar đầy đủ, Rượu và bia, Chấp nhận thẻ Visa, Wifi miễn phí, Chấp nhận thẻ tín dụng, Dịch vụ bàn, Nhạc sống, Phong cách gia đình, Có thẻ quà tặng",,https://www.tripadvisor.com.vn/Restaurant_Review-g293925-d23464017-Reviews-Dani_Cajun-Ho_Chi_Minh_City.html
Công ty TNHH Nhà hàng Nam San F&B,-1,-1,"5-7-9 Nguyen Trung Truc, Thành phố Hồ Chí Minh Việt Nam",https://media-cdn.tripadvisor.com/media/photo-s/06/8c/f2/74/cong-ty-tnhh-nha-hang.jpg,Pizza,,https://www.tripadvisor.com.vn/Restaurant_Review-g293925-d7062905-Reviews-Cong_ty_TNHH_Nha_hang_Nam_San_F_B-Ho_Chi_Minh_City.html
Cơm Tấm Thuận Kiều,-1,-1,"54 Thuận Kiều Phường 4, Quận 11, Thành phố Hồ Chí Minh 700000 Việt Nam",https://media-cdn.tripadvisor.com/media/photo-s/16/b2/1c/fe/getlstd-property-photo.jpg,50.000 ₫ - 100.000 ₫,,https://www.tripadvisor.com.vn/Restaurant_Review-g293925-d16802858-Reviews-Com_Tam_Thuan_Kieu-Ho_Chi_Minh_City.html
Draft Wine Corner,-1,-1,"157/35 Hưng Phú Phường 8 quận 8, Thành phố Hồ Chí Minh 100000 Việt Nam",-1,"Quán rượu, Quầy rượu vang, Thức ăn đường phố, Quán bar phục vụ đồ ăn",,https://www.tripadvisor.com.vn/Restaurant_Review-g293925-d25306297-Reviews-Draft_Wine_Corner-Ho_Chi_Minh_City.html
Cafe Hem Pasteur,-1,-1,"63/18 Pasteur Street District 1 ., Thành phố Hồ Chí Minh 70000 Việt Nam",-1,Cà phê,,https://www.tripadvisor.com.vn/Restaurant_Review-g293925-d5566819-Reviews-Cafe_Hem_Pasteur-Ho_Chi_Minh_City.html
Ivegan Supershop Thaodien,-1,-1,"18 Trần Ngọc Diện, Thành phố Hồ Chí Minh Việt Nam",-1,"Giao hàng, Cửa hàng bán thức ăn mang về, Đặt chỗ, Ngồi ngoài trời, Chỗ ngồi, Có bãi đỗ xe, Chấp nhận thẻ Mastercard, Chấp nhận thẻ Visa, Wifi miễn phí, Chấp nhận thẻ tín dụng, Nhà hàng không hút thuốc",,https://www.tripadvisor.com.vn/Restaurant_Review-g293925-d26313608-Reviews-Ivegan_Supershop_Thaodien-Ho_Chi_Minh_City.html
M Sushi & Grill,-1,-1,"MM1 Trường Sơn Phường 15, Quận 10, Thành phố Hồ Chí Minh 73000 Việt Nam",https://media-cdn.tripadvisor.com/media/photo-p/1b/59/c2/6e/m-sushi-grill-logo.jpg,"Bữa sáng, Bữa trưa, Bữa tối, Đồ uống",,https://www.tripadvisor.com.vn/Restaurant_Review-g293925-d20866822-Reviews-M_Sushi_Grill-Ho_Chi_Minh_City.html
Hiền - Bánh Canh Cua 395,-1,-1,"395 Bùi Đình Tuý Phường 14, Bình Thạnh, Thành phố Hồ Chí Minh 700000 Việt Nam",-1,Kiểu Việt,,https://www.tripadvisor.com.vn/Restaurant_Review-g293925-d17121134-Reviews-Hien_Banh_Canh_Cua_395-Ho_Chi_Minh_City.html
Bánh cam Tứ Quý,-1,-1,"số 1 đường 22, p.Phuoc Long B, quận 9, HCM, Thành phố Hồ Chí Minh Việt Nam",-1,"Đồ ăn nhanh, Kiểu Á, Cửa hàng thức ăn ngon, Thức ăn đường phố",,https://www.tripadvisor.com.vn/Restaurant_Review-g293925-d21054626-Reviews-Banh_cam_Tu_Quy-Ho_Chi_Minh_City.html
King BBQ Buffet,-1,-1,"216 Võ Văn Ngân, Bình Thọ, Thủ Đức, Thành phố Hồ Chí Minh 700000 Việt Nam",-1,229.000 ₫ - 500.000 ₫,,https://www.tripadvisor.com.vn/Restaurant_Review-g293925-d21074142-Reviews-King_BBQ_Buffet-Ho_Chi_Minh_City.html
Emna Trà & Kàfe,-1,-1,"102/36 Cống Quỳnh, Thành phố Hồ Chí Minh 700000 Việt Nam",-1,"Cà phê, Món kết hợp, Kiểu Việt, Tốt cho sức khỏe",,https://www.tripadvisor.com.vn/Restaurant_Review-g293925-d23255264-Reviews-Emna_Tra_Kafe-Ho_Chi_Minh_City.html
San Fu Lou- MPlaza,-1,-1,"39 Le Duan, Ben Nghe Ward District 1 1B Ground floor MPlaza Shopping Center, Thành phố Hồ Chí Minh Việt Nam",-1,-1,,https://www.tripadvisor.com.vn/Restaurant_Review-g293925-d25623664-Reviews-San_Fu_Lou_MPlaza-Ho_Chi_Minh_City.html
Gà Nướng Ò Ó O,-1,-1,"110 Đinh Tiên Hoàng P.1, Q.Bình Thạnh, Thành phố Hồ Chí Minh Việt Nam",-1,50.000 ₫ - 175.000 ₫,,https://www.tripadvisor.com.vn/Restaurant_Review-g293925-d13009709-Reviews-Ga_Nuong_O_O_O-Ho_Chi_Minh_City.html
Zorro Café & Beer,-1,-1,"54 Nguyễn Thị Huỳnh, Phường 11, Quận Phú Nhuận, Thành phố Hồ Chí Minh 700000 Việt Nam",-1,"Quầy bar, Cà phê, Đồ ăn nhanh, Quán rượu, Kiểu Việt, Nhà hàng bia",,https://www.tripadvisor.com.vn/Restaurant_Review-g293925-d21275794-Reviews-Zorro_Cafe_Beer-Ho_Chi_Minh_City.html
Catina Chicken,-1,-1,"202 Cô Bắc Phường Cô Giang, Quận 1, Thành phố Hồ Chí Minh 710000 Việt Nam",-1,"Kiểu Mỹ, Kiểu Á",,https://www.tripadvisor.com.vn/Restaurant_Review-g293925-d23428281-Reviews-Catina_Chicken-Ho_Chi_Minh_City.html
Hương Vị Cafe,-1,-1,"42/20 Nguyễn Giản Thanh, Quận 10, Thành phố Hồ Chí Minh 70000 Việt Nam",https://media-cdn.tripadvisor.com/media/photo-s/1c/90/19/98/cafe-ngon.jpg,20.000 ₫ - 50.000 ₫,,https://www.tripadvisor.com.vn/Restaurant_Review-g293925-d23104728-Reviews-Huong_V_Cafe-Ho_Chi_Minh_City.html
Escapism Tea & Coffee,-1,-1,"511 - 513 Điện Biên Phủ, Quận Bình Thạnh Nguồn: http://www.foody.vn/ho-chi-minh/escapism-tea-coffee-dien-bien-phu, Thành phố Hồ Chí Minh 70000 Việt Nam",https://media-cdn.tripadvisor.com/media/photo-p/0a/ac/74/e8/live-music-everyday.jpg,40.000 ₫ - 200.000 ₫,,https://www.tripadvisor.com.vn/Restaurant_Review-g293925-d8845462-Reviews-Escapism_Tea_Coffee-Ho_Chi_Minh_City.html
Bào Ngư Nhất Phẩm,-1,-1,"172-174 Lê Lai, Bến Thành, Quận 1, Thành phố Hồ Chí Minh 70000 Việt Nam",https://media-cdn.tripadvisor.com/media/photo-s/26/8f/d7/e2/set-mennu-cho-2-ngu-i.jpg,"Hải sản, Kiểu Á, Tốt cho sức khỏe, Súp",,https://www.tripadvisor.com.vn/Restaurant_Review-g293925-d25070814-Reviews-Bao_Ngu_Nh_t_Ph_m-Ho_Chi_Minh_City.html
Cafe Se,-1,-1,"41 Nguyen Trai 4th Floor, Thành phố Hồ Chí Minh Việt Nam",-1,"Bãi đỗ xe đường phố, Rượu và bia, Chỉ chấp nhận tiền mặt, Wifi miễn phí",,https://www.tripadvisor.com.vn/Restaurant_Review-g293925-d26322761-Reviews-Cafe_Se-Ho_Chi_Minh_City.html
The Na’s Cafe & Kitchen,-1,-1,"208 Đường Nguyễn Hữu Cảnh Vinhomes Central Park, Park 3 - SH 11, Thành phố Hồ Chí Minh Việt Nam",https://media-cdn.tripadvisor.com/media/photo-p/11/e0/d9/3c/getlstd-property-photo.jpg,85.000 ₫ - 240.000 ₫,,https://www.tripadvisor.com.vn/Restaurant_Review-g293925-d13436344-Reviews-The_Na_s_Cafe_Kitchen-Ho_Chi_Minh_City.html
The Voice Lounge,-1,-1,"34 Ngo Thoi Nhiem,F.7 District 3, Thành phố Hồ Chí Minh 70000 Việt Nam",-1,Kiểu Việt,,https://www.tripadvisor.com.vn/Restaurant_Review-g293925-d4793300-Reviews-The_Voice_Lounge-Ho_Chi_Minh_City.html
Pigbear 's Kitchen,-1,-1,"118/1 Huỳnh Khương An f5 Gò Vấp, Thành phố Hồ Chí Minh 700000 Việt Nam",-1,"Cửa hàng thức ăn ngon, Bản địa",,https://www.tripadvisor.com.vn/Restaurant_Review-g293925-d25150723-Reviews-Pigbear_s_Kitchen-Ho_Chi_Minh_City.html
Nhà hàng Hoa Đăng,-1,-1,"339 Hai Bà Trưng, P8, Q.3, Thành phố Hồ Chí Minh Việt Nam",-1,"Bữa sáng, Bữa trưa, Bữa tối",,https://www.tripadvisor.com.vn/Restaurant_Review-g293925-d10795165-Reviews-Loving_Hut_Hoa_Dang_Restaurant-Ho_Chi_Minh_City.html
Quán Mì Cật,-1,-1,"62 Trương Định Phường Phạm Ngũ Lão, Quận 1, Thành phố Hồ Chí Minh 700000 Việt Nam",-1,Kiểu Việt,,https://www.tripadvisor.com.vn/Restaurant_Review-g293925-d15233241-Reviews-Quan_Mi_Cat-Ho_Chi_Minh_City.html
Piu Piu,-1,-1,"97 Hai Bà Trưng, Thành phố Hồ Chí Minh 70000 Việt Nam",-1,"Kiểu Thụy Sĩ, Đồ nướng, Kiểu Âu, Kiểu Á",,https://www.tripadvisor.com.vn/Restaurant_Review-g293925-d10475877-Reviews-Piu_Piu-Ho_Chi_Minh_City.html
New York Pizza,-1,-1,"6/22 Duong 65, Thao Dien 6/22, Thành phố Hồ Chí Minh Việt Nam",-1,"Kiểu Ý, Kiểu Mỹ, Pizza",,https://www.tripadvisor.com.vn/Restaurant_Review-g293925-d24976793-Reviews-New_York_Pizza-Ho_Chi_Minh_City.html
Heli Vegetarian Bistro,-1,-1,"Hoa Cúc, phường 7, quận Phú Nhuận 92 - 94, Thành phố Hồ Chí Minh 70000 Việt Nam",-1,"Giao hàng, Đặt chỗ, Ngồi ngoài trời, Ăn tối phòng riêng, Chỗ ngồi, Có bãi đỗ xe, Tivi, Phục vụ đồ uống có cồn, Quầy bar đầy đủ, Rượu và bia, Chấp nhận thẻ Mastercard, Chấp nhận thẻ Visa, Thanh toán điện tử, Chỉ chấp nhận tiền mặt, Wifi miễn phí, Chấp nhận thẻ tín dụng, Nhà hàng không hút thuốc",,https://www.tripadvisor.com.vn/Restaurant_Review-g293925-d26526208-Reviews-Heli_Vegetarian_Bistro-Ho_Chi_Minh_City.html
Nhà hàng Chả Cá Lã Vọng 2S,-1,-1,"816/1 Trường Sa Phường 14 Quận 3, Thành phố Hồ Chí Minh 700000 Việt Nam",https://media-cdn.tripadvisor.com/media/photo-s/10/b5/5c/71/getlstd-property-photo.jpg,"Bữa trưa, Bữa tối",,https://www.tripadvisor.com.vn/Restaurant_Review-g293925-d12913319-Reviews-Nha_hang_Cha_ca_La_Vong_2S-Ho_Chi_Minh_City.html
Phở Xoăn - Ẩm thực Phố Cổ,-1,-1,"42/6 Tôn Thất Thiệp, Bến Nghé, Thành phố Hồ Chí Minh Việt Nam",https://media-cdn.tripadvisor.com/media/photo-s/28/05/2e/aa/a-small-restaurant-that.jpg,"Cửa hàng thức ăn ngon, Kiểu Việt, Kiểu Bữa tối, Thức ăn đường phố, Bản địa",,https://www.tripadvisor.com.vn/Restaurant_Review-g293925-d25250482-Reviews-Ph_Xoan_m_th_c_Ph_C-Ho_Chi_Minh_City.html
Red T Cafe,-1,-1,"92 Nguyễn Ngọc Phương, Phường 19 Bình Thạnh, Thành phố Hồ Chí Minh 700000 Việt Nam",https://media-cdn.tripadvisor.com/media/photo-s/1c/0e/af/c1/red-t-cafe.jpg,"Bữa sáng, Bữa trưa, Bữa tối, Đồ uống",,https://www.tripadvisor.com.vn/Restaurant_Review-g293925-d21297974-Reviews-Red_T_Cafe-Ho_Chi_Minh_City.html
Osaka Tonkotsu Ramen,-1,-1,"64 Nguyễn Thời Trung, Thành phố Hồ Chí Minh 70000 Việt Nam",-1,"Kiểu Nhật, Kiểu Bữa tối",,https://www.tripadvisor.com.vn/Restaurant_Review-g293925-d12926186-Reviews-Osaka_Tonkotsu_Ramen-Ho_Chi_Minh_City.html
Boom Boom Burgers,-1,-1,"40 Bùi Viện Phường Phạm Ngũ Lão, Quận 1, Thành phố Hồ Chí Minh 700000 Việt Nam",-1,Đồ ăn nhanh,,https://www.tripadvisor.com.vn/Restaurant_Review-g293925-d9553343-Reviews-Boom_Boom_Burgers-Ho_Chi_Minh_City.html
Xiao Ban Soya Singapore,-1,-1,"2 Hai Trieu 3rd Floor, Bitexco Financial Tower, Ben Nghe ward, District 1, Thành phố Hồ Chí Minh 710095 Việt Nam",-1,26.000 ₫ - 52.000 ₫,,https://www.tripadvisor.com.vn/Restaurant_Review-g293925-d12596843-Reviews-Xiao_Ban_Soya_Singapore-Ho_Chi_Minh_City.html
Lavua Tiki House,-1,-1,"48-50 Ngô Tất Tố Phường 19, Bình Thạnh, Thành phố Hồ Chí Minh 700000 Việt Nam",-1,35 ₫ - 219 ₫,,https://www.tripadvisor.com.vn/Restaurant_Review-g293925-d16695431-Reviews-Lavua_Tiki_House-Ho_Chi_Minh_City.html
Shabu Shabu Shimizu,-1,-1,"2b1 Thái Văn Lung Bến Nghé, Quận 1, Thành phố Hồ Chí Minh 700000 Việt Nam",https://media-cdn.tripadvisor.com/media/photo-s/1a/87/4d/60/getlstd-property-photo.jpg,119.048 ₫ - 1.428.571 ₫,,https://www.tripadvisor.com.vn/Restaurant_Review-g293925-d19849766-Reviews-Shabu_Shabu_Shimizu-Ho_Chi_Minh_City.html
Nomad,-1,-1,"275-277 Pham Ngu Lao, Level 1 Quận 1, Thành phố Hồ Chí Minh 70000 Việt Nam",https://media-cdn.tripadvisor.com/media/photo-s/1c/e2/8f/22/the-calm-before-the-storm.jpg,"Bữa tối, Đêm muộn, Đồ uống",,https://www.tripadvisor.com.vn/Restaurant_Review-g293925-d21375764-Reviews-Nomad-Ho_Chi_Minh_City.html
Nhà hàng Lạc Thái - 481 Phan Văn Trị,-1,-1,"481 Phan Văn Trị, Thành phố Hồ Chí Minh Việt Nam",https://media-cdn.tripadvisor.com/media/photo-s/28/60/32/73/l-c-thai-go-v-p.jpg,"Kiểu Á, Kiểu Thái, Cửa hàng thức ăn ngon",,https://www.tripadvisor.com.vn/Restaurant_Review-g293925-d25350093-Reviews-Lac_Thai_Restaurant-Ho_Chi_Minh_City.html
ZenCafe,-1,-1,"921 Quang Trung Go Vap District, Thành phố Hồ Chí Minh Việt Nam",-1,12.000 ₫ - 25.000 ₫,,https://www.tripadvisor.com.vn/Restaurant_Review-g293925-d12699946-Reviews-ZenCafe-Ho_Chi_Minh_City.html
Bar Taopaipai,-1,-1,"8A/G10 Thái Văn Lung, phường, Thành phố Hồ Chí Minh Việt Nam",-1,"Quầy bar, Quán rượu",,https://www.tripadvisor.com.vn/Restaurant_Review-g293925-d25362847-Reviews-Bar_Taopaipai-Ho_Chi_Minh_City.html
Hoprizon Brewing Kitchen & Taproom,-1,-1,"16-18 Vo Thi Sau St, Tan Dinh Ward, District 1, Thành phố Hồ Chí Minh Việt Nam",-1,"Đặt chỗ, Ngồi ngoài trời, Có bãi đỗ xe, Có ghế ăn cho bé, Phục vụ đồ uống có cồn, Rượu và bia, Chấp nhận thẻ Mastercard, Chấp nhận thẻ Visa, Thanh toán điện tử, Chỉ chấp nhận tiền mặt, Wifi miễn phí, Chấp nhận thẻ tín dụng",,https://www.tripadvisor.com.vn/Restaurant_Review-g293925-d25332423-Reviews-Hoprizon_Brewing_Kitchen_Taproom-Ho_Chi_Minh_City.html
Truc' Café,-1,-1,"17 Bạch Đằng Cẩm Châu, Hội An 02353 Việt Nam",-1,Kiểu Việt,,https://www.tripadvisor.com.vn/Restaurant_Review-g298082-d25195573-Reviews-Truc_Cafe-Hoi_An_Quang_Nam_Province.html
bún tôm hải phòng,-1,-1,"161A Điện Biên Phủ Phường 15, Quận Bình Thạnh, Thành phố Hồ Chí Minh 700000 Việt Nam",-1,"Hải sản, Kiểu Việt",,https://www.tripadvisor.com.vn/Restaurant_Review-g293925-d20954068-Reviews-Bun_Tom_H_i_Phong-Ho_Chi_Minh_City.html
Nhà Hàng Chay Thăng Hoa,-1,-1,"450-452 Điện Biên Phủ, Phường 11, Quận 10, Thành phố Hồ Chí Minh 70000 Việt Nam",https://media-cdn.tripadvisor.com/media/photo-s/0f/0f/43/61/beautiful-scenery.jpg,40.000 ₫ - 75.000 ₫,,https://www.tripadvisor.com.vn/Restaurant_Review-g293925-d12342433-Reviews-Thang_Hoa_Chay_Vegan_Restaurant-Ho_Chi_Minh_City.html
Togarashi Sushi & BBQ,-1,-1,"18bis/10 Nguyễn Thị Minh Khai Đa Kao, Quận 1, Thành phố Hồ Chí Minh Việt Nam",-1,"Kiểu Nhật, Đồ nướng, Sushi",,https://www.tripadvisor.com.vn/Restaurant_Review-g293925-d13417250-Reviews-Togarashi_Sushi_BBQ-Ho_Chi_Minh_City.html
Vice The Top,-1,-1,"48 Cach Mang Thang 8, Ward 6, District 3 Floor 7th & 8th, Thành phố Hồ Chí Minh 70000 Việt Nam",https://media-cdn.tripadvisor.com/media/photo-s/1b/91/b8/4a/baked-new-zealand-mussels.jpg,"Bữa trưa, Bữa tối, Bữa nửa buổi, Đêm muộn, Đồ uống",,https://www.tripadvisor.com.vn/Restaurant_Review-g293925-d21126060-Reviews-Vice_The_Top-Ho_Chi_Minh_City.html
Hotpot Story,-1,-1,"16 Quang Trung Tầng trệt, Phường 10, quận Gò Vấp, Thành phố Hồ Chí Minh Việt Nam",-1,"Bữa trưa, Bữa tối",,https://www.tripadvisor.com.vn/Restaurant_Review-g293925-d13072987-Reviews-Hotpot_Story-Ho_Chi_Minh_City.html
TMT Coffee & Beer,-1,-1,"120 Sương Nguyệt Ánh Phường Bến Thành, Quận 1, Thành phố Hồ Chí Minh 700000 Việt Nam",-1,"Nhà hàng bán bia, Cà phê, Đồ ăn nhanh, Quán rượu, Thức ăn đường phố",,https://www.tripadvisor.com.vn/Restaurant_Review-g293925-d16754556-Reviews-TMT_Coffee_Beer-Ho_Chi_Minh_City.html
Gaga Hoho,-1,-1,"76A-76B Phạm Viết Chánh Phường 19, Bình Thạnh, Thành phố Hồ Chí Minh 700000 Việt Nam",-1,50 ₫ - 219 ₫,,https://www.tripadvisor.com.vn/Restaurant_Review-g293925-d18816115-Reviews-Gaga_Hoho-Ho_Chi_Minh_City.html
Sushi World Phùng Khắc Khoan,-1,-1,"37 Phùng Khắc Khoan Đa Kao, Quận 1, Thành phố Hồ Chí Minh 700000 Việt Nam",https://media-cdn.tripadvisor.com/media/photo-s/18/8c/2b/2c/sashimi-moriawase.jpg,"Bữa trưa, Bữa tối, Bữa nửa buổi, Đồ uống",,https://www.tripadvisor.com.vn/Restaurant_Review-g293925-d15850714-Reviews-Sushi_World_Phung_Khac_Khoan-Ho_Chi_Minh_City.html
TC Coffee,-1,-1,"2 bis Nam Quoc Cang st, Pham Ngu Lao ward, dist 1, Thành phố Hồ Chí Minh Việt Nam",-1,Kiểu Á,,https://www.tripadvisor.com.vn/Restaurant_Review-g293925-d2227679-Reviews-TC_Coffee-Ho_Chi_Minh_City.html
Sanité,-1,-1,"46 Trương Quốc Dung, Phường 10, Quận Phú Nhuận, Thành phố Hồ Chí Minh Việt Nam",-1,"Kiểu Nhật, Quốc tế, Kiểu Việt, Bản địa",,https://www.tripadvisor.com.vn/Restaurant_Review-g293925-d26544005-Reviews-Sanite-Ho_Chi_Minh_City.html
Lili's Hub,-1,-1,"21 Nguyễn Trung Ngạn, Thành phố Hồ Chí Minh 700000 Việt Nam",-1,71.429 ₫ - 476.190 ₫,,https://www.tripadvisor.com.vn/Restaurant_Review-g293925-d14062054-Reviews-Lili_s_Hub-Ho_Chi_Minh_City.html
Nhà Hang Hoang Ty,-1,-1,"106 Cao Thang, Phuong 4 Quan 3, Thành phố Hồ Chí Minh 700000 Việt Nam",-1,"Kiểu Á, Cửa hàng thức ăn ngon, Món kết hợp, Kiểu Việt, Kiểu Bữa tối",,https://www.tripadvisor.com.vn/Restaurant_Review-g293925-d19882401-Reviews-Nha_Hang_Hoang_Ty-Ho_Chi_Minh_City.html
P's Tasty Dessert,-1,-1,"762 Hồng Bàng, Phường 1, Quận 11, Thành phố Hồ Chí Minh Việt Nam",-1,60.000 ₫ - 750.000 ₫,,https://www.tripadvisor.com.vn/Restaurant_Review-g293925-d21279526-Reviews-P_s_Tasty_Dessert-Ho_Chi_Minh_City.html
Chicken Talk,-1,-1,"43 Hậu Giang Phường 2, Quận 6, Thành phố Hồ Chí Minh 700000 Việt Nam",https://media-cdn.tripadvisor.com/media/photo-p/13/bb/39/74/restaurant-logo.jpg,"Bữa trưa, Bữa tối, Bữa nửa buổi",,https://www.tripadvisor.com.vn/Restaurant_Review-g293925-d14794917-Reviews-Chicken_Talk-Ho_Chi_Minh_City.html
Dompéri Restaurant,-1,-1,"12/67 Nguyen Huu Canh, P19, Binh Thanh, Thành phố Hồ Chí Minh Việt Nam",https://media-cdn.tripadvisor.com/media/photo-s/26/43/d0/93/menu.jpg,"Chỗ ngồi, Có bãi đỗ xe, Bãi đỗ xe đường phố, Phục vụ đồ uống có cồn, Rượu và bia, Dịch vụ bàn, Ven bờ, Phong cách gia đình",,https://www.tripadvisor.com.vn/Restaurant_Review-g293925-d25022956-Reviews-Domperi_Restaurant-Ho_Chi_Minh_City.html
Dat Beer Club,-1,-1,"100 Trương Định Phường 9, Quận 3, Thành phố Hồ Chí Minh 70000 Việt Nam",-1,-1,,https://www.tripadvisor.com.vn/Restaurant_Review-g293925-d7844130-Reviews-Dat_Beer_Club-Ho_Chi_Minh_City.html
On Time Gastro Garden,-1,-1,"226-228 Đề Thám phường Phạm Ngũ Lão Quận 1, Thành phố Hồ Chí Minh Việt Nam",https://media-cdn.tripadvisor.com/media/photo-s/27/41/a1/56/khu-v-c-ben-trong-inside.jpg,"Hải sản, Kiểu Âu, Kiểu Á, Món kết hợp, Nhà hàng bia",,https://www.tripadvisor.com.vn/Restaurant_Review-g293925-d25189655-Reviews-On_Time_Gastro_Garden-Ho_Chi_Minh_City.html
The Bistro - Citypoint Hotel,-1,-1,"59 Pasteur, CityPoint hotel, Thành phố Hồ Chí Minh Việt Nam",-1,Quốc tế,,https://www.tripadvisor.com.vn/Restaurant_Review-g293925-d26518059-Reviews-The_Bistro_Citypoint_Hotel-Ho_Chi_Minh_City.html
Nhà Hàng Bên Sông,-1,-1,"Đường số 25 Số cũ 17/3 Kha Vạn Cân, Hiệp Bình Chánh, Thủ Đức, Thành phố Hồ Chí Minh 700000 Việt Nam",-1,Kiểu Việt,,https://www.tripadvisor.com.vn/Restaurant_Review-g293925-d15142144-Reviews-Nha_Hang_Ben_Song-Ho_Chi_Minh_City.html
Nhà Hàng Coffee House Ice Cream Steak House,-1,-1,"1B Ngô Văn Năm Phường Bến Nghé, Quận 1, Thành phố Hồ Chí Minh Việt Nam",-1,"Bữa nửa buổi, Đồ uống, Bữa sáng, Bữa trưa, Bữa tối",,https://www.tripadvisor.com.vn/Restaurant_Review-g293925-d12180942-Reviews-Coffee_House_Ice_Cream_Steak_House-Ho_Chi_Minh_City.html
Quán Nước Năm Hào,-1,-1,"08, Lô C, Chung cư Phạm Viết Chánh, Phường 19, Quận Bình Thạnh, Thành phố Hồ Chí Minh 700000 Việt Nam",-1,Kiểu Việt,,https://www.tripadvisor.com.vn/Restaurant_Review-g293925-d17157823-Reviews-Quan_Nuoc_Nam_Hao-Ho_Chi_Minh_City.html
Imokoi - Khoai Nướng Nhật,-1,-1,"56 Trương Định phường Bến Thành, Quận 1, Thành phố Hồ Chí Minh 70000 Việt Nam",-1,"Bữa trưa, Bữa tối",,https://www.tripadvisor.com.vn/Restaurant_Review-g293925-d23225472-Reviews-Imokoi_Khoai_Nu_ng_Nh_t-Ho_Chi_Minh_City.html
BBQ Xpress,-1,-1,"602/41E Điện Biên Phủ Phường 22, Bình Thạnh, Thành phố Hồ Chí Minh 700000 Việt Nam",https://media-cdn.tripadvisor.com/media/photo-p/18/f4/0a/a4/getlstd-property-photo.jpg,22.000 ₫ - 99.000 ₫,,https://www.tripadvisor.com.vn/Restaurant_Review-g293925-d18678255-Reviews-BBQ_Xpress-Ho_Chi_Minh_City.html
Aguo Izakaya,-1,-1,"33 Ton That Thiep Street, Ben Nghe Ward near Takayashimya, the heart of Saigon, Thành phố Hồ Chí Minh Việt Nam",-1,"Giao hàng, Đặt chỗ, Ăn tối phòng riêng, Chỗ ngồi, Có bãi đỗ xe, Phục vụ đồ uống có cồn, Rượu và bia, Chấp nhận thẻ Mastercard, Chấp nhận thẻ Visa, Thanh toán điện tử, Wifi miễn phí, Chấp nhận thẻ tín dụng",,https://www.tripadvisor.com.vn/Restaurant_Review-g293925-d25887060-Reviews-Aguo_Izakaya-Ho_Chi_Minh_City.html
Nhà Hàng Xoay,-1,-1,"12D Cách Mạng Tháng 8 Lầu 10, Phường Bến Thành, Quận 1, Thành phố Hồ Chí Minh 700000 Việt Nam",https://media-cdn.tripadvisor.com/media/photo-s/16/7b/e0/6e/new-zealand-grilled-t.jpg,"Bữa tối, Đêm muộn, Đồ uống",,https://www.tripadvisor.com.vn/Restaurant_Review-g293925-d15682982-Reviews-Xoay_Dining_Lounge-Ho_Chi_Minh_City.html
Avatar Beer Lounge,-1,-1,"86-88 Hàm Nghi phường Bến Nghé, Quận 1, Thành phố Hồ Chí Minh Việt Nam",-1,120.000 ₫ - 300.000 ₫,,https://www.tripadvisor.com.vn/Restaurant_Review-g293925-d12958185-Reviews-Avatar_Beer_Lounge-Ho_Chi_Minh_City.html
Quán Cà Phê Saigon80s.NhàMình,-1,-1,"9/8 Trương Quyền, Phường 6, Quận 3, Thành phố Hồ Chí Minh Việt Nam",-1,10.000 ₫ - 40.000 ₫,,https://www.tripadvisor.com.vn/Restaurant_Review-g293925-d12251030-Reviews-Saigon80s_NhaMinh-Ho_Chi_Minh_City.html
Nhà Hàng Dê Nướng Đá,-1,-1,"28 Nguyễn Cảnh Chân, Phường Cầu Kho, Quận 1, Thành phố Hồ Chí Minh Việt Nam",-1,40.000 ₫ - 300.000 ₫,,https://www.tripadvisor.com.vn/Restaurant_Review-g293925-d10801250-Reviews-De_Nuong_Da_Restaurant-Ho_Chi_Minh_City.html
Trảng Bàng Xưa Và Nay,-1,-1,"62K Nguyễn Thị Thập Bình Thuận, Quận 7, Thành phố Hồ Chí Minh 700000 Việt Nam",https://media-cdn.tripadvisor.com/media/photo-s/19/65/53/c5/banh-trang-tr-ng-bang.jpg,"Giao hàng, Đặt chỗ, Ăn tối phòng riêng, Chỗ ngồi, Đỗ xe có người coi, Wifi miễn phí, Chấp nhận thẻ tín dụng, Phong cách gia đình",,https://www.tripadvisor.com.vn/Restaurant_Review-g293925-d18978709-Reviews-Trang_Bang_Xua_Va_Nay-Ho_Chi_Minh_City.html
Hoàng Gà Nòi,-1,-1,"45/3 Đ. Trung Lân 4, Bà Điểm, Hóc Môn 45/3 Đ. Trung Lân 4, Bà Điểm, Hóc Môn, Thành phố Hồ Chí Minh, Việt Nam, Thành phố Hồ Chí Minh 71756 Việt Nam",-1,"Nhà hàng bán bia, Kiểu Á, Quán rượu, Món kết hợp, Kiểu Việt, Kiểu Bữa tối",,https://www.tripadvisor.com.vn/Restaurant_Review-g293925-d25427641-Reviews-Hoang_Ga_Noi-Ho_Chi_Minh_City.html
Iku Iku,-1,-1,"17 Ngô Thời Nhiệm, Phường 6, Quận 3, Thành phố Hồ Chí Minh Việt Nam",-1,Kiểu Nhật,,https://www.tripadvisor.com.vn/Restaurant_Review-g293925-d21375112-Reviews-Iku_Iku-Ho_Chi_Minh_City.html
The Munchbox,-1,-1,"20/12 Đinh Bộ Lĩnh, Phường 24, Quận Bình Thạnh, Thành phố Hồ Chí Minh 70000 Việt Nam",https://media-cdn.tripadvisor.com/media/photo-s/1c/f8/65/9e/fresh.jpg,60.000 ₫ - 130.000 ₫,,https://www.tripadvisor.com.vn/Restaurant_Review-g293925-d21065828-Reviews-The_Munchbox-Ho_Chi_Minh_City.html
Ốc Thư,-1,-1,"376 Trần Phú, Phường 7, Quận 5, Thành phố Hồ Chí Minh 70000 Việt Nam",https://media-cdn.tripadvisor.com/media/photo-s/1b/3b/8b/ae/ch-ca-thac-lac.jpg,"Bữa sáng, Bữa trưa, Bữa tối, Đêm muộn",,https://www.tripadvisor.com.vn/Restaurant_Review-g293925-d20329884-Reviews-Oc_Thu-Ho_Chi_Minh_City.html
Midori Ramen,-1,-1,"181 Nguyễn Trọng Tuyển phường 8, quận Phú Nhuận, Thành phố Hồ Chí Minh Việt Nam",-1,19.000 ₫ - 252.000 ₫,,https://www.tripadvisor.com.vn/Restaurant_Review-g293925-d13089862-Reviews-Midori_Ramen-Ho_Chi_Minh_City.html
Phở Hà,-1,-1,"45 thủ khoa huân phường bến thành, quận 1, Thành phố Hồ Chí Minh Việt Nam",-1,25 ₫ - 55 ₫,,https://www.tripadvisor.com.vn/Restaurant_Review-g293925-d13399711-Reviews-Pho_Ha-Ho_Chi_Minh_City.html
The Coastal Cali,-1,-1,"17 Mai Chi Tho, District 2, Thành phố Hồ Chí Minh 70000 Việt Nam",https://media-cdn.tripadvisor.com/media/photo-s/1c/bf/13/bb/a-place-to-check-out.jpg,90.000 ₫ - 190.000 ₫,,https://www.tripadvisor.com.vn/Restaurant_Review-g293925-d23234353-Reviews-The_Coastal_Cali-Ho_Chi_Minh_City.html
Kingsman Speakeasy Bar,-1,-1,"8 Đồng Khởi Lầu 2, Thành phố Hồ Chí Minh Việt Nam",-1,Kiểu Anh,,https://www.tripadvisor.com.vn/Restaurant_Review-g293925-d24984487-Reviews-Kingsman_Speakeasy_Bar-Ho_Chi_Minh_City.html
Nhà Hàng Aa,-1,-1,"608 Đường 3/2, Quận 10, Thành phố Hồ Chí Minh Việt Nam",-1,"Cà phê, Kiểu Thái, Cửa hàng thức ăn ngon",,https://www.tripadvisor.com.vn/Restaurant_Review-g293925-d23596050-Reviews-Nha_Hang_Aa-Ho_Chi_Minh_City.html
Maguro Studio,-1,-1,"19 Đông Du, Phường Bến Nghé, Quận 1, Thành phố Hồ Chí Minh Việt Nam",https://media-cdn.tripadvisor.com/media/photo-s/28/32/d3/53/blue-fin-tuna-cutting.jpg,"Kiểu Nhật, Phong cách ẩm thực Fusion Nhật Bản",,https://www.tripadvisor.com.vn/Restaurant_Review-g293925-d25152626-Reviews-Maguro_Studio-Ho_Chi_Minh_City.html
Pho Bich,-1,-1,"Nguyen Trai, Thành phố Hồ Chí Minh 70000 Việt Nam",-1,Kiểu Việt,,https://www.tripadvisor.com.vn/Restaurant_Review-g293925-d3588969-Reviews-Pho_Bich-Ho_Chi_Minh_City.html
JAJA Burger,-1,-1,"44 Xuân Thuỷ, Thảo Điền, Thành phố Hồ Chí Minh Việt Nam",-1,"Giao hàng, Cửa hàng bán thức ăn mang về",,https://www.tripadvisor.com.vn/Restaurant_Review-g293925-d26550964-Reviews-JAJA_Burger-Ho_Chi_Minh_City.html
Bún Bò Hoàng Kim - Tôn Thất Đạm,-1,-1,"119 Tôn Thất Đạm, Thành phố Hồ Chí Minh 700000 Việt Nam",https://media-cdn.tripadvisor.com/media/photo-s/27/68/1f/30/the-frontof-restaurant.jpg,Kiểu Việt,,https://www.tripadvisor.com.vn/Restaurant_Review-g293925-d25194289-Reviews-Bun_Bo_Hoang_Kim_Ton_Th_t_D_m-Ho_Chi_Minh_City.html
The Pizza Company,-1,-1,"101 Nguyễn Đức Cảnh, Thành phố Hồ Chí Minh 70000 Việt Nam",-1,99.000 ₫ - 699.000 ₫,,https://www.tripadvisor.com.vn/Restaurant_Review-g293925-d23081943-Reviews-The_Pizza_Company-Ho_Chi_Minh_City.html
Ủ bar,-1,-1,"50A Đặng Dung st, Tân Định ward, District 1, Thành phố Hồ Chí Minh Việt Nam",-1,"Đặt chỗ, Có bãi đỗ xe, Có ghế ăn cho bé, Quầy bar đầy đủ, Chấp nhận thẻ Mastercard, Chấp nhận thẻ Visa, Wifi miễn phí, Chấp nhận thẻ tín dụng",,https://www.tripadvisor.com.vn/Restaurant_Review-g293925-d25448315-Reviews-Bar-Ho_Chi_Minh_City.html
Cali Bánh Mì,-1,-1,"309 Main Street District 1, Thành phố Hồ Chí Minh 70000 Việt Nam",-1,"Bữa trưa, Bữa tối",,https://www.tripadvisor.com.vn/Restaurant_Review-g293925-d23274634-Reviews-Cali_Banh_Mi-Ho_Chi_Minh_City.html
Nhà hàng Âu Mars & Venus,-1,-1,"270B Võ Thị Sáu Quận 3, Thành phố Hồ Chí Minh 700000 Việt Nam",https://media-cdn.tripadvisor.com/media/photo-s/18/7a/98/fc/creamy-shrimp-soup.jpg,Bữa tối,,https://www.tripadvisor.com.vn/Restaurant_Review-g293925-d17779879-Reviews-Mars_Venus_Tomantic_dining-Ho_Chi_Minh_City.html
Mona Lisa Caffè & Bar,-1,-1,"142 Trần Não hường Bình An, Quận 2, Thành phố Hồ Chí Minh 70000 Việt Nam",-1,29.000 ₫ - 200.000 ₫,,https://www.tripadvisor.com.vn/Restaurant_Review-g293925-d20170974-Reviews-Mona_Lisa_Caffe_Bar-Ho_Chi_Minh_City.html
Phở 179,-1,-1,"179 Duong So 1, Phuong Binh Tri Dong, Thành phố Hồ Chí Minh Việt Nam",https://media-cdn.tripadvisor.com/media/photo-p/11/70/3d/58/pho-179.jpg,"Cửa hàng bán thức ăn mang về, Chỗ ngồi, Có bãi đỗ xe",,https://www.tripadvisor.com.vn/Restaurant_Review-g293925-d13200300-Reviews-Pho_179-Ho_Chi_Minh_City.html
The Rita House,-1,-1,"11a Lý Đạo Thành Phường 16, Quận 8, Thành phố Hồ Chí Minh 700000 Việt Nam",https://media-cdn.tripadvisor.com/media/photo-s/15/9e/01/1d/com-chien-bach-hoa-v.jpg,"Giao hàng, Cửa hàng bán thức ăn mang về, Ngồi ngoài trời, Bữa ăn tự chọn, Ăn tối phòng riêng, Chỗ ngồi, Có bãi đỗ xe, Bãi đỗ xe đường phố, Đỗ xe có người coi, Bãi đỗ xe tập trung miễn phí, Thanh toán điện tử, Wifi miễn phí, Chấp nhận thẻ tín dụng",,https://www.tripadvisor.com.vn/Restaurant_Review-g293925-d15292686-Reviews-The_Rita_House-Ho_Chi_Minh_City.html
Xôi Bát,-1,-1,"8 Hoàng Hoa Thám phường 7 quận Bình Thạnh, Thành phố Hồ Chí Minh Việt Nam",-1,"Giao hàng, Chỗ ngồi, Thanh toán điện tử, Chỉ chấp nhận tiền mặt, Wifi miễn phí",,https://www.tripadvisor.com.vn/Restaurant_Review-g293925-d26449697-Reviews-Xoi_Bat-Ho_Chi_Minh_City.html
Nhà hàng Lạc Thái - 48bis Xuân Thuỷ,-1,-1,"48bis Xuân Thuỷ, Thảo Điền, Thành phố Hồ Chí Minh 700000 Việt Nam",https://media-cdn.tripadvisor.com/media/photo-s/28/a5/23/da/nha-hang-thai-lan-48bis.jpg,"Hải sản, Kiểu Á, Kiểu Thái, Cửa hàng thức ăn ngon, Bản địa",,https://www.tripadvisor.com.vn/Restaurant_Review-g293925-d25347922-Reviews-Lac_Thai_Restaurant-Ho_Chi_Minh_City.html
Thanh Ẩm Đường,-1,-1,"36C Nguyễn Lâm Phường 6, Quận 10, Thành phố Hồ Chí Minh 700000 Việt Nam",https://media-cdn.tripadvisor.com/media/photo-s/13/bb/ca/b3/getlstd-property-photo.jpg,20.000 ₫ - 60.000 ₫,,https://www.tripadvisor.com.vn/Restaurant_Review-g293925-d14910800-Reviews-Thanh_Am_Duong-Ho_Chi_Minh_City.html
Lang Thang Rooftop,-1,-1,"240 Nguyễn Đình Chính, P11, Phú Nhuận Sân Thượng tần 7, 240 Nguyễn Đình Chính, P11, Phú Nhuận, Thành phố Hồ Chí Minh 70000 Việt Nam",-1,"Quầy bar, Cửa hàng thức ăn ngon, Quán rượu",,https://www.tripadvisor.com.vn/Restaurant_Review-g293925-d23448794-Reviews-Lang_Thang_Rooftop-Ho_Chi_Minh_City.html
MOJO Boutique Coffee,-1,-1,"Hẻm 2bis Nguyễn Thị Minh Khai, Bến Nghé, Quận 1, Thành phố Hồ Chí Minh 700000 Việt Nam",https://media-cdn.tripadvisor.com/media/photo-s/24/90/df/e5/tra-chi-u-tinh-t.jpg,"Cà phê, Kiểu Âu, Kiểu Anh, Món kết hợp",,https://www.tripadvisor.com.vn/Restaurant_Review-g293925-d24118437-Reviews-MOJO_Boutique_Coffee-Ho_Chi_Minh_City.html
Quán SÂM 409,-1,-1,"409/12 Nguyễn Trãi Phường 7, Quận 5, Thành phố Hồ Chí Minh 700000 Việt Nam",-1,Kiểu Trung Quốc,,https://www.tripadvisor.com.vn/Restaurant_Review-g293925-d20378481-Reviews-Quan_SAM_409-Ho_Chi_Minh_City.html
Âm Thực Chay Huệ Phát,-1,-1,"330 Lanh Binh Thang, Thành phố Hồ Chí Minh 743010 Việt Nam",-1,"Chỗ ngồi, Có bãi đỗ xe, Bãi đỗ xe đường phố, Thanh toán điện tử, Chỉ chấp nhận tiền mặt, Wifi miễn phí, Nhà hàng không hút thuốc, Có thẻ quà tặng",,https://www.tripadvisor.com.vn/Restaurant_Review-g293925-d26163973-Reviews-Am_Th_c_Chay_Hu_Phat-Ho_Chi_Minh_City.html
Milk Tea 2T,-1,-1,"75 Nguyễn Huệ Phường Long Hưng, Tân Châu, Thành phố Hồ Chí Minh 700000 Việt Nam",-1,-1,,https://www.tripadvisor.com.vn/Restaurant_Review-g293925-d19501729-Reviews-Milk_Tea_2T-Ho_Chi_Minh_City.html
Quán Ăn Gia Đình Tía Ơi,-1,-1,"28/25, Cư Xá Lữ Gia, Phường 15, Quận 11, Thành phố Hồ Chí Minh Việt Nam",-1,20 ₫ - 120 ₫,,https://www.tripadvisor.com.vn/Restaurant_Review-g293925-d10781942-Reviews-Papa_Family_Restaurant-Ho_Chi_Minh_City.html
Jatujak Retro Bar,-1,-1,"97 Lam Son, Ward 2, Tan Binh District, City., Thành phố Hồ Chí Minh 700000 Việt Nam",-1,Kiểu Thái,,https://www.tripadvisor.com.vn/Restaurant_Review-g293925-d25067884-Reviews-Jatujak_Retro_Bar-Ho_Chi_Minh_City.html
Cà phê Dirê,-1,-1,"173 Trần Huy Liệu, P.8, Q. Phú Nhuận, Thành phố Hồ Chí Minh 70000 Việt Nam",-1,20.000 ₫ - 150.000 ₫,,https://www.tripadvisor.com.vn/Restaurant_Review-g293925-d8591462-Reviews-Dire_Coffee_and_Indonesian_Food_Restaurant-Ho_Chi_Minh_City.html
Torro Cafe & Beer,-1,-1,"466 Tô Ngọc Vân Phường Tam Phú, Quận Thủ Đức, Thành phố Hồ Chí Minh 700000 Việt Nam",-1,20.000 ₫ - 100.000 ₫,,https://www.tripadvisor.com.vn/Restaurant_Review-g293925-d17637177-Reviews-Torro_Cafe_Beer-Ho_Chi_Minh_City.html
Hotpot Story Pearl Plaza,-1,-1,"561A Điện Biên Phủ L4-05 TTTM Pearl Plaza, P.25, Q. Bình Thạnh, Thành phố Hồ Chí Minh Việt Nam",-1,"Bữa trưa, Bữa tối",,https://www.tripadvisor.com.vn/Restaurant_Review-g293925-d13073011-Reviews-Hotpot_Story_Pearl_Plaza-Ho_Chi_Minh_City.html
Banh Mi 362,-1,-1,"Đường Nguyễn Hữu Thọ C2-1 Phu Hoang Anh building, Phuoc Kien ward, Thành phố Hồ Chí Minh 700000 Việt Nam",-1,"Bữa sáng, Bữa trưa, Bữa tối",,https://www.tripadvisor.com.vn/Restaurant_Review-g293925-d19466559-Reviews-Banh_Mi_362-Ho_Chi_Minh_City.html
The Pizza Company,-1,-1,"506-508 Nguyễn Thị Minh Khai Phường 2, Quận 3, Thành phố Hồ Chí Minh 70000 Việt Nam",-1,99.000 ₫ - 699.000 ₫,,https://www.tripadvisor.com.vn/Restaurant_Review-g293925-d23067454-Reviews-The_Pizza_Company-Ho_Chi_Minh_City.html
Saigon 1990 Beer & Coffee,-1,-1,"175 Đ. Hoàng Sa, Tân Định, Quận 1, Thành phố Hồ, Thành phố Hồ Chí Minh Việt Nam",-1,Kiểu Việt,,https://www.tripadvisor.com.vn/Restaurant_Review-g293925-d25390461-Reviews-Saigon_1990_Beer_Coffee-Ho_Chi_Minh_City.html
The Guys Cafe,-1,-1,"166 Tran Huy Lieu, P. 15 Quan Phu Nhuan, Thành phố Hồ Chí Minh 70000 Việt Nam",https://media-cdn.tripadvisor.com/media/photo-s/09/84/d9/a2/getlstd-property-photo.jpg,16 ₫ - 60 ₫,,https://www.tripadvisor.com.vn/Restaurant_Review-g293925-d8813641-Reviews-The_Guys_Cafe-Ho_Chi_Minh_City.html
Material Cafe Phó Đức Chính,-1,-1,"39 Phó Đức Chính Phường Nguyễn Thái Bình Quận 1, Thành phố Hồ Chí Minh 70000 Việt Nam",-1,50.000 ₫ - 500.000 ₫,,https://www.tripadvisor.com.vn/Restaurant_Review-g293925-d23025228-Reviews-Material_Cafe_Pho_D_c_Chinh-Ho_Chi_Minh_City.html
Hủ Tíu Nam Vang Thành Đạt,-1,-1,"239 Phạm Ngũ Lão, Phường Phạm Ngũ Lão, Quận 1, Thành phố Hồ Chí Minh 70000 Việt Nam",-1,"Hải sản, Kiểu Á, Cửa hàng thức ăn ngon, Súp, Kiểu Campuchia, Bản địa",,https://www.tripadvisor.com.vn/Restaurant_Review-g293925-d25562350-Reviews-H_Tiu_Nam_Vang_Thanh_D_t-Ho_Chi_Minh_City.html
Dodo Pizza Thong Nhat,-1,-1,"317 Thong Nhat, Ward 11, Go Vap District, HCMC, Thành phố Hồ Chí Minh Việt Nam",https://media-cdn.tripadvisor.com/media/photo-p/29/44/4d/3b/logo.jpg,"Giao hàng, Chỗ ngồi, Chấp nhận thẻ Mastercard, Chấp nhận thẻ Visa, Thanh toán điện tử, Wifi miễn phí, Chấp nhận thẻ tín dụng, Nhà hàng không hút thuốc",,https://www.tripadvisor.com.vn/Restaurant_Review-g293925-d25926924-Reviews-Dodo_Pizza_Thong_Nhat-Ho_Chi_Minh_City.html
Kem Đá Bào Nhật Bản Natsuko,-1,-1,"80 Xuân Diệu Ward 4, Tan Binh District, Thành phố Hồ Chí Minh 700000 Việt Nam",-1,"Bữa trưa, Bữa tối",,https://www.tripadvisor.com.vn/Restaurant_Review-g293925-d12319160-Reviews-Kem_Da_Bao_Nhat_Ban_Natsuko-Ho_Chi_Minh_City.html
Nhà Hàng Tiệc Cưới Tano 3,-1,-1,"54 Nguyễn Thị Thập Quận 7, Thành phố Hồ Chí Minh 700000 Việt Nam",-1,Hải sản,,https://www.tripadvisor.com.vn/Restaurant_Review-g293925-d14124292-Reviews-Tano_3_Restaurant-Ho_Chi_Minh_City.html
Street Vape,-1,-1,"17/1 Út Tịch. phường 14, Quận Tân Bình Tòa Nhà Street Box, Thành phố Hồ Chí Minh 70000 Việt Nam",-1,-1,,https://www.tripadvisor.com.vn/Restaurant_Review-g293925-d22911337-Reviews-Street_Vape-Ho_Chi_Minh_City.html
Only Natural,-1,-1,"2279/9 Huynh Tan Phat, KP7, Nha Be Town, Nha Be District, Thành phố Hồ Chí Minh 700000 Việt Nam",https://media-cdn.tripadvisor.com/media/photo-s/1c/58/59/ef/getlstd-property-photo.jpg,"Bữa trưa, Bữa tối",,https://www.tripadvisor.com.vn/Restaurant_Review-g293925-d21495251-Reviews-Only_Natural-Ho_Chi_Minh_City.html
Que Restaurant,-1,-1,"156/5 Nguyen Van Linh Dist 7, Thành phố Hồ Chí Minh 700000 Việt Nam",https://media-cdn.tripadvisor.com/media/photo-s/1c/0d/1d/a3/wow.jpg,30.000 ₫ - 150.000 ₫,,https://www.tripadvisor.com.vn/Restaurant_Review-g293925-d21291160-Reviews-Que_Restaurant-Ho_Chi_Minh_City.html
Crepe ice cream waffle,-1,-1,"7 Nguyen Thuong Hien, Thành phố Hồ Chí Minh 70000 Việt Nam",-1,-1,,https://www.tripadvisor.com.vn/Restaurant_Review-g293925-d6640881-Reviews-Crepe_ice_cream_waffle-Ho_Chi_Minh_City.html
Nem Hoa Phuong,-1,-1,"53 Thu Khoa Huan, Q1, Thành phố Hồ Chí Minh 70000 Việt Nam",-1,-1,,https://www.tripadvisor.com.vn/Restaurant_Review-g293925-d6168605-Reviews-Nem_Hoa_Phuong-Ho_Chi_Minh_City.html
The Pizza Company,-1,-1,"456A Tân Sơn Nhì 4, Thành phố Hồ Chí Minh 70000 Việt Nam",-1,99.000 ₫ - 699.000 ₫,,https://www.tripadvisor.com.vn/Restaurant_Review-g293925-d23081303-Reviews-The_Pizza_Company-Ho_Chi_Minh_City.html
MM Restobar,-1,-1,"12 Phan Kế Bính Thành phố Hồ Chí Minh, Thành phố Hồ Chí Minh 71007 Việt Nam",-1,"Nhà hàng bán bia, Quầy bar, Quốc tế, Quán rượu, Quầy rượu vang, Quán bar phục vụ đồ ăn",,https://www.tripadvisor.com.vn/Restaurant_Review-g293925-d25574509-Reviews-MM_Restobar-Ho_Chi_Minh_City.html
Lẩu Bò Sài Gòn-Go! An Lạc Q. Bình Tân,-1,-1,"GO! An Lạc, QL1A, Bình Tân, Thành phố Hồ Chí Minh Tầng trệt GO! An Lạc, Thành phố Hồ Chí Minh 700000 Việt Nam",-1,Bản địa,,https://www.tripadvisor.com.vn/Restaurant_Review-g293925-d24109303-Reviews-L_u_Bo_Sai_Gon_Go_An_L_c_Q_Binh_Tan-Ho_Chi_Minh_City.html
Đông Nguyên,-1,-1,"53 Hà Huy Tập Nam Long 2 Phường Tân Phong, Thành phố Hồ Chí Minh 700000 Việt Nam",-1,5.000 ₫ - 580.000 ₫,,https://www.tripadvisor.com.vn/Restaurant_Review-g293925-d23010771-Reviews-Dong_Nguyen-Ho_Chi_Minh_City.html
The Iron Ship,-1,-1,"144 Trường Sa Phường 15, Quận Bình Thạnh, Thành phố Hồ Chí Minh 700000 Việt Nam",-1,"Bữa sáng, Bữa trưa",,https://www.tripadvisor.com.vn/Restaurant_Review-g293925-d15708807-Reviews-The_Iron_Ship-Ho_Chi_Minh_City.html
Chuồng Cọp Craft Beer,-1,-1,"2 An Phú Quận 2, Thành phố Hồ Chí Minh 700000 Việt Nam",-1,"Quầy bar, Kiểu Âu, Quán rượu, Kiểu Việt",,https://www.tripadvisor.com.vn/Restaurant_Review-g293925-d14910650-Reviews-Chuong_Cop_Craft_Beer-Ho_Chi_Minh_City.html
"The IHUB - Craft Beer, Coffee & Ideas",-1,-1,"602/12 Điện Biên Phủ Phường 22, Bình Thạnh, Thành phố Hồ Chí Minh 700000 Việt Nam",-1,100.000 ₫ - 500.000 ₫,,https://www.tripadvisor.com.vn/Restaurant_Review-g293925-d18939694-Reviews-The_IHUB_Craft_Beer_Coffee_Ideas-Ho_Chi_Minh_City.html
Cơm Niêu Thiên Lý -Lạc Long Quân,-1,-1,"434 Lạc Long Quân, P.5, Q.11, Thành phố Hồ Chí Minh Việt Nam",-1,"Kiểu Á, Bản địa",,https://www.tripadvisor.com.vn/Restaurant_Review-g293925-d26342263-Reviews-Com_Nieu_Thien_Ly_L_c_Long_Quan-Ho_Chi_Minh_City.html
-1,-1,-1,-1,-1,-1,-1,https://www.tripadvisor.com.vn/Restaurant_Review-g293925-d25099819-Reviews-Saigon_Rooftop-Ho_Chi_Minh_City.html
Moonlight Cafe,-1,-1,"Ct Plaza, Thành phố Hồ Chí Minh Việt Nam",-1,Kiểu Việt,,https://www.tripadvisor.com.vn/Restaurant_Review-g293925-d2538509-Reviews-Moonlight_Cafe-Ho_Chi_Minh_City.html
Hủ Tiếu Nam Vang Quỳnh,-1,-1,"02, Đường Số 11, P. Thảo Điền, Quận 2, Thành phố Hồ Chí Minh 70000 Việt Nam",-1,50.000 ₫ - 105.000 ₫,,https://www.tripadvisor.com.vn/Restaurant_Review-g293925-d21278376-Reviews-Hu_Tieu_Nam_Vang_Quynh-Ho_Chi_Minh_City.html
Bếp Hẻm,-1,-1,"157/36 Nguyễn Gia Trí Đường D2 cũ, Phường 25, Bình Thạnh, Thành phố Hồ Chí Minh 700000 Việt Nam",https://media-cdn.tripadvisor.com/media/photo-s/19/4d/8d/9f/signature-dish.jpg,"Bữa trưa, Bữa tối",,https://www.tripadvisor.com.vn/Restaurant_Review-g293925-d18939719-Reviews-Hem_Kitchen-Ho_Chi_Minh_City.html
CHANH FOOD - Phở Bát Đá,-1,-1,"120 Huy Cận, Khu dân cư Gia Hoà, Quận 9, Thành phố Hồ Chí Minh 700000 Việt Nam",-1,"Cà phê, Bản địa",,https://www.tripadvisor.com.vn/Restaurant_Review-g293925-d25008619-Reviews-CHANH_FOOD_Ph_Bat_Da-Ho_Chi_Minh_City.html
Miến lươn 144,-1,-1,"144C Lý Chính Thắng, Phường 14, Quận 3, Thành phố Hồ Chí Minh 100000 Việt Nam",https://media-cdn.tripadvisor.com/media/photo-s/1b/9f/78/29/getlstd-property-photo.jpg,50.000 ₫ - 80.000 ₫,,https://www.tripadvisor.com.vn/Restaurant_Review-g293925-d21170210-Reviews-Mien_luon_144-Ho_Chi_Minh_City.html
Terminal Coffee,-1,-1,"10B Đường Tôn Đức Thắng P Bến Nghé, Quận 1, Thành phố Hồ Chí Minh 700000 Việt Nam",https://media-cdn.tripadvisor.com/media/photo-s/1b/35/58/83/river-flows-in-you.jpg,-1,,https://www.tripadvisor.com.vn/Restaurant_Review-g293925-d20316172-Reviews-Terminal_Coffee-Ho_Chi_Minh_City.html
Bánh Mì Bảy Quang,-1,-1,"09 Huỳnh Khương Ninh Đa Kao, Quận 1, Thành phố Hồ Chí Minh 700000 Việt Nam",-1,"Đồ ăn nhanh, Kiểu Á, Cửa hàng thức ăn ngon, Kiểu Việt, Thức ăn đường phố, Kiểu Campuchia",,https://www.tripadvisor.com.vn/Restaurant_Review-g293925-d15815257-Reviews-Banh_Mi_Bay_Quang-Ho_Chi_Minh_City.html
Banh Mi Chao Anh Map,-1,-1,"93-97 Mac Thi Buoi P.Ben Nghe Q.1, Thành phố Hồ Chí Minh Việt Nam",-1,Kiểu Việt,,https://www.tripadvisor.com.vn/Restaurant_Review-g293925-d26493936-Reviews-Banh_Mi_Chao_Anh_Map-Ho_Chi_Minh_City.html
Banh Mi Pate - PateDeli,-1,-1,"61 Phó Đức Chính Phường Nguyễn Thái Bình, Quận 1, Thành phố Hồ Chí Minh 70000 Việt Nam",-1,"Cà phê, Kiểu Á, Cửa hàng thức ăn ngon, Bản địa",,https://www.tripadvisor.com.vn/Restaurant_Review-g293925-d26024656-Reviews-Banh_Mi_Pate_PateDeli-Ho_Chi_Minh_City.html
Commas Sai Gon,-1,-1,"41 Nam Ky Khoi Nghia, Thành phố Hồ Chí Minh 70000 Việt Nam",-1,"Cajun & Creole, Quầy bar, Cà phê, Quán rượu, Kiểu Việt, Kiểu Bữa tối",,https://www.tripadvisor.com.vn/Restaurant_Review-g293925-d24110942-Reviews-Commas_Sai_Gon-Ho_Chi_Minh_City.html
Kebaby,-1,-1,"112 Phạm Viết Chánh, Bình Thạnh, Thành phố Hồ Chí Minh 901011 Việt Nam",-1,-1,,https://www.tripadvisor.com.vn/Restaurant_Review-g293925-d23196414-Reviews-Kebaby-Ho_Chi_Minh_City.html
Nhà hàng Vườn Sinh Thái Ven Sông,-1,-1,"147 Cây Bài, Phú Hoà Đông, Củ Chi, Thành phố Hồ Chí Minh 71600 Việt Nam",-1,"Nhà hàng bán bia, Hải sản, Quán rượu, Kiểu Việt, Tốt cho sức khỏe, Bản địa",,https://www.tripadvisor.com.vn/Restaurant_Review-g293925-d26528953-Reviews-Nha_hang_Vu_n_Sinh_Thai_Ven_Song-Ho_Chi_Minh_City.html
Chay Chơn Lạc,-1,-1,"154 Quốc Lộ 13 Phường 26, Bình Thạnh, Thành phố Hồ Chí Minh 700000 Việt Nam",-1,Kiểu Việt,,https://www.tripadvisor.com.vn/Restaurant_Review-g293925-d17121456-Reviews-Chay_Chon_Lac-Ho_Chi_Minh_City.html
Mk Kitchen & Bar,-1,-1,"320 Ben Van Don, Ward 2, Thành phố Hồ Chí Minh 70000 Việt Nam",-1,"Kiểu Âu, Kiểu Á, Kiểu Trung Âu",,https://www.tripadvisor.com.vn/Restaurant_Review-g293925-d25197981-Reviews-Mk_Kitchen_Bar-Ho_Chi_Minh_City.html
Bánh Tráng Deli,-1,-1,"730/7/5 Lê Đức Thọ Phường 15, Gò Vấp, Thành phố Hồ Chí Minh 700000 Việt Nam",-1,20 ₫ - 100 ₫,,https://www.tripadvisor.com.vn/Restaurant_Review-g293925-d15028839-Reviews-Banh_Trang_Deli-Ho_Chi_Minh_City.html
Chả Cá Hà Nội,-1,-1,"154 Nguyễn Đình Chính Phường 8, Phú Nhuận, Thành phố Hồ Chí Minh 700000 Việt Nam",-1,Kiểu Việt,,https://www.tripadvisor.com.vn/Restaurant_Review-g293925-d10725971-Reviews-Cha_Ca_Ha_Noi-Ho_Chi_Minh_City.html
Hà Nội Xịn,-1,"2,0 ","212 Đông Hưng Thuận 2, Đông Hưng Thuận, Quận 12 Thành phố Hồ Chí Minh, Vietnam, Thành phố Hồ Chí Minh Việt Nam",-1,Kiểu Việt,,https://www.tripadvisor.com.vn/Restaurant_Review-g293925-d25105409-Reviews-Ha_N_i_X_n-Ho_Chi_Minh_City.html
Cò Natural Deli,-1,-1,"35 Tôn Đức Thắng Tầng 1, Tòa nhà Sai Gon Trade Center, Quận 1, Thành phố Hồ Chí Minh 700000 Việt Nam",-1,10.000 ₫ - 35.000 ₫,,https://www.tripadvisor.com.vn/Restaurant_Review-g293925-d17395391-Reviews-Co_Natural_Deli-Ho_Chi_Minh_City.html
Bò Tơ Nhân Phát,-1,-1,"175B Cao Thắng, Phường 12, Quận 10, Thành phố Hồ Chí Minh 70000 Việt Nam",-1,Bản địa,,https://www.tripadvisor.com.vn/Restaurant_Review-g293925-d23914830-Reviews-Bo_To_Nhan_Phat-Ho_Chi_Minh_City.html
Vinbee Steak,-1,-1,"220/64 Nguyễn Oanh Gò Vấp, Thành phố Hồ Chí Minh 700000 Việt Nam",-1,"Kiểu Mỹ, Thịt nướng, Kiểu Úc",,https://www.tripadvisor.com.vn/Restaurant_Review-g293925-d19085759-Reviews-Vinbee_Steak-Ho_Chi_Minh_City.html
Moshi Sushi - Fusion Japanese Cuisine,-1,-1,"181/1 Đường 3/2, P.11, Q.10, Thành phố Hồ Chí Minh 70000 Việt Nam",-1,"Đồ ăn nhanh, Phong cách ẩm thực Fusion Nhật Bản",,https://www.tripadvisor.com.vn/Restaurant_Review-g293925-d25262765-Reviews-Moshi_Sushi_Fusion_Japanese_Cuisine-Ho_Chi_Minh_City.html
King Coffee,-1,-1,"20 Cộng Hòa, Thành phố Hồ Chí Minh 71000 Việt Nam",-1,19.000 ₫ - 150.000 ₫,,https://www.tripadvisor.com.vn/Restaurant_Review-g293925-d23087252-Reviews-King_Coffee-Ho_Chi_Minh_City.html
Pizza Italia,-1,-1,"26 Thu Khoa Huan 26 Thủ Khoa Huân, Thành phố Hồ Chí Minh 700000 Việt Nam",-1,Kiểu Ý,,https://www.tripadvisor.com.vn/Restaurant_Review-g293925-d14031161-Reviews-Pizza_Italia-Ho_Chi_Minh_City.html
Tộ Grillnbeer,-1,-1,"159/6 Hoàng Văn Thụ, Phường 8, Phú Nhuận, Thành phố Hồ Chí Minh Việt Nam",-1,"Cà phê, Hải sản, Kiểu Á, Cửa hàng thức ăn ngon, Bản địa",,https://www.tripadvisor.com.vn/Restaurant_Review-g293925-d25557576-Reviews-T_Grillnbeer-Ho_Chi_Minh_City.html
Jeon Sool Bab,-1,-1,"12 Tân Trào Phường Tân Phú, Quận 7, Thành phố Hồ Chí Minh 700000 Việt Nam",-1,80 ₫ - 980 ₫,,https://www.tripadvisor.com.vn/Restaurant_Review-g293925-d13437554-Reviews-Jeon_Sool_Bab-Ho_Chi_Minh_City.html
Le Steak - Nguyễn Công Trứ,-1,-1,"221 Nguyễn Công Trứ Phường Nguyễn Thái Bình, Thành phố Hồ Chí Minh 700000 Việt Nam",-1,95.238 ₫ - 476.190 ₫,,https://www.tripadvisor.com.vn/Restaurant_Review-g293925-d19881774-Reviews-Le_Steak-Ho_Chi_Minh_City.html
Chuuka Dining Nada,-1,-1,"8A/2B1 Thái Văn Lung Bến Nghé, Quận 1, Thành phố Hồ Chí Minh 700000 Việt Nam",-1,"Kiểu Trung Quốc, Kiểu Nhật",,https://www.tripadvisor.com.vn/Restaurant_Review-g293925-d19453673-Reviews-Chuuka_Dining_Nada-Ho_Chi_Minh_City.html
Bread & Butter HCM,-1,-1,"204B27 đường Nguyễn Văn Hưởng Quận 2, Thành phố Hồ Chí Minh Việt Nam",https://media-cdn.tripadvisor.com/media/photo-s/1c/e3/36/0b/bread-butter-hcm-sourdough.jpg,"Bữa sáng, Bữa trưa, Bữa tối, Bữa nửa buổi",,https://www.tripadvisor.com.vn/Restaurant_Review-g293925-d23329896-Reviews-Bread_Butter_HCM-Ho_Chi_Minh_City.html
The Living Room,-1,-1,"1 phùng khắc khoan, Thành phố Hồ Chí Minh Việt Nam",-1,"Kiểu Anh, Bản địa",,https://www.tripadvisor.com.vn/Restaurant_Review-g293925-d24984439-Reviews-The_Living_Room-Ho_Chi_Minh_City.html
Bizman Sky,-1,-1,"62 Trần Quang Khải, P. Tân Định, Q. 1 Tầng thượng tầng 14, tòa nhà IMC Tower, Thành phố Hồ Chí Minh 700000 Việt Nam",https://media-cdn.tripadvisor.com/media/photo-s/26/d2/ea/0c/indoor-space.jpg,"Đặt chỗ, Ngồi ngoài trời, Bãi đỗ xe có vé, Phục vụ đồ uống có cồn, Quầy bar đầy đủ, Rượu và bia, Thanh toán điện tử, Wifi miễn phí, Quán bar có nhạc jazz, Có thẻ quà tặng",,https://www.tripadvisor.com.vn/Restaurant_Review-g293925-d25105387-Reviews-Bizman_Sky-Ho_Chi_Minh_City.html
Gemmi Coffee,-1,-1,"193D3 Nam Ky Khoi Nghia St., District 3, Thành phố Hồ Chí Minh 8488 Việt Nam",https://media-cdn.tripadvisor.com/media/photo-s/04/9d/3c/13/getlstd-property-photo.jpg,Cà phê,,https://www.tripadvisor.com.vn/Restaurant_Review-g293925-d4985927-Reviews-Gemmi_Coffee-Ho_Chi_Minh_City.html
Sora Maki,-1,-1,"16A Đường 49B Thảo Điền, Quận 2, Thành phố Hồ Chí Minh 700000 Việt Nam",https://media-cdn.tripadvisor.com/media/photo-s/19/57/dc/1c/sora-maki.jpg,"Kiểu Nhật, Sushi",,https://www.tripadvisor.com.vn/Restaurant_Review-g293925-d18933403-Reviews-Sora_Maki-Ho_Chi_Minh_City.html
Bò Né Ngũ Vị,-1,-1,"12 Đường D5 Phường 25, Quận Bình Thạnh, Thành phố Hồ Chí Minh Việt Nam",-1,Kiểu Việt,,https://www.tripadvisor.com.vn/Restaurant_Review-g293925-d11915370-Reviews-Bo_Ne_Ngu_Vi-Ho_Chi_Minh_City.html
Cajun Crawfish SG Online,-1,-1,"15 Đỗ Tấn Phong, Phường 9, Phú Nhuận, Thành phố Hồ Chí Minh 70000 Việt Nam",-1,200.000 ₫ - 300.000 ₫,,https://www.tripadvisor.com.vn/Restaurant_Review-g293925-d20910902-Reviews-Cajun_Crawfish_SG_Online-Ho_Chi_Minh_City.html
Hoheto Japanese Restaurant,-1,-1,"44 Phạm Viết Chánh Phường 19, Bình Thạnh, Thành phố Hồ Chí Minh 70000 Việt Nam",-1,Kiểu Nhật,,https://www.tripadvisor.com.vn/Restaurant_Review-g293925-d17457904-Reviews-Hoheto_Japanese_Restaurant-Ho_Chi_Minh_City.html
The Pizza Company,-1,-1,"75/3 -75/4 Nguyễn Ảnh Thủ, Ấp Vạn Hạnh, Trung Mỹ Tây, Hóc Môn, Thành phố Hồ Chí Minh 70000 Việt Nam",-1,99.000 ₫ - 699.000 ₫,,https://www.tripadvisor.com.vn/Restaurant_Review-g293925-d23115465-Reviews-The_Pizza_Company-Ho_Chi_Minh_City.html
Toast Inn,-1,-1,"94A Nguyễn Đình Chiểu P. Đakao Q.1, Thành phố Hồ Chí Minh 70000 Việt Nam",-1,35 ₫ - 69 ₫,,https://www.tripadvisor.com.vn/Restaurant_Review-g293925-d8845592-Reviews-Toast_Inn-Ho_Chi_Minh_City.html
OZY Gourmet,-1,-1,"3 Nguyễn Lương Bằng Cửa sau Saigon Paragon, Thành phố Hồ Chí Minh 700000 Việt Nam",-1,Kiểu Việt,,https://www.tripadvisor.com.vn/Restaurant_Review-g293925-d14108891-Reviews-OZY_Gourmet-Ho_Chi_Minh_City.html
King BBQ Buffet Song Hành,-1,-1,"47 Song Hành phường An Phú, quận 2, Thành phố Hồ Chí Minh Việt Nam",-1,"Bữa trưa, Bữa tối",,https://www.tripadvisor.com.vn/Restaurant_Review-g293925-d13076841-Reviews-King_BBQ_Buffet_Song_Hanh-Ho_Chi_Minh_City.html
Bánh Mì Hội An,-1,-1,"38 Trần Hưng Đạo, Q.1, Thành phố Hồ Chí Minh 70000 Việt Nam",-1,-1,,https://www.tripadvisor.com.vn/Restaurant_Review-g293925-d8763609-Reviews-Hoi_An_Baguette-Ho_Chi_Minh_City.html
Nhà hàng Bonjour Resto' Nguyen Huy Tuong,-1,-1,"6/2 Nguyễn Huy Tưởng, phường 6, quận Bình Thạnh, Thành phố Hồ Chí Minh 700000 Việt Nam",https://media-cdn.tripadvisor.com/media/photo-s/1c/1a/bc/00/banner.jpg,"Bữa nửa buổi, Đồ uống, Bữa sáng, Bữa trưa, Bữa tối",,https://www.tripadvisor.com.vn/Restaurant_Review-g293925-d10189753-Reviews-Bonjour_Resto-Ho_Chi_Minh_City.html
The Lee Coffee,-1,-1,"478 Điện Biên Phủ Phường 11, Quận 10, Thành phố Hồ Chí Minh 700000 Việt Nam",-1,Cà phê,,https://www.tripadvisor.com.vn/Restaurant_Review-g293925-d15815465-Reviews-The_Lee_Coffee-Ho_Chi_Minh_City.html
El Baron - Whiskey & Cigar Lounge,-1,"5,0 ","42 Hưng Phước 4, Tân Phong, Quận 7, Thành phố Hồ Chí Minh 72906 Việt Nam",https://media-cdn.tripadvisor.com/media/photo-s/2a/21/35/ca/el-baron-whiskey-cigar.jpg,"El BARón là một trong những quán Pub đặc sắc nhất tại TP.HCM. Tại đây, bạn có thể tận hưởng những loại rượu vang nổi tiếng trên thế giới cùng với những loại thuốc lá đặc biệt. Ngoài ra, bạn cũng có thể thưởng thức...Thêm",#1.121 trên 3.734 nhà hàng ở Thành phố Hồ Chí Minh,https://www.tripadvisor.com.vn/Restaurant_Review-g293925-d26529725-Reviews-El_Baron_Whiskey_Cigar_Lounge-Ho_Chi_Minh_City.html
Black Chicken Hub,-1,-1,"43 Đô Quang Đâu, Thành phố Hồ Chí Minh Việt Nam",-1,"Kiểu Mỹ, Đồ nướng, Quán rượu, Kiểu Việt, Nhà hàng bia",,https://www.tripadvisor.com.vn/Restaurant_Review-g293925-d23261418-Reviews-Black_Chicken_Hub-Ho_Chi_Minh_City.html
Kvegetarian,-1,-1,"Hcm, Thành phố Hồ Chí Minh Việt Nam",-1,"Cà phê, Kiểu Á, Kiểu Hàn Quốc, Kiểu Việt, Kiểu Bữa tối",,https://www.tripadvisor.com.vn/Restaurant_Review-g293925-d21502205-Reviews-Kvegetarian-Ho_Chi_Minh_City.html
Yuhua - Taiwanese Hotpot Paradise,-1,-1,"63b, Hoàng Hoa Thám Phường 13, Quận Tân Bình, Thành phố Hồ Chí Minh Việt Nam",https://media-cdn.tripadvisor.com/media/photo-s/24/7c/fe/d5/ban-ti-c.jpg,"Đặt chỗ, Bữa ăn tự chọn, Chỗ ngồi, Có bãi đỗ xe, Đỗ xe có người coi, Bãi đỗ xe tập trung miễn phí, Thanh toán điện tử, Wifi miễn phí, Phong cách gia đình",,https://www.tripadvisor.com.vn/Restaurant_Review-g293925-d24147409-Reviews-Yuhua_Taiwanese_Hotpot_Paradise-Ho_Chi_Minh_City.html
Pillowtalk - Cocktail Bar,-1,-1,"24 Ho Tung Mau, Nguyen Thai Binh Ward, District 1 2nd Floor, Thành phố Hồ Chí Minh 700000 Việt Nam",https://media-cdn.tripadvisor.com/media/photo-p/2a/2e/a7/0a/5pm-2am-a-glimpse-into.jpg,"Đặt chỗ, Phục vụ đồ uống có cồn, Chấp nhận thẻ Mastercard, Chấp nhận thẻ Visa, Thanh toán điện tử, Chấp nhận thẻ tín dụng",,https://www.tripadvisor.com.vn/Restaurant_Review-g293925-d26521365-Reviews-Pillowtalk_Cocktail_Bar-Ho_Chi_Minh_City.html
Ẩm Thực Vợ Tôi,-1,-1,"404 Thống Nhất Phường 16, Quận Gò Vấp, Thành phố Hồ Chí Minh 70000 Việt Nam",https://media-cdn.tripadvisor.com/media/photo-s/0d/5d/2b/52/hong-kong-style-baked.jpg,"Giao hàng, Đặt chỗ, Ngồi ngoài trời, Chỗ ngồi, Có bãi đỗ xe, Đỗ xe có người coi, Tivi, Có ghế ăn cho bé, Lối vào ra cho xe lăn, Phục vụ đồ uống có cồn, Rượu và bia, Chấp nhận thẻ Mastercard, Chấp nhận thẻ Visa, Chỉ chấp nhận tiền mặt, Wifi miễn phí",,https://www.tripadvisor.com.vn/Restaurant_Review-g293925-d11669933-Reviews-Am_Thuc_Vo_Toi-Ho_Chi_Minh_City.html
Phổ Đình Uraetei,-1,-1,"965-967-969 Nguyễn Trãi Phường 14, Quận 5, Thành phố Hồ Chí Minh 700000 Việt Nam",-1,Kiểu Nhật,,https://www.tripadvisor.com.vn/Restaurant_Review-g293925-d19501806-Reviews-Pho_Dinh_Uraetei-Ho_Chi_Minh_City.html
Hi Lẩu Tôm,-1,-1,"172 Lâm Văn Bền Quận 7, Thành phố Hồ Chí Minh 700000 Việt Nam",https://media-cdn.tripadvisor.com/media/photo-s/0f/c2/d5/72/getlstd-property-photo.jpg,50.000 ₫ - 500.000 ₫,,https://www.tripadvisor.com.vn/Restaurant_Review-g293925-d12613703-Reviews-Hi_Lau_Tom-Ho_Chi_Minh_City.html
Bá Cháy Bù Chét,-1,-1,"66/6 Phạm Ngọc Thạch phường 6 Quận 3, Thành phố Hồ Chí Minh Việt Nam",https://media-cdn.tripadvisor.com/media/photo-s/25/53/a2/85/noodle-mix.jpg,"Cửa hàng thức ăn ngon, Kiểu Việt, Thức ăn đường phố, Bản địa",,https://www.tripadvisor.com.vn/Restaurant_Review-g293925-d24907837-Reviews-Ba_Chay_Bu_Chet-Ho_Chi_Minh_City.html
Com Tam Saigon,-1,-1,"873 Huynh Tan Phat Street, Thành phố Hồ Chí Minh 70000 Việt Nam",https://media-cdn.tripadvisor.com/media/photo-s/1b/5f/86/75/getlstd-property-photo.jpg,31.000 ₫ - 60.000 ₫,,https://www.tripadvisor.com.vn/Restaurant_Review-g293925-d20977573-Reviews-Com_Tam_Saigon-Ho_Chi_Minh_City.html
Themoon,-1,-1,"9 -10 Song Hành, Thành phố Hồ Chí Minh Việt Nam",-1,100.000 ₫ - 500.000 ₫,,https://www.tripadvisor.com.vn/Restaurant_Review-g293925-d21041336-Reviews-Themoon-Ho_Chi_Minh_City.html
Bột Craft Beers,-1,-1,"23 Nguyễn Hữu Cảnh, phường 22, quận Bình Thạnh, Thành phố Hồ Chí Minh 700000 Việt Nam",https://media-cdn.tripadvisor.com/media/photo-s/28/ff/4b/96/for-jopen-with-love-we.jpg,"Bữa tối, Đêm muộn, Đồ uống",,https://www.tripadvisor.com.vn/Restaurant_Review-g293925-d25448248-Reviews-B_t_Craft_Beers-Ho_Chi_Minh_City.html
Ăn Vặt Fresh Lemon,-1,-1,"182/25/3B Lê Văn Sỹ Phường 10, Quận Phú Nhuận, Thành phố Hồ Chí Minh 700000 Việt Nam",https://media-cdn.tripadvisor.com/media/photo-p/15/03/60/96/getlstd-property-photo.jpg,5.000 ₫ - 1.000.000 ₫,,https://www.tripadvisor.com.vn/Restaurant_Review-g293925-d15233388-Reviews-An_Vat_Fresh_Lemon-Ho_Chi_Minh_City.html
L'Usine Thiso,-1,-1,"10 Mai Chi Tho Thiso Mall (Thu Duc City), Thành phố Hồ Chí Minh 700000 Việt Nam",-1,-1,,https://www.tripadvisor.com.vn/Restaurant_Review-g293925-d26496989-Reviews-L_Usine_Thiso-Ho_Chi_Minh_City.html
Ăn Vặt Tini,-1,-1,"245/33C2 Xô Viết Nghệ Tĩnh, Phường 17 Quận Bình Thạnh, Thành phố Hồ Chí Minh 700000 Việt Nam",-1,Giao hàng,,https://www.tripadvisor.com.vn/Restaurant_Review-g293925-d23029838-Reviews-An_V_t_Tini-Ho_Chi_Minh_City.html
Muse- The Hidden Bar,-1,-1,"89/8 Hàm nghi, Phường Nguyễn Thái Bình Quận 1, Thành phố Hồ Chí Minh Việt Nam",-1,Bãi biển,,https://www.tripadvisor.com.vn/Restaurant_Review-g293925-d23293757-Reviews-Muse_The_Hidden_Bar-Ho_Chi_Minh_City.html
